{
  "content": [
    {
      "type": "text",
      "text": "# 2023 junior college football rankings\n\n}}\nThe 2023 junior college football rankings are conducted on a week-to-week basis and based on the NJCAA Division I, NJCAA Division III, and the 3C2A. The 3C2A poll is released by the Junior College Athletic Bureau's Fred Baer.\nLegend\n{| style=\"border:1px solid black;\"\n|-\n| style=\"background:#D8FFEB; width:20px; border:1px solid black;\" |\n| &nbsp;\n| Increase in ranking\n|-\n| style=\"background:#FFE6E6; width:20px; border:1px solid black;\" |\n| &nbsp;\n| Decrease in ranking\n|-\n| style=\"background:#FFFFE6; width:20px; border:1px solid black;\" |\n| &nbsp;\n| Not ranked previous week or no change\n|-\n| style=\"background:#9cf; width:20px; border:1px solid black;\"|\n| &nbsp;\n| Selected for playoffs\n|-\n|\n| &nbsp;\n| Win–loss record\n|-\n|\n| &nbsp;\n| Number of first place votes\n|-\n|\n|\n| Tied with team above or below also with this symbol\n|}\nNJCAA Division I poll\n|Week2Date = August 28\n|Week3Date = September 5\n|Week4Date = September 11\n|Week5Date = September 18\n|Week6Date = September 25\n|Week7Date = October 2\n|Week8Date = October 9\n|Week9Date = October 16\n|Week10Date= October 23\n|Week11Date= October 30\n|Week12Date= November 6\n|Week13Date= November 13\n|Week14Date= November 20\n|Week15Date= December 18\n|Week1-1   = Iowa Western\n|Week1-2   = Hutchinson\n|Week1-3   = Northwest Mississippi\n|Week1-4   = Snow\n|Week1-5   = Kilgore\n|Week1-6   = Jones (MS)\n|Week1-7   = Coffeyville\n|Week1-8   = East Mississippi\n|Week1-9   = Garden City\n|Week1-10  = Iowa Central\n|Week1-11  = Navarro\n|Week1-12  = Butler (KS)\n|Week1-13  = Georgia Military\n|Week1-14  = Lackawanna\n|Week1-15  = Trinity Valley\n|Week2-1        = Hutchinson (1–0)\n|Week2-1-Color  = u\n|Week2-2        = Iowa Western (1–0)\n|Week2-2-Color  = d\n|Week2-3        = Northwest Mississippi (0–0)\n|Week2-3-Color  =\n|Week2-4        = Kilgore (1–0)\n|Week2-4-Color  = u\n|Week2-5        = Garden City (1–0)\n|Week2-5-Color  = u\n|Week2-6        = Jones (MS) (0–0)\n|Week2-6-Color  =\n|Week2-7        = Trinity Valley (1–0)\n|Week2-7-Color  = u\n|Week2-8        = East Mississippi (0–0)\n|Week2-8-Color  =\n|Week2-9        = Iowa Central (1–0)\n|Week2-9-Color  = u\n|Week2-10       = Snow (0–1)\n|Week2-10-Color = d\n|Week2-11       = Georgia Military (0–0)\n|Week2-11-Color = u\n|Week2-12       = Lackawanna (0–0)\n|Week2-12-Color = u\n|Week2-13       = Butler (KS) (0–1)\n|Week2-13-Color = d\n|Week2-14       = New Mexico Military (1–0)\n|Week2-14-Color = npr\n|Week2-15       = Navarro (0–1)\n|Week2-15-Color = d\n|Week2Dropped   = Coffeyville (0–1)\n|Week3-1        = Hutchinson (2–0)\n|Week3-1-Color  =\n|Week3-2        = Iowa Western (2–0)\n|Week3-2-Color  =\n|Week3-3        = Northwest Mississippi (0–0)\n|Week3-3-Color  =\n|Week3-4        = Kilgore (1–0)\n|Week3-4-Color  =\n|Week3-5        = Iowa Central (2–0)\n|Week3-5-Color  = u\n|Week3-6        = Jones (MS) (0–0)\n|Week3-6-Color  =\n|Week3-7        = Trinity Valley (1–0)\n|Week3-7-Color  =\n|Week3-8        = East Mississippi (0–0)\n|Week3-8-Color  =\n|Week3-9        = Snow (1–1)\n|Week3-9-Color  = u\n|Week3-10       = Garden City (1–1)\n|Week3-10-Color = d\n|Week3-11       = Lackawanna (1–0)\n|Week3-11-Color = u\n|Week3-12       = Butler (KS) (1–1)\n|Week3-12-Color = u\n|Week3-13       = Georgia Military (1–1)\n|Week3-13-Color = d\n|Week3-14       = New Mexico Military (1–1)\n|Week3-14-Color =\n|Week3-15       = Navarro (0–1)\n|Week3-15-Color =\n|Week3Dropped   =\n|Week4-1        = Hutchinson (3–0)\n|Week4-1-Color  =\n|Week4-2        = Iowa Western (3–0)\n|Week4-2-Color  =\n|Week4-3        = Kilgore (2–0)\n|Week4-3-Color  = u\n|Week4-4        = Jones (MS) (1–0)\n|Week4-4-Color  = u\n|Week4-5        = Trinity Valley (2–0)\n|Week4-5-Color  = u\n|Week4-6        = Iowa Central  (2–1)\n|Week4-6-Color  = d\n|Week4-7        = Snow (2–1)\n|Week4-7-Color  = u\n|Week4-8        = Mississippi Gulf Coast (1–0)\n|Week4-8-Color  = npr\n|Week4-9        = Lackawanna (2–0)\n|Week4-9-Color  = u\n|Week4-10       = New Mexico Military (2–1)\n|Week4-10-Color = u\n|Week4-11       = Northwest Mississippi (0–1)\n|Week4-11-Color = d\n|Week4-12       = Butler (KS) (1–1)\n|Week4-12-Color =\n|Week4-13       = East Mississippi (0–1)\n|Week4-13-Color = d\n|Week4-14       = Garden City (1–2)\n|Week4-14-Color = d\n|Week4-15       = Tyler (1–1)\n|Week4-15-Color = npr\n|Week4Dropped   = Georgia Military (1–2)Navarro (0–2)\n|Week5-1        = Hutchinson (3–0)\n|Week5-1-Color  =\n|Week5-2        = Iowa Western (4–0)\n|Week5-2-Color  =\n|Week5-3        = Kilgore (3–0)\n|Week5-3-Color  =\n|Week5-4        = Iowa Central (3–1)\n|Week5-4-Color  = u\n|Week5-5        = Mississippi Gulf Coast (2–0)\n|Week5-5-Color  = u\n|Week5-6        = Snow (2–1)\n|Week5-6-Color  = u\n|Week5-7        = East Mississippi (1–1)\n|Week5-7-Color  = u\n|Week5-8        = Tyler (2–1)\n|Week5-8-Color  = u\n|Week5-9        = Trinity Valley (2–1)\n|Week5-9-Color  = d\n|Week5-10       = Lincoln–Copiah (2–0)\n|Week5-10-Color = npr\n|Week5-11       = Butler (KS) (2–1)\n|Week5-11-Color = u\n|Week5-12       = Jones (MS) (1–1)\n|Week5-12-Color = d\n|Week5-13       = Northwest Mississippi (1–1)\n|Week5-13-Color = d\n|Week5-14       = Garden City (2–2)\n|Week5-14-Color =\n|Week5-15       = Georgia Military (2–2)\n|Week5-15-Color = npr\n|Week5Dropped   = New Mexico Military (2–2)Lackawanna (2–1)\n|Week6-1        = Hutchinson (4–0)\n|Week6-1-Color  =\n|Week6-2        = Iowa Western (5–0)\n|Week6-2-Color  =\n|Week6-3        = Iowa Central (4–1)\n|Week6-3-Color  = u\n|Week6-4        = Mississippi Gulf Coast (3–0)\n|Week6-4-Color  = u\n|Week6-5        = Snow (3–1)\n|Week6-5-Color  = u\n|Week6-6        = East Mississippi (2–1)\n|Week6-6-Color  = u\n|Week6-7        = Tyler (2–1)\n|Week6-7-Color  = u\n|Week6-8        = Kilgore (3–1)\n|Week6-8-Color  = d\n|Week6-9        = Trinity Valley (3–1)\n|Week6-9-Color  =\n|Week6-10       = Butler (KS) (3–1)\n|Week6-10-Color = u\n|Week6-11       = Jones (MS) (2–1)\n|Week6-11-Color = u\n|Week6-12       = Northwest Mississippi (2–1)\n|Week6-12-Color = u\n|Week6-13       = Georgia Military (3–2)\n|Week6-13-Color = u\n|Week6-14       = Northeast Mississippi (3–0)\n|Week6-14-Color = npr\n|Week6-15       = Dodge City (2–2)\n|Week6-15-Color = npr\n|Week6Dropped   = Garden City (2–3)Lincoln–Copiah (2–1)\n|Week7-1        = Hutchinson (5–0)\n|Week7-1-Color  =\n|Week7-2        = Iowa Western (6–0)\n|Week7-2-Color  =\n|Week7-3        = Iowa Central (4–1)\n|Week7-3-Color  =\n|Week7-4        = Mississippi Gulf Coast (4–0)\n|Week7-4-Color  =\n|Week7-5        = Snow (4–1)\n|Week7-5-Color  =\n|Week7-6        = Tyler (3–1)\n|Week7-6-Color  = u\n|Week7-7        = Kilgore (4–1)\n|Week7-7-Color  = u\n|Week7-8        = Trinity Valley (3–1)\n|Week7-8-Color  = u\n|Week7-9        = Jones (MS) (3–1)\n|Week7-9-Color  = u\n|Week7-10       = Northwest Mississippi (3–1)\n|Week7-10-Color = u\n|Week7-11       = Dodge City (3–2)\n|Week7-11-Color = u\n|Week7-12       = Northeast Mississippi (4–0)\n|Week7-12-Color = u\n|Week7-13       = East Mississippi (2–2)\n|Week7-13-Color = d\n|Week7-14       = Butler (KS) (3–2)\n|Week7-14-Color = d\n|Week7-15       = Lackawanna (4–1)\n|Week7-15-Color = npr\n|Week7Dropped   = Georgia Military (3–3)\n|Week8-1        = Hutchinson (6–0)\n|Week8-1-Color  =\n|Week8-2        = Iowa Western (7–0)\n|Week8-2-Color  =\n|Week8-3        = Iowa Central (5–1)\n|Week8-3-Color  =\n|Week8-4        = Mississippi Gulf Coast (5–0)\n|Week8-4-Color  =\n|Week8-5        = Kilgore (4–1)\n|Week8-5-Color  = u\n|Week8-6        = Trinity Valley (4–1)\n|Week8-6-Color  = u\n|Week8-7        = Jones (MS) (4–1)\n|Week8-7-Color  = u\n|Week8-8        = Snow (4–2)\n|Week8-8-Color  = d\n|Week8-9        = Northeast Mississippi (5–0)\n|Week8-9-Color  = u\n|Week8-10       = East Mississippi (3–2)\n|Week8-10-Color = u\n|Week8-11       = Lackawanna (5–1)\n|Week8-11-Color = u\n|Week8-12       = Butler (KS) (3–2)\n|Week8-12-Color = u\n|Week8-13       = Tyler (3–2)\n|Week8-13-Color = d\n|Week8-14       = New Mexico Military (4–2)\n|Week8-14-Color = npr\n|Week8-15       = Northwest Mississippi (3–2)\n|Week8-15-Color = d\n|Week8Dropped   = Dodge City (3–3)\n|Week9-1        = Hutchinson (6–0)\n|Week9-1-Color  =\n|Week9-2        = Iowa Western (7–0)\n|Week9-2-Color  =\n|Week9-3        = Kilgore (4–1)\n|Week9-3-Color  = u\n|Week9-4        = Trinity Valley (5–1)\n|Week9-4-Color  = u\n|Week9-5        = Jones (MS) (5–1)\n|Week9-5-Color  = u\n|Week9-6        = Snow (5–2)\n|Week9-6-Color  = u\n|Week9-7        = Butler (KS) (4–2)\n|Week9-7-Color  = u\n|Week9-8        = Mississippi Gulf Coast (5–1)\n|Week9-8-Color  = d\n|Week9-9        = Iowa Central (5–2)\n|Week9-9-Color  = d\n|Week9-10       = Copiah–Lincoln (5–1)\n|Week9-10-Color = npr\n|Week9-11       = East Mississippi (4–2)\n|Week9-11-Color = d\n|Week9-12       = Tyler (4–2)\n|Week9-12-Color = u\n|Week9-13       = Lackawanna (6–1)\n|Week9-13-Color = d\n|Week9-14       = Dodge City (4–3)\n|Week9-14-Color = npr\n|Week9-15       = Northeast Mississippi (5–1)\n|Week9-15-Color = d\n|Week9Dropped   = New Mexico Military (4–3)Northwest Mississippi (4–2)\n|Week10-1       = Hutchinson (7–0)\n|Week10-1-Color =\n|Week10-2       = Iowa Western (8–0)\n|Week10-2-Color =\n|Week10-3       = Kilgore (5–1)\n|Week10-3-Color =\n|Week10-4       = Jones (MS) (6–1)\n|Week10-4-Color = u\n|Week10-5       = Snow (6–2)\n|Week10-5-Color = u\n|Week10-6       = Mississippi Gulf Coast (6–1)\n|Week10-6-Color = u\n|Week10-7       = Copiah–Lincoln (6–1)\n|Week10-7-Color = u\n|Week10-8       = Trinity Valley (5–2)\n|Week10-8-Color = d\n|Week10-9       = East Mississippi (5–2)\n|Week10-9-Color = u\n|Week10-10      = Dodge City (5–3)\n|Week10-10-Color= u\n|Week10-11      = Tyler (5–2)\n|Week10-11-Color= u\n|Week10-12      = Lackawanna (6–1)\n|Week10-12-Color= u\n|Week10-13      = Butler (KS) (4–3)\n|Week10-13-Color= d\n|Week10-14      = Iowa Central (5–3)\n|Week10-14-Color= d\n|Week10-15      = Georgia Military (5–3)\n|Week10-15-Color= npr\n|Week10Dropped  = Northeast Mississippi (5–2)\n|Week11-1       = Hutchinson (8–0)\n|Week11-1-Color =\n|Week11-2       = Iowa Western (9–0)\n|Week11-2-Color =\n|Week11-3       = Kilgore (6–1)\n|Week11-3-Color =\n|Week11-4       = Snow (7–2)\n|Week11-4-Color = u\n|Week11-5       = Copiah–Lincoln (7–1)\n|Week11-5-Color = u\n|Week11-6       = Mississippi Gulf Coast (7–2)\n|Week11-6-Color =\n|Week11-7       = Trinity Valley (6–2)\n|Week11-7-Color = u\n|Week11-8       = East Mississippi (6–2)\n|Week11-8-Color = u\n|Week11-9       = Dodge City (5–3)\n|Week11-9-Color = u\n|Week11-10      = Jones (MS) (6–2)\n|Week11-10-Color= d\n|Week11-11      = Georgia Military (6–3)\n|Week11-11-Color= u\n|Week11-12      = Tyler (5–3)\n|Week11-12-Color= d\n|Week11-13      = Northeast Mississippi (6–2)\n|Week11-13-Color= npr\n|Week11-14      = Lackawanna (6–2)\n|Week11-14-Color= d\n|Week11-15      = Northwest Mississippi (6–2)\n|Week11-15-Color= npr\n|Week11Dropped  = Iowa Central (5–4)Butler (KS) (4–4)\n|Week12-1       = Hutchinson (9–0)\n|Week12-1-Color =\n|Week12-2       = Iowa Western (10–0)\n|Week12-2-Color =\n|Week12-3       = Kilgore (7–1)\n|Week12-3-Color =\n|Week12-4       = Copiah–Lincoln (8–1)\n|Week12-4-Color = u\n|Week12-5       = Snow (8–2)\n|Week12-5-Color = d\n|Week12-6       = Mississippi Gulf Coast (8–1)\n|Week12-6-Color =\n|Week12-7       = Trinity Valley (7–2)\n|Week12-7-Color =\n|Week12-8       = East Mississippi (7–2)\n|Week12-8-Color =\n|Week12-9       = Dodge City (6–3)\n|Week12-9-Color =\n|Week12-10      = Northwest Mississippi (7–2)\n|Week12-10-Color= u\n|Week12-11      = Lackawanna (7–2)\n|Week12-11-Color= u\n|Week12-12      = Navarro (5–3)\n|Week12-12-Color= npr\n|Week12-13      = Iowa Central (6–4)\n|Week12-13-Color= npr\n|Week12-14      = New Mexico Miliatry (5–4)\n|Week12-14-Color= npr\n|Week12-15      = Jones (MS) (6–3)\n|Week12-15-Color= d\n|Week12Dropped  = Northeast Mississippi (6–3)Tyler (5–4)Georgia Military (6–4)\n|Week13-1       = Hutchinson (10–0)\n|Week13-1-Color =\n|Week13-2       = Iowa Western (10–1)\n|Week13-2-Color =\n|Week13-3       = Kilgore (8–1)\n|Week13-3-Color =\n|Week13-4       = Copiah–Lincoln (9–1)\n|Week13-4-Color =\n|Week13-5       = Snow (9–2)\n|Week13-5-Color =\n|Week13-6       = East Mississippi (8–2)\n|Week13-6-Color = u\n|Week13-7       = Dodge City (7–3)\n|Week13-7-Color = u\n|Week13-8       = Navarro (6–3)\n|Week13-8-Color = u\n|Week13-9       = Mississippi Gulf Coast (8–2)\n|Week13-9-Color = d\n|Week13-10      = Trinity Valley (7–3)\n|Week13-10-Color= d\n|Week13-11      = Iowa Central (6–4)\n|Week13-11-Color= u\n|Week13-12      = Georgia Military (7–4)\n|Week13-12-Color= npr\n|Week13-13      = Northwest Mississippi (7–3)\n|Week13-13-Color= d\n|Week13-14      = Lackawanna (7–3)\n|Week13-14-Color= d\n|Week13-15      = New Mexico Military (6–4)\n|Week13-15-Color= d\n|Week13Dropped  = Jones (MS) (6–4)\n|Week14-1       = Hutchinson (10–0)\n|Week14-1-Color = nc\n|Week14-2       = Iowa Western (10–1)\n|Week14-2-Color = nc\n|Week14-3       = Kilgore (9–1)\n|Week14-3-Color = nc\n|Week14-4       = East Mississippi (9–2)\n|Week14-4-Color = nc\n|Week14-5       = Snow (9–2)\n|Week14-5-Color =\n|Week14-6       = Copiah–Lincoln (9–2)\n|Week14-6-Color = d\n|Week14-7       = Dodge City (7–3)\n|Week14-7-Color =\n|Week14-8       = Mississippi Gulf Coast (8–2)\n|Week14-8-Color = u\n|Week14-9       = Trinity Valley (7–3)\n|Week14-9-Color = u\n|Week14-10      = Navarro (6–4)\n|Week14-10-Color= d\n|Week14-11      = Iowa Central (6–4)\n|Week14-11-Color=\n|Week14-12      = Georgia Military (7–4)\n|Week14-12-Color=\n|Week14-13      = Northwest Mississippi (7–3)\n|Week14-13-Color=\n|Week14-14      = Lackawanna (7–3)\n|Week14-14-Color=\n|Week14-15      = New Mexico Military (6–5)\n|Week14-15-Color=\n|Week14Dropped  =\n|Week15-1       = Iowa Western (12–1)\n|Week15-1-Color = u\n|Week15-2       = East Mississippi (10–3)\n|Week15-2-Color = u\n|Week15-3       = Hutchinson (10–1)\n|Week15-3-Color = d\n|Week15-4       = Copiah–Lincoln (10–2)\n|Week15-4-Color = u\n|Week15-5       = Kilgore (9–2)\n|Week15-5-Color = d\n|Week15-6       = Dodge City (8–3)\n|Week15-6-Color = u\n|Week15-7       = Iowa Central (7–4)\n|Week15-7-Color = u\n|Week15-8       = Mississippi Gulf Coast (8–2)\n|Week15-8-Color =\n|Week15-9       = Snow (9–3)\n|Week15-9-Color = d\n|Week15-10      = Trinity Valley (7–3)\n|Week15-10-Color= d\n|Week15-11      = Georgia Military (7–4)\n|Week15-11-Color= u\n|Week15-12      = Navarro (6–5)\n|Week15-12-Color= d\n|Week15-13      = Northwest Mississippi (7–3)\n|Week15-13-Color=\n|Week15-14      = Lackawanna (7–3)\n|Week15-14-Color=\n|Week15-15      = Highland (KS) (6–5)\n|Week15-15-Color= npr\n|Week15Dropped  = New Mexico Military (6–6)\n}}\nNJCAA Division III poll\n|Week2Date = August 28\n|Week3Date = September 5\n|Week4Date = September 11\n|Week5Date = September 18\n|Week6Date = September 25\n|Week7Date = October 2\n|Week8Date = October 9\n|Week9Date = October 16\n|Week10Date= October 23\n|Week11Date= October 30\n|Week1-1   = DuPage\n|Week1-2   = NDSCS\n|Week1-3   = Minnesota State C&T\n|Week1-4   = Nassau тHocking т\n|Week1-5   = Rochester C&T\n|Week2-1        = DuPage (1–0)\n|Week2-1-Color  =\n|Week2-2        = NDSCS (0–0)\n|Week2-2-Color  =\n|Week2-3        = Minnesota State C&T (0–0)\n|Week2-3-Color  =\n|Week2-4        = Rochester C&T (1–0)\n|Week2-4-Color  = u\n|Week2-5        = Nassau (0–0)\n|Week2-5-Color  = d\n|Week2Dropped   = Minnesota State C&T (0–0)\n|Week3-1        = DuPage (2–0)\n|Week3-1-Color  =\n|Week3-2        = NDSCS (2–0)\n|Week3-2-Color  =\n|Week3-3        = Minnesota State C&T (1–0)\n|Week3-3-Color  =\n|Week3-4        = Rochester C&T (1–1)\n|Week3-4-Color  =\n|Week3-5        = Nassau (0–1)\n|Week3-5-Color  =\n|Week3Dropped   =\n|Week4-1        = DuPage (3–0)\n|Week4-1-Color  =\n|Week4-2        = NDSCS (3–0)\n|Week4-2-Color  =\n|Week4-3        = Rochester C&T (2–1)\n|Week4-3-Color  = u\n|Week4-4        = Minnesota State C&T (1–1)\n|Week4-4-Color  = d\n|Week4-5        = Hudson Valley т (2–0)Mesabi Range т (2–0)\n|Week4-5-Color  = npr\n|Week4Dropped   = Nassau (0–2)\n|Week5-1        = DuPage (4–0)\n|Week5-1-Color  =\n|Week5-2        = NDSCS (3–1)\n|Week5-2-Color  =\n|Week5-3        = Rochester C&T (3–1)\n|Week5-3-Color  =\n|Week5-4        = Minnesota State C&T (2–1)\n|Week5-4-Color  =\n|Week5-5        = Mesabi Range (2–1)\n|Week5-5-Color  =\n|Week5Dropped   = Hudson Valley (2–1)\n|Week6-1        = DuPage (4–1)\n|Week6-1-Color  =\n|Week6-2        = NDSCS (4–1)\n|Week6-2-Color  =\n|Week6-3        = Rochester C&T (4–1)\n|Week6-3-Color  =\n|Week6-4        = Mesabi Range (3–1)\n|Week6-4-Color  = u\n|Week6-5        = Louisburg (2–1)\n|Week6-5-Color  = npr\n|Week6Dropped   = Minnesota State C&T (2–2)\n|Week7-1        = DuPage (5–1)\n|Week7-1-Color  =\n|Week7-2        = NDSCS (5–1)\n|Week7-2-Color  =\n|Week7-3        = Minnesota State C&T (3–2)\n|Week7-3-Color  = u\n|Week7-4        = Rochester C&T (4–2)\n|Week7-4-Color  = d\n|Week7-5        = Louisburg (3–1)\n|Week7-5-Color  =\n|Week7Dropped   =\n|Week8-1        = DuPage (6–1)\n|Week8-1-Color  =\n|Week8-2        = Rochester C&T (5–2)\n|Week8-2-Color  = u\n|Week8-3        = NDSCS (5–2)\n|Week8-3-Color  = d\n|Week8-4        = Mesabi Range (4–2)\n|Week8-4-Color  = npr\n|Week8-5        = Minnesota State C&T (3–3)\n|Week8-5-Color  = d\n|Week8Dropped   = Louisburg (3–2)\n|Week9-1        = DuPage (7–1)\n|Week9-1-Color  =\n|Week9-2        = Rochester C&T (6–2)\n|Week9-2-Color  =\n|Week9-3        = NDSCS (6–2)\n|Week9-3-Color  =\n|Week9-4        = Mesabi Range (4–3)\n|Week9-4-Color  =\n|Week9-5        = Minnesota State C&T (4–3)\n|Week9-5-Color  =\n|Week9Dropped   =\n|Week10-1       = DuPage (8–1)\n|Week10-1-Color =\n|Week10-2       = Rochester C&T (6–2)\n|Week10-2-Color =\n|Week10-3       = NDSCS (7–2)\n|Week10-3-Color =\n|Week10-4       = Mesabi Range (5–3)\n|Week10-4-Color =\n|Week10-5       = Louisburg (4–3)\n|Week10-5-Color = npr\n|Week10Dropped  = Minnesota State C&T (4–4)\n|Week11-1       = DuPage (9–1)\n|Week11-1-Color = nc\n|Week11-2       = Rochester C&T (7–2)\n|Week11-2-Color = nc\n|Week11-3       = NDSCS (8–2)\n|Week11-3-Color =\n|Week11-4       = Mesabi Range (5–4)\n|Week11-4-Color =\n|Week11-5       = Louisburg (5–3)\n|Week11-5-Color =\n|Week11Dropped  =\n}}\n3C2A poll\n|Week2Date = September 6\n|Week3Date = September 12\n|Week4Date = September 19\n|Week5Date =\n|Week6Date =\n|Week7Date =\n|Week8Date =\n|Week9Date =\n|Week10Date=\n|Week11Date=\n|Week1-1   = San Mateo (8)\n|Week1-2   = Riverside City\n|Week1-3   = Mt. San Antonio\n|Week1-4   = Fullerton\n|Week1-5   = American River\n|Week1-6   = Golden West\n|Week1-7   = CC of San Francisco (1)\n|Week1-8   = Ventura\n|Week1-9   = Butte\n|Week1-10  = Laney\n|Week1-11  = Cerritos\n|Week1-12  = Fresno City\n|Week1-13  = Modesto\n|Week1-14  = Sierra\n|Week1-15  = College of the Canyons\n|Week1-16  = El Camino\n|Week1-17  = Allan Hancock т\n|Week1-18  = San Diego Mesa т\n|Week1-19  = Diablo Valley\n|Week1-20  = Long Beach City\n|Week1-21  = College of the Sequoias\n|Week1-22  = Feather River\n|Week1-23  = Citrus\n|Week1-24  = East Los Angeles\n|Week1-25  = Santa Rosa\n|Week2-1        = San Mateo (1–0) (6)\n|Week2-1-Color  =\n|Week2-2        = Riverside City (1–0)\n|Week2-2-Color  =\n|Week2-3        = CC of San Francisco (1–0) (4)\n|Week2-3-Color  = u\n|Week2-4        = Mt. San Antonio (1–0)\n|Week2-4-Color  = d\n|Week2-5        = Fullerton (1–0)\n|Week2-5-Color  = d\n|Week2-6        = Golden West (1–0)\n|Week2-6-Color  =\n|Week2-7        = Butte (1–0)\n|Week2-7-Color  = u\n|Week2-8        = American River (1–0)\n|Week2-8-Color  = d\n|Week2-9        = Ventura (1–0)\n|Week2-9-Color  = d\n|Week2-10       = Cerritos (1–0)\n|Week2-10-Color = u\n|Week2-11       = Fresno City (1–0)\n|Week2-11-Color = u\n|Week2-12       = Modesto (1–0)\n|Week2-12-Color = u\n|Week2-13       = El Camino (1–0)\n|Week2-13-Color = u\n|Week2-14       = San Diego Mesa (1–0)\n|Week2-14-Color = u\n|Week2-15       = Citrus (1–0)\n|Week2-15-Color = u\n|Week2-16       = Allan Hancock (1–0)\n|Week2-16-Color = u\n|Week2-17       = East Los Angeles (1–0)\n|Week2-17-Color = u\n|Week2-18       = Sierra (0–1)\n|Week2-18-Color = d\n|Week2-19       = Palomar (1–0)\n|Week2-19-Color = npr\n|Week2-20       = Laney (0–1)\n|Week2-20-Color = d\n|Week2-21       = Long Beach City (0–1)\n|Week2-21-Color = d\n|Week2-22       = College of the Sequoias (0–1)\n|Week2-22-Color = d\n|Week2-23       = Feather River (1–0)\n|Week2-23-Color = d\n|Week2-24       = Reedley (1–0)\n|Week2-24-Color = npr\n|Week2-25       = College of the Canyons (0–1)\n|Week2-25-Color = d\n|Week2Dropped   = Diablo Valley (0–1)Santa Rosa (0–1)\n|Week3-1        = San Mateo (2–0) (8)\n|Week3-1-Color  =\n|Week3-2        = Riverside City (2–0) (1)\n|Week3-2-Color  =\n|Week3-3        = CC of San Francisco (2–0) (2)\n|Week3-3-Color  =\n|Week3-4        = Mt. San Antonio (2–0)\n|Week3-4-Color  =\n|Week3-5        = Fullerton (2–0)\n|Week3-5-Color  =\n|Week3-6        = Butte (2–0)\n|Week3-6-Color  = u\n|Week3-7        = American River (2–0)\n|Week3-7-Color  = u\n|Week3-8        = San Diego Mesa (2–0)\n|Week3-8-Color  = u\n|Week3-9        = El Camino (2–0)\n|Week3-9-Color  = u\n|Week3-10       = Modesto (2–0)\n|Week3-10-Color = u\n|Week3-11       = Citrus (2–0)\n|Week3-11-Color = u\n|Week3-12       = East Los Angeles (2–0)\n|Week3-12-Color = u\n|Week3-13       = Golden West (1–1)\n|Week3-13-Color = d\n|Week3-14       = Sierra (1–1)\n|Week3-14-Color = u\n|Week3-15       = Cerritos (1–1)\n|Week3-15-Color = d\n|Week3-16       = Reedley (2–0)\n|Week3-16-Color = u\n|Week3-17       = Ventura (1–1)\n|Week3-17-Color = d\n|Week3-18       = Allan Hancock (1–1)\n|Week3-18-Color = d\n|Week3-19       = Contra Costa (2–0)\n|Week3-19-Color = npr\n|Week3-20       = Fresno City (1–1)\n|Week3-20-Color = d\n|Week3-21       = Palomar (1–1)\n|Week3-21-Color = d\n|Week3-22       = Bakersfield (1–1)\n|Week3-22-Color = npr\n|Week3-23       = Long Beach City (0–2)\n|Week3-23-Color = d\n|Week3-24       = Santa Barbara City (1–1)\n|Week3-24-Color = npr\n|Week3-25       = College of the Sequoias (0–2)\n|Week3-25-Color = d\n|Week3Dropped   = College of the Canyons (0–2)Feather River (1–1)Laney (0–2)\n|Week4-1        = San Mateo (3–0) (10)\n|Week4-1-Color  =\n|Week4-2        = Riverside City (3–0) (1)\n|Week4-2-Color  =\n|Week4-3        = Mt. San Antonio (3–0)\n|Week4-3-Color  = u\n|Week4-4        = CC of San Francisco (3–0)\n|Week4-4-Color  = d\n|Week4-5        = American River (3–0)\n|Week4-5-Color  = u\n|Week4-6        = Fullerton (3–0)\n|Week4-6-Color  = d\n|Week4-7        = Citrus (3–0)\n|Week4-7-Color  = u\n|Week4-8        = Golden West (2–1)\n|Week4-8-Color  = u\n|Week4-9        = Butte (2–1)\n|Week4-9-Color  = d\n|Week4-10       = Cerritos (2–1)\n|Week4-10-Color = u\n|Week4-11       = Modesto (2–1)\n|Week4-11-Color = d\n|Week4-12       = Sierra (2–1)\n|Week4-12-Color = u\n|Week4-13       = Contra Costa (3–0)\n|Week4-13-Color = u\n|Week4-14       = San Diego Mesa (2–1)\n|Week4-14-Color = d\n|Week4-15       = El Camino (2–1)\n|Week4-15-Color = d\n|Week4-16       = Reedley (2–1)\n|Week4-16-Color =\n|Week4-17       = Bakersfield (2–1)\n|Week4-17-Color = u\n|Week4-18       = East Los Angeles (2–1)\n|Week4-18-Color = d\n|Week4-19       = Santa Barbara City (2–1)\n|Week4-19-Color = u\n|Week4-20       = Ventura (1–2)\n|Week4-20-Color = d\n|Week4-21       = Moorpark (2–1)\n|Week4-21-Color = npr\n|Week4-22       = Long Beach City (1–2)\n|Week4-22-Color = u\n|Week4-23       = Fresno City (1–2)\n|Week4-23-Color = d\n|Week4-24       = Allan Hancock (1–2)\n|Week4-24-Color = d\n|Week4-25       = College of the Sequoias (1–2)\n|Week4-25-Color =\n|Week4Dropped   = Palomar (1–2)\n|Week5-1        =\n|Week5-1-Color  =\n|Week5-2        =\n|Week5-2-Color  =\n|Week5-3        =\n|Week5-3-Color  =\n|Week5-4        =\n|Week5-4-Color  =\n|Week5-5        =\n|Week5-5-Color  =\n|Week5-6        =\n|Week5-6-Color  =\n|Week5-7        =\n|Week5-7-Color  =\n|Week5-8        =\n|Week5-8-Color  =\n|Week5-9        =\n|Week5-9-Color  =\n|Week5-10       =\n|Week5-10-Color =\n|Week5-11       =\n|Week5-11-Color =\n|Week5-12       =\n|Week5-12-Color =\n|Week5-13       =\n|Week5-13-Color =\n|Week5-14       =\n|Week5-14-Color =\n|Week5-15       =\n|Week5-15-Color =\n|Week5-16       =\n|Week5-16-Color =\n|Week5-17       =\n|Week5-17-Color =\n|Week5-18       =\n|Week5-18-Color =\n|Week5-19       =\n|Week5-19-Color =\n|Week5-20       =\n|Week5-20-Color =\n|Week5-21       =\n|Week5-21-Color =\n|Week5-22       =\n|Week5-22-Color =\n|Week5-23       =\n|Week5-23-Color =\n|Week5-24       =\n|Week5-24-Color =\n|Week5-25       =\n|Week5-25-Color =\n|Week5Dropped   =\n|Week6-1        =\n|Week6-1-Color  =\n|Week6-2        =\n|Week6-2-Color  =\n|Week6-3        =\n|Week6-3-Color  =\n|Week6-4        =\n|Week6-4-Color  =\n|Week6-5        =\n|Week6-5-Color  =\n|Week6-6        =\n|Week6-6-Color  =\n|Week6-7        =\n|Week6-7-Color  =\n|Week6-8        =\n|Week6-8-Color  =\n|Week6-9        =\n|Week6-9-Color  =\n|Week6-10       =\n|Week6-10-Color =\n|Week6-11       =\n|Week6-11-Color =\n|Week6-12       =\n|Week6-12-Color =\n|Week6-13       =\n|Week6-13-Color =\n|Week6-14       =\n|Week6-14-Color =\n|Week6-15       =\n|Week6-15-Color =\n|Week6-16       =\n|Week6-16-Color =\n|Week6-17       =\n|Week6-17-Color =\n|Week6-18       =\n|Week6-18-Color =\n|Week6-19       =\n|Week6-19-Color =\n|Week6-20       =\n|Week6-20-Color =\n|Week6-21       =\n|Week6-21-Color =\n|Week6-22       =\n|Week6-22-Color =\n|Week6-23       =\n|Week6-23-Color =\n|Week6-24       =\n|Week6-24-Color =\n|Week6-25       =\n|Week6-25-Color =\n|Week6Dropped   =\n|Week7-1        =\n|Week7-1-Color  =\n|Week7-2        =\n|Week7-2-Color  =\n|Week7-3        =\n|Week7-3-Color  =\n|Week7-4        =\n|Week7-4-Color  =\n|Week7-5        =\n|Week7-5-Color  =\n|Week7-6        =\n|Week7-6-Color  =\n|Week7-7        =\n|Week7-7-Color  =\n|Week7-8        =\n|Week7-8-Color  =\n|Week7-9        =\n|Week7-9-Color  =\n|Week7-10       =\n|Week7-10-Color =\n|Week7-11       =\n|Week7-11-Color =\n|Week7-12       =\n|Week7-12-Color =\n|Week7-13       =\n|Week7-13-Color =\n|Week7-14       =\n|Week7-14-Color =\n|Week7-15       =\n|Week7-15-Color =\n|Week7-16       =\n|Week7-16-Color =\n|Week7-17       =\n|Week7-17-Color =\n|Week7-18       =\n|Week7-18-Color =\n|Week7-19       =\n|Week7-19-Color =\n|Week7-20       =\n|Week7-20-Color =\n|Week7-21       =\n|Week7-21-Color =\n|Week7-22       =\n|Week7-22-Color =\n|Week7-23       =\n|Week7-23-Color =\n|Week7-24       =\n|Week7-24-Color =\n|Week7-25       =\n|Week7-25-Color =\n|Week7Dropped   =\n|Week8-1        =\n|Week8-1-Color  =\n|Week8-2        =\n|Week8-2-Color  =\n|Week8-3        =\n|Week8-3-Color  =\n|Week8-4        =\n|Week8-4-Color  =\n|Week8-5        =\n|Week8-5-Color  =\n|Week8-6        =\n|Week8-6-Color  =\n|Week8-7        =\n|Week8-7-Color  =\n|Week8-8        =\n|Week8-8-Color  =\n|Week8-9        =\n|Week8-9-Color  =\n|Week8-10       =\n|Week8-10-Color =\n|Week8-11       =\n|Week8-11-Color =\n|Week8-12       =\n|Week8-12-Color =\n|Week8-13       =\n|Week8-13-Color =\n|Week8-14       =\n|Week8-14-Color =\n|Week8-15       =\n|Week8-15-Color =\n|Week8-16       =\n|Week8-16-Color =\n|Week8-17       =\n|Week8-17-Color =\n|Week8-18       =\n|Week8-18-Color =\n|Week8-19       =\n|Week8-19-Color =\n|Week8-20       =\n|Week8-20-Color =\n|Week8-21       =\n|Week8-21-Color =\n|Week8-22       =\n|Week8-22-Color =\n|Week8-23       =\n|Week8-23-Color =\n|Week8-24       =\n|Week8-24-Color =\n|Week8-25       =\n|Week8-25-Color =\n|Week8Dropped   =\n|Week9-1        =\n|Week9-1-Color  =\n|Week9-2        =\n|Week9-2-Color  =\n|Week9-3        =\n|Week9-3-Color  =\n|Week9-4        =\n|Week9-4-Color  =\n|Week9-5        =\n|Week9-5-Color  =\n|Week9-6        =\n|Week9-6-Color  =\n|Week9-7        =\n|Week9-7-Color  =\n|Week9-8        =\n|Week9-8-Color  =\n|Week9-9        =\n|Week9-9-Color  =\n|Week9-10       =\n|Week9-10-Color =\n|Week9-11       =\n|Week9-11-Color =\n|Week9-12       =\n|Week9-12-Color =\n|Week9-13       =\n|Week9-13-Color =\n|Week9-14       =\n|Week9-14-Color =\n|Week9-15       =\n|Week9-15-Color =\n|Week9-16       =\n|Week9-16-Color =\n|Week9-17       =\n|Week9-17-Color =\n|Week9-18       =\n|Week9-18-Color =\n|Week9-19 =\n|Week9-19-Color =\n|Week9-20       =\n|Week9-20-Color =\n|Week9-21       =\n|Week9-21-Color =\n|Week9-22       =\n|Week9-22-Color =\n|Week9-23       =\n|Week9-23-Color =\n|Week9-24       =\n|Week9-24-Color =\n|Week9-25       =\n|Week9-25-Color =\n|Week9Dropped   =\n|Week10-1       =\n|Week10-1-Color =\n|Week10-2       =\n|Week10-2-Color =\n|Week10-3       =\n|Week10-3-Color =\n|Week10-4       =\n|Week10-4-Color =\n|Week10-5       =\n|Week10-5-Color =\n|Week10-6       =\n|Week10-6-Color =\n|Week10-7       =\n|Week10-7-Color =\n|Week10-8       =\n|Week10-8-Color =\n|Week10-9 =\n|Week10-9-Color =\n|Week10-10      =\n|Week10-10-Color=\n|Week10-11      =\n|Week10-11-Color=\n|Week10-12      =\n|Week10-12-Color=\n|Week10-13      =\n|Week10-13-Color=\n|Week10-14      =\n|Week10-14-Color=\n|Week10-15      =\n|Week10-15-Color=\n|Week10-16      =\n|Week10-16-Color=\n|Week10-17      =\n|Week10-17-Color=\n|Week10-18      =\n|Week10-18-Color=\n|Week10-19      =\n|Week10-19-Color=\n|Week10-20      =\n|Week10-20-Color=\n|Week10-21      =\n|Week10-21-Color=\n|Week10-22      =\n|Week10-22-Color=\n|Week10-23      =\n|Week10-23-Color=\n|Week10-24      =\n|Week10-24-Color=\n|Week10-25      =\n|Week10-25-Color=\n|Week10Dropped  =\n|Week11-1       =\n|Week11-1-Color =\n|Week11-2       =\n|Week11-2-Color =\n|Week11-3       =\n|Week11-3-Color =\n|Week11-4       =\n|Week11-4-Color =\n|Week11-5       =\n|Week11-5-Color =\n|Week11-6       =\n|Week11-6-Color =\n|Week11-7       =\n|Week11-7-Color =\n|Week11-8       =\n|Week11-8-Color =\n|Week11-9       =\n|Week11-9-Color =\n|Week11-10      =\n|Week11-10-Color=\n|Week11-11      =\n|Week11-11-Color=\n|Week11-12      =\n|Week11-12-Color=\n|Week11-13      =\n|Week11-13-Color=\n|Week11-14      =\n|Week11-14-Color=\n|Week11-15      =\n|Week11-15-Color=\n|Week11-16      =\n|Week11-16-Color=\n|Week11-17      =\n|Week11-17-Color=\n|Week11-18      =\n|Week11-18-Color=\n|Week11-19      =\n|Week11-19-Color=\n|Week11-20      =\n|Week11-20-Color=\n|Week11-21      =\n|Week11-21-Color=\n|Week11-22      =\n|Week11-22-Color=\n|Week11-23      =\n|Week11-23-Color=\n|Week11-24      =\n|Week11-24-Color=\n|Week11-25      =\n|Week11-25-Color=\n|Week11Dropped  =\n|Week12-1       =\n|Week12-1-Color =\n|Week12-2       =\n|Week12-2-Color =\n|Week12-3       =\n|Week12-3-Color =\n|Week12-4       =\n|Week12-4-Color =\n|Week12-5       =\n|Week12-5-Color =\n|Week12-6       =\n|Week12-6-Color =\n|Week12-7       =\n|Week12-7-Color =\n|Week12-8       =\n|Week12-8-Color =\n|Week12-9       =\n|Week12-9-Color =\n|Week12-10      =\n|Week12-10-Color=\n|Week12-11      =\n|Week12-11-Color=\n|Week12-12      =\n|Week12-12-Color=\n|Week12-13      =\n|Week12-13-Color=\n|Week12-14      =\n|Week12-14-Color=\n|Week12-15      =\n|Week12-15-Color=\n|Week12-16      =\n|Week12-16-Color=\n|Week12-17      =\n|Week12-17-Color=\n|Week12-18      =\n|Week12-18-Color=\nWeek12-19 =\n|Week12-19-Color=\n|Week12-20      =\n|Week12-20-Color=\n|Week12-21      =\n|Week12-21-Color=\n|Week12-22      =\n|Week12-22-Color=\n|Week12-23      =\n|Week12-23-Color=\n|Week12-24      =\n|Week12-24-Color=\n|Week12-25      =\n|Week12-25-Color=\n|Week12Dropped  =\n|Week13-1       =\n|Week13-1-Color =\n|Week13-2       =\n|Week13-2-Color =\n|Week13-3       =\n|Week13-3-Color =\n|Week13-4       =\n|Week13-4-Color =\n|Week13-5       =\n|Week13-5-Color =\n|Week13-6       =\n|Week13-6-Color =\n|Week13-7       =\n|Week13-7-Color =\n|Week13-8       =\n|Week13-8-Color =\n|Week13-9       =\n|Week13-9-Color =\n|Week13-10      =\n|Week13-10-Color=\n|Week13-11      =\n|Week13-11-Color=\n|Week13-12      =\n|Week13-12-Color=\n|Week13-13      =\n|Week13-13-Color=\n|Week13-14      =\n|Week13-14-Color=\n|Week13-15      =\n|Week13-15-Color=\n|Week13-16      =\n|Week13-16-Color=\n|Week13-17      =\n|Week13-17-Color=\n|Week13-18      =\n|Week13-18-Color=\n|Week13-19      =\n|Week13-19-Color=\n|Week13-20      =\n|Week13-20-Color=\n|Week13-21      =\n|Week13-21-Color=\n|Week13-22      =\n|Week13-22-Color=\n|Week13-23      =\n|Week13-23-Color=\n|Week13-24      =\n|Week13-24-Color=\n|Week13-25      =\n|Week13-25-Color=\n}}\nReferences"
    }
  ]
}