{
  "content": [
    {
      "type": "text",
      "text": "# Children's Discovery Museum\n\n'''Children's Discovery Museum''' or similar names may refer to:\nEurope\n* Discovery Museum (Netherlands)\nThailand\n* Children’s Discovery Museum Bangkok 1\nUnited States\n(by state, then city)\n* Museum of Discovery, Little Rock, Arkansas\n* Bay Area Discovery Museum, Fort Baker, Sausalito, California\n* Children's Discovery Museum of the Desert (CDMOD), Rancho Mirage, California\n* Children's Discovery Museum of San Jose, California\n** Children's Discovery Museum (VTA), a light-rail station next to the museum\n* Fort Collins Museum of Discovery, Colorado\n* Hawaii Children's Discovery Center, Honolulu, Hawaii\n* Kauai Children's Discovery Museum, a defunct museum in Kauai, Hawaii\n* Children's Discovery Museum, Normal, Illinois\n* Discovery Center Museum, Rockford, Illinois; part of the National Space Grant College and Fellowship Program\n* Kansas Children's Discovery Center, Topeka, Kansas\n* Maine Discovery Museum, Bangor, Maine\n* Port Discovery (museum) or Port Discovery Children's Museum, Baltimore, Maryland\n* Discovery Museum (Acton, Massachusetts)\n* Garden State Discovery Museum, Cherry Hill, New Jersey\n* Discovery Children's Museum, Las Vegas, Nevada\n* Boonshoft Museum of Discovery, a children's museum in Dayton, Ohio\n* Creative Discovery Museum, Chattanooga, Tennessee\n* Discovery Center at Murfree Spring, Murfreesboro, Tennessee\n* Children's Discovery Museum , Victoria, Texas\n* Virginia Discovery Museum, a children's museum in Charlottesville, Virginia\nSee also\n* Children's Library Discovery Center, Jamaica, Queens, New York\n* Children's museum\n* Discovery Museum, Newcastle upon Tyne, England\n* Hands On Children's Museum, a children's museum in Olympia, Washington\n* List of children's museums in the United States, many of which have \"Discovery\" in the name"
    }
  ]
}