{
  "content": [
    {
      "type": "text",
      "text": "# Christ the King School__disambig_1\n\nChrist the King School may refer to:\n*Christ the King Catholic High School, Preston, Lancashire, England\n*Christ the King Catholic High School, Southport, Merseyside, England\n*Christ the King High School (Antigua), St. John's, Antigua and Barbuda\n*Christ The King Elementary School, Brantford, Ontario, Canada\n*Christ the King Sixth Form College, London, England\n*Christ the King School of Cavite, Philippines\nUnited States\n*Christ the King Cathedral School, Lubbock, Texas\n*Christ the King Catholic High School (North Carolina)\n*Christ the King Catholic School (Dallas, Texas), a Texas Association parochial school\n*Christ the King Catholic School (Oklahoma City, Oklahoma)\n*Christ the King Catholic School (Pleasant Hill, California)\n*Christ the King Catholic School (Tampa, Florida), a school in Hillsborough County, Florida\n*Christ the King Preparatory School (New Jersey)\n*Christ the King Regional High School, Queens, New York\n*Christ the King School (Atlanta, Georgia)\n*Christ the King Catholic School (Tampa, Florida)"
    }
  ]
}