{
  "content": [
    {
      "type": "text",
      "text": "# Chronology of the liberation of Dutch cities and towns during World War II\n\nand Dutch Zeeland (Battle of the Scheldt).]]\nThis is a chronological overview of the dates at which the liberation by the Allies in World War II took place of a number of Dutch cities and towns.\n1944\n* 14 September: Maastricht, Gulpen, Meerssen\n* 16 September: Simpelveld liberated by the 803rd tank destroyer battalion\n* 17 September: Sint-Oedenrode, Veghel, Son en Breugel, Heerlen\n* 18 September: Eindhoven, Geleen\n* 19 September: Veldhoven\n* 20 September: Nijmegen, Geldrop, Someren, Terneuzen\n* 21 September: Schijndel\n* 22 September: Weert\n* 24 September: Deurne\n* 26 September: Mook\n* 27 September: Helmond, Oss\nThe battle of Overloon started on 30 September\n* 5 October: Kerkrade\n* 6 October: Ossendrecht\n* 18 October: Venray\n* 27 October: Den Bosch, Tilburg, Bergen op Zoom (Operation Pheasant)\n* 29 October: Breda\n* 30 October: Tholen, Goes\n* 1 November: Vlissingen, Westkapelle\n* 2 November: Wissenkerke, Zoutelande\n* 6 November: Middelburg\n* 8 November: Veere, Koudekerke\n* 3 December: Blerick\n1945\n* 1 March: Roermond, Venlo\n* 1 April: Doetinchem, Borculo, Eibergen, Enschede\n* 3 April: Hengelo\n* 5 April: Almelo\n* 12 April: Westerbork, Brummen, Deventer\n* 13 April: Assen, Diepenveen, Olst\n* 14 April: Arnhem (Liberation of Arnhem), Zwolle\n* 15 April: Zutphen, Leeuwarden, Zoutkamp\n* 16 April: Groningen (Battle of Groningen)\n* 17 April: Otterlo (Battle of Otterlo)\n* 17 April: Apeldoorn\n* 5 May: Capitulation of the remaining German forces\n* 5 May: Amsterdam\n* 7 May: Utrecht\n* 9 May: De Klomp\n* 20 May: Texel (Georgian uprising on Texel)\n* 11 June: Schiermonnikoog\nSee also\n* Timeline of the Netherlands during World War II\n* Chronology of the liberation of Belgian cities and towns during World War II\nLiterature\n* J. Dankers & J. Verheul, Bezet gebied dag in dag uit (Utrecht 1985)."
    }
  ]
}