{
  "content": [
    {
      "type": "text",
      "text": "# Estadio Monumental\n\nEstadio Monumental ('Monumental Stadium') may refer to:\n*Estadio Monumental (Buenos Aires) in Argentina\n*Estadio Monumental David Arellano, in Santiago, Chile\n*Estadio Monumental de Caracas Simón Bolívar, in Caracas, Venezuela\n*Estadio Monumental de Condebamba, in Abancay, Peru\n*Estadio Monumental de Jauja, in Jauja, Peru\n*Estadio Monumental de Maturín in Maturín, Venezuela\n*Estadio Monumental Isidro Romero Carbo in Guayaquil, Ecuador\n*Estadio José Dellagiovanna, formerly Monumental de Victoria, in Victoria, Buenos Aires, Argentina\n*Estadio Monumental José Fierro, in San Miguel de Tucumán, Argentina\n*Estadio Monumental Presidente Perón, in Córdoba, Argentina\n*Estadio Monumental \"U\", in Lima, Peru\n*Estadio Monumental Universidad Andina de Juliaca, or Estadio Monumental de la UANCV, in Juliaca, Peru\n*Estadio Monumental Virgen de Chapi, in Arequipa, Peru\n*Cuscatlán Stadium, formally Monumental Estadio Cuscatlan, in San Salvador, El Salvador\n*Monumental Río Parapití, in Pedro Juan Caballero, Paraguay\nSee also\n*\n*\n*Estádio Olímpico Monumental, in Porto Alegre, Brazil\n* La Monumental, a stadium bullring in Barcelona, Spain\n*Monumental (disambiguation)"
    }
  ]
}