{
  "content": [
    {
      "type": "text",
      "text": "# Historical African place names\n\nThis is a list of historical African place names. The names on the left are linked to the corresponding subregion(s) from History of Africa.\n* Axum - Eritrea and Ethiopia\n* Africa (province) - Tunisia\n* Barbary Coast - Algeria\n* Bechuanaland - Botswana\n* Belgian Congo - Democratic Republic of the Congo\n* Carthage - Tunisia\n* Central African Empire - Central African Republic\n* Congo Free State - Democratic Republic of the Congo\n* Dahomey - Benin\n* Equatoria - Sudan and Uganda\n* Fernando Pó - Bioko\n* French Congo - Gabon and Republic of the Congo\n* French Equatorial Africa - Chad, Central African Republic, Gabon, Republic of the Congo\n* French Sudan - Mali\n* French West Africa - Mauritania, Senegal, Mali, Guinea, Ivory Coast, Niger, Burkina Faso, and Benin\n* German East Africa - Tanzania and Zanzibar\n* German South-West Africa - Namibia\n* The Gold Coast - Ghana\n* Guinea\n* Grain Coast or Pepper Coast - Liberia\n* Malagasy Republic - Madagascar\n* Mauritania Tingitana-Morocco\n* Mdre Bahri -Eritrea\n* Monomotapa - Zimbabwe, South Africa, Lesotho, Swaziland, Mozambique and parts of Namibia and Botswana\n* Middle Congo - Republic of the Congo\n* Nubia - Sudan and Egypt\n* Numidia - Algeria, Libya and Tunisia\n* Nyasaland - Malawi\n* Western Pentapolis - Libya\n* Portuguese Guinea - Guinea-Bissau\n* Rhodesia -\n:*Northern Rhodesia - Zambia\n:*Southern Rhodesia - Zimbabwe\n::*(Southern Rhodesia was commonly referred to simply as Rhodesia from 1964 to 1980)\n* Rwanda-Urundi - Rwanda and Burundi\n* The Slave Coast - Benin\n* Somaliland - Somalia\n* South-West Africa - Namibia\n* Spanish Sahara - Western Sahara\n* Swaziland - Eswatini\n* French Upper Volta - Republic of Upper Volta - Burkina Faso\n* Zaire - Republic of the Congo - Democratic Republic of the Congo\nSee also\n* List of former sovereign states"
    }
  ]
}