{
  "content": [
    {
      "type": "text",
      "text": "# Inventory of Swiss Heritage Sites\n\n}}\nThe Federal Inventory of Heritage Sites (ISOS) is part of a 1981 Ordinance of the Swiss Federal Council implementing the Federal Law on the Protection of Nature and Cultural Heritage.\nSites of national importance\n{| class=\"wikitable sortable\"\n|-\n! Site\n! Canton\n! Type\n|-\n|Aarau ||  || city\n|-\n|Aarburg ||  || town\n|-\n| Bad Schinznach (Schinznach Bad) ||  || special case\n|-\n|Baden/Ennetbaden ||  || city\n|-\n|Biberstein ||  || special case\n|-\n|Boswil ||  || village\n|-\n|Böttstein ||  || special case\n|-\n|Bremgarten ||  || town\n|-\n|Brugg ||  || city\n|-\n|Elfingen ||  || village\n|-\n|Endingen ||  || special case\n|-\n|Frick ||  || urbanized village\n|-\n| Hasli (Muri) ||  || hamlet\n|-\n|Hellikon ||  || village\n|-\n|Herznach ||  || village\n|-\n| Hettenschwil (Leuggern) ||  || hamlet\n|-\n|Hornussen ||  || village\n|-\n| Husen (Lengnau) ||  || hamlet\n|-\n|Ittenthal ||  || village\n|-\n|Jonen ||  || village\n|-\n|Kaiseraugst ||  || village\n|-\n|Kaiserstuhl ||  || town\n|-\n|Kirchbözberg (Unterbözberg) ||  || special case\n|-\n|Kirchdorf (Obersiggenthal) ||  || village\n|-\n|Klingnau ||  || town\n|-\n|Kloster Fahr (Würenlos) ||  || special case\n|-\n|Königsfelden Abbey (Windisch) ||  || special case\n|-\n|Laufenburg ||  || town\n|-\n|Lengnau ||  || special case\n|-\n|Lenzburg ||  || town\n|-\n|Linn ||  || village\n|-\n|Mandach ||  || village\n|-\n|Meisterschwanden ||  || special case\n|-\n|Mellingen ||  || town\n|-\n|Merenschwand ||  || village\n|-\n|Oberflachs ||  || village\n|-\n|Oberzeihen (Zeihen) ||  || hamlet\n|-\n|Obschlagen/Litzi (Jonen) ||  || hamlet\n|-\n|Oetlikon (Würenlos) ||  || hamlet\n|-\n|Rheinfelden ||  || town\n|-\n|Rupperswil Fabrikanlage (Rupperswil) ||  || special case\n|-\n|Schinznach Dorf ||  || village\n|-\n|Schöftland ||  || urbanized village\n|-\n|Tegerfelden ||  || village\n|-\n|Thalheim ||  || village\n|-\n|Ueberthal (Oberbözberg) ||  || hamlet\n|-\n|Unterendingen ||  || village\n|-\n|Veltheim ||  || village\n|-\n|Villigen ||  || village\n|-\n|Vogelsang (Lengnau) ||  || hamlet\n|-\n|Wallbach ||  || village\n|-\n|Wegenstetten ||  || village\n|-\n|Wettingen Limmatknie (Wettingen) ||  || special case\n|-\n|Wiggwil (Beinwil) ||  || hamlet\n|-\n|Wildegg (Möriken-Wildegg) ||  || special case\n|-\n|Winterschwil (Beinwil) ||  || hamlet\n|-\n|Wittnau ||  || village\n|-\n|Wölflinswil ||  || village\n|-\n|Würenlingen ||  || village\n|-\n|Zofingen ||  || town\n|-\n|Zurzach ||  || town\n|-\n|Appenzell ||  || city\n|-\n|Schlatt ||  || hamlet\n|-\n|Aarberg ||  || town\n|-\n|Schloss Aarwangen/Schürhof (Aarwangen) ||  || special case\n|-\n|Adlemsried (Boltigen) ||  || hamlet\n|-\n|Aeckenmatt (Wahlern) ||  || hamlet\n|-\n|Attiswil ||  || village\n|-\n|Balzenberg (Erlenbach im Simmental) ||  || hamlet\n|-\n|Bangerten ||  || village\n|-\n|Bellelay (Saicourt) ||  || special case\n|-\n|Bern ||  || city\n|-\n|Biel ||  || city\n|-\n|Bigel (Hasle bei Burgdorf) ||  || hamlet\n|-\n|Bipschal (Ligerz) ||  || hamlet\n|-\n|Bleienbach ||  || village\n|-\n|Blumenstein Kirche/Wäsemli/Eschli (Blumenstein) ||  || hamlet\n|-\n|Boltigen ||  || village\n|-\n|Bönigen ||  || village\n|-\n|Breitenegg (Wynigen) ||  || hamlet\n|-\n|Bremgarten bei Bern ||  || special case\n|-\n|Brienz ||  || urbanized village\n|-\n|Brienzwiler ||  || village\n|-\n|Brittenwald (Oberburg) ||  || hamlet\n|-\n|Brünigen (Meiringen) ||  || hamlet\n|-\n|Büelikofen/Graben (Zollikofen) ||  || hamlet\n|-\n|Bümpliz-Bethlehem (Bern) ||  || urbanized village\n|-\n|Büren an der Aare ||  || town\n|-\n|Büren zum Hof ||  || village\n|-\n|Burgdorf ||  || city\n|-\n|Bütikofen (Kirchberg) ||  || hamlet\n|-\n|Champoz ||  || village\n|-\n|Châtelat ||  || village\n|-\n|Chavannes (La Neuveville) ||  || hamlet\n|-\n|Chlyrot (Untersteckholz) ||  || hamlet\n|-\n|Cortébert ||  || village\n|-\n|Crémines ||  || village\n|-\n|Därstetten Kirche/Moos ||  || special case\n|-\n|Deisswil bei Münchenbuchsee ||  || hamlet\n|-\n|Diemtigen ||  || village\n|-\n|Diesse ||  || village\n|-\n|Dürrenroth ||  || village\n|-\n|Elektrizitätswerk Hagneck (Hagneck) ||  || special case\n|-\n|Elektrizitätswerk Kallnach (Kallnach) ||  || special case\n|-\n|Elisried (Wahlern) ||  || hamlet\n|-\n|Epsach ||  || village\n|-\n|Erlach ||  || town\n|-\n|Erlenbach im Simmental ||  || village\n|-\n|Flüelen (Lützelflüh) ||  || hamlet\n|-\n|Gals ||  || village\n|-\n|Gammen (Ferenbalm) ||  || village\n|-\n|Gäserz (Brüttelen) ||  || hamlet\n|-\n|Gerzensee ||  || village\n|-\n|Gimmelwald (Lauterbrunnen) ||  || hamlet\n|-\n|Goldbach (Hasle bei Burgdorf) ||  || village\n|-\n|Gorges de la Suze/Taubenlochschlucht (Péry, Vauffelin, Bienne) ||  || special case\n|-\n|Gottstatt (Orpund) ||  || special case\n|-\n|Grandval ||  || village\n|-\n|Gsteig bei Gstaad ||  || village\n|-\n|Gsteig bei Interlaken (Gsteigwiler/Wilderswil) ||  || village\n|-\n|Guetisberg (Heimiswil) ||  || hamlet\n|-\n|Guggisberg ||  || village\n|-\n|Gurtendörfli (Köniz) ||  || hamlet\n|-\n|Siedlung Halen (Kirchlindach) ||  || special case\n|-\n|Hämlismatt (Arni) ||  || hamlet\n|-\n|Häutligen ||  || village\n|-\n|Herzogenbuchsee ||  || urbanized village\n|-\n|Herzwil (Köniz) ||  || hamlet\n|-\n|Schloss Hindelbank (Hindelbank) ||  || special case\n|-\n|Hofen (Wohlen); see Hofenmühle ||  || hamlet\n|-\n|Hofwil (Münchenbuchsee) ||  || special case\n|-\n|Hotel Giessbach (Brienz) ||  || special case\n|-\n|Huttwil ||  || town\n|-\n|Illiswil (Wohlen) ||  || hamlet\n|-\n|Ins ||  || village\n|-\n|Interlaken (Interlaken/Unterseen) ||  || urbanized village\n|-\n|Iseltwald ||  || village\n|-\n|Jerisberghof (Ferenbalm) ||  || hamlet\n|-\n|Jolimontgut (Gals) ||  || special case\n|-\n|Kanderbrück (Frutigen) ||  || hamlet\n|-\n|Kirchdorf ||  || village\n|-\n|Kleine Scheidegg (Lauterbrunnen) ||  || special case\n|-\n|Kleinhöchstetten (Rubigen) ||  || hamlet\n|-\n|La Neuveville ||  || town\n|-\n|Schloss Landshut (Utzenstorf) ||  || special case\n|-\n|Längenbach (Lauperswil) ||  || hamlet\n|-\n|Langenthal ||  || town\n|-\n|Langnau im Emmental ||  || urbanized village\n|-\n|Laupen ||  || town\n|-\n|Le Cernil/La Chaux-de-Tramelan (Tramelan) ||  || hamlet\n|-\n|Leuzigen ||  || village\n|-\n|Liebewil (Köniz) ||  || hamlet\n|-\n|Ligerz ||  || village\n|-\n|Limpach ||  || village\n|-\n|Lindental (Vechigen) ||  || hamlet\n|-\n|Lützelflüh ||  || village\n|-\n|Lyssach ||  || village\n|-\n|Meienried ||  || special case\n|-\n|Meiniswil (Aarwangen) ||  || hamlet\n|-\n|Meiringen ||  || urbanized village\n|-\n|Mengestorf (Köniz) ||  || hamlet\n|-\n|Moosaffoltern (Rapperswil) ||  || hamlet\n|-\n|Möriswil (Wohlen) ||  || hamlet\n|-\n|Mötschwil ||  || hamlet\n|-\n|Moutier ||  || urbanized village\n|-\n|Kraftwerk Mühleberg (Mühleberg) ||  || special case\n|-\n|Mülchi ||  || village\n|-\n|Münchenwiler ||  || village\n|-\n|Anstalt Münsingen (Münsingen) ||  || special case\n|-\n|Nidau ||  || town\n|-\n|Nidflue (Därstetten) ||  || hamlet\n|-\n|Niederbottigen (Bern) ||  || hamlet\n|-\n|Niederösch ||  || village\n|-\n|Nods ||  || village\n|-\n|Oberbipp ||  || village\n|-\n|Oberbütschel (Rüeggisberg) ||  || hamlet\n|-\n|Oberdettigen (Wohlen) ||  || hamlet\n|-\n|Oberdiessbach ||  || urbanized village\n|-\n|Oberhofen ||  || urbanized village\n|-\n|Oberösch ||  || hamlet\n|-\n|Oberwil bei Büren ||  || village\n|-\n|Oberwil im Simmental ||  || village\n|-\n|Ochlenberg ||  || hamlet\n|-\n|Orvin ||  || village\n|-\n|Pfaffenried (Oberwil im Simmental) ||  || hamlet\n|-\n|Ranflüh (Rüderswil/Lützelflüh) ||  || village\n|-\n|Reconvilier ||  || urbanized village\n|-\n|Renan ||  || village\n|-\n|Ried (Rüderswil) ||  || hamlet\n|-\n|Riedbach (Bern, Frauenkappelen) ||  || hamlet\n|-\n|Riedern (Bern) ||  || hamlet\n|-\n|Riedtwil (Seeberg) ||  || village\n|-\n|Ringgenberg ||  || village\n|-\n|Rohrbach ||  || village\n|-\n|Rohrmoos (Oberburg) ||  || hamlet\n|-\n|Rüderswil ||  || village\n|-\n|Rüeggisberg ||  || village\n|-\n|Rumendingen ||  || village\n|-\n|Rüti bei Büren ||  || village\n|-\n|Rybrügg/Hasli (Frutigen) ||  || special case\n|-\n|Saanen ||  || village\n|-\n|Saint-Imier ||  || urbanized village\n|-\n|Im Sand (Moosseedorf) ||  || special case\n|-\n|Schufelbüel (Lützelflüh) ||  || hamlet\n|-\n|Schwanden (Rüeggisberg) ||  || hamlet\n|-\n|Schwanden (Schüpfen) ||  || village\n|-\n|Schwarzenburg (Wahlern) ||  || town\n|-\n|Seewil (Rapperswil) ||  || village\n|-\n|Signau ||  || village\n|-\n|Siselen ||  || village\n|-\n|Souboz ||  || village\n|-\n|St. Johannsen (Gals) ||  || special case\n|-\n|St. Petersinsel (Twann) ||  || special case\n|-\n|Sumiswald ||  || village\n|-\n|Taubenlochschlucht (Biel u.a.) ||  || special case\n|-\n|Tavannes ||  || urbanized village\n|-\n|Thun ||  || city\n|-\n|Trachselwald (Trachselwald/Lützelflüh) ||  || village\n|-\n|Trub ||  || village\n|-\n|Tüscherz (Tüscherz-Alfermée) ||  || village\n|-\n|Twann ||  || village\n|-\n|Unterseen (Unterseen/Interlaken) ||  || town\n|-\n|Vinelz ||  || village\n|-\n|Vordere Chlapf (Gerzensee) ||  || hamlet\n|-\n|Wäckerschwend (Ochlenberg) ||  || hamlet\n|-\n|Waldau (Bern) ||  || special case\n|-\n|Waldhaus (Lützelflüh) ||  || hamlet\n|-\n|Walperswil ||  || village\n|-\n|Wangen an der Aare ||  || town\n|-\n|Wattenwil (Worb) ||  || hamlet\n|-\n|Weissenburg (Därstetten) ||  || special case\n|-\n|Wiedlisbach ||  || town\n|-\n|Wiggiswil ||  || hamlet\n|-\n|Wilderswil ||  || urbanized village\n|-\n|Wiler (Därstetten) ||  || hamlet\n|-\n|Wiler (Sigriswil) ||  || hamlet\n|-\n|Wileroltigen ||  || village\n|-\n|Willadingen ||  || village\n|-\n|Wimmis ||  || village\n|-\n|Wingreis (Twann) ||  || hamlet\n|-\n|Winterswil (Schüpfen) ||  || hamlet\n|-\n|Witenbach (Lauperswil) ||  || hamlet\n|-\n|Wolei (Frauenkappelen) ||  || hamlet\n|-\n|Worbletal (Bolligen, Ittigen, Ostermundigen, Stettlen) ||  || special case\n|-\n|Zimlisberg (Rapperswil) ||  || hamlet\n|-\n|Allschwil ||  || village\n|-\n|Angenstein (Duggingen) ||  || special case\n|-\n|Anwil ||  || village\n|-\n|Arisdorf ||  || village\n|-\n|Arlesheim ||  || village\n|-\n|Augst mit Augusta Raurica ||  || special case\n|-\n|Bennwil ||  || village\n|-\n|Brüglingen (Münchenstein) ||  || special case\n|-\n|Burg im Leimental ||  || village\n|-\n|Buus ||  || village\n|-\n|Freidorf (Muttenz) ||  || special case\n|-\n|Gelterkinden ||  || urbanized village\n|-\n|Itingen ||  || village\n|-\n|Kilchberg ||  || village\n|-\n|Laufen ||  || town\n|-\n|Lausen ||  || special case\n|-\n|Liesbergmüli ||  || special case\n|-\n|Liestal ||  || town\n|-\n|Maisprach ||  || village\n|-\n|Muttenz ||  || village\n|-\n|Oltingen ||  || village\n|-\n|Pratteln ||  || urbanized village\n|-\n|Rothenfluh ||  || village\n|-\n|Rümlingen ||  || village\n|-\n|Schöntal (Langenbruck) ||  || special case\n|-\n|Sissach ||  || urbanized village\n|-\n|Waldenburg ||  || town\n|-\n|Wenslingen ||  || village\n|-\n|Wintersingen ||  || village\n|-\n|Ziefen ||  || village\n|-\n|Zwingen ||  || urbanized village\n|-\n|Basel ||  || city\n|-\n|Riehen ||  || urbanized village\n|-\n|St. Chrischona (Bettingen) ||  || special case\n|-\n|Barberêche/Petit et Grand Vivy (Barberêche) ||  || special case\n|-\n|Bösingen ||  || village\n|-\n|Bourguillon (Fribourg) ||  || special case\n|-\n|Broc-Fabrique (Broc) ||  || special case\n|-\n|Broc-Vieille Cure (Broc) ||  || special case\n|-\n|Bulle ||  || town\n|-\n|Bussy ||  || village\n|-\n|Châtel-Saint-Denis ||  || town\n|-\n|Chavannes-les-Forts (Siviriez) ||  || village\n|-\n|Corbières ||  || special case\n|-\n|Cressier ||  || village\n|-\n|Dompierre ||  || village\n|-\n|Estavannens ||  || village\n|-\n|Estavayer-le-Lac ||  || town\n|-\n|Font ||  || special case\n|-\n|Fribourg ||  || city\n|-\n|Galmis (Düdingen) ||  || hamlet\n|-\n|Grandvillard ||  || village\n|-\n|Granges-sur-Marly (Pierrafortscha) ||  || hamlet\n|-\n|Gruyères ||  || town\n|-\n|Hauterive (Posieux) ||  || special case\n|-\n|Jaun ||  || village\n|-\n|Jetschwil (Düdingen) ||  || hamlet\n|-\n|Kerzers ||  || urbanized village\n|-\n|Lessoc ||  || village\n|-\n|Lurtigen ||  || village\n|-\n|Mézières ||  || village\n|-\n|Montagny-les-Monts ||  || special case\n|-\n|Montbovon ||  || special case\n|-\n|Môtier (Haut-Vully) ||  || village\n|-\n|Muntelier ||  || village\n|-\n|Murten ||  || town\n|-\n|Neirivue (Haut-Intyamon) ||  || village\n|-\n|Orsonnens ||  || village\n|-\n|La Part Dieu (Gruyères) ||  || special case\n|-\n|Plaffeien ||  || village\n|-\n|Prayoud (Châtel-Saint-Denis) ||  || hamlet\n|-\n|Praz (Bas-Vully) ||  || village\n|-\n|Promasens ||  || village\n|-\n|Richterwil (Bösingen) ||  || hamlet\n|-\n|La Riedera (Essert, Montévraz) ||  || special case\n|-\n|Romont ||  || town\n|-\n|Rue ||  || town\n|-\n|Rueyres-Treyfayes ||  || hamlet\n|-\n|Salvenach ||  || village\n|-\n|Sensebrücke (Wünnewil-Flamatt) ||  || special case\n|-\n|Torny-le-Petit (Middes) ||  || hamlet\n|-\n|Vallon du Gottéron (Fribourg) ||  || special case\n|-\n|La Valsainte (Cerniat) ||  || special case\n|-\n|Villarsel-sur-Marly ||  || hamlet\n|-\n|Villars-sous-Mont ||  || village\n|-\n|Villars-sur-Marly (Pierrafortscha) ||  || hamlet\n|-\n|Villarvolard ||  || village\n|-\n|Vuippens ||  || special case\n|-\n|Vuissens ||  || village\n|-\n|Avully ||  || village\n|-\n|Bourdigny ||  || village\n|-\n|Carouge ||  || city\n|-\n|Carre ||  || hamlet\n|-\n|Cartigny ||  || village\n|-\n|Céligny ||  || village\n|-\n|Choully ||  || village\n|-\n|Compesières ||  || special case\n|-\n|Dardagny ||  || village\n|-\n|Genève ||  || city\n|-\n|Genthod ||  || village\n|-\n|Hermance ||  || town\n|-\n|Jussy ||  || village\n|-\n|Landecy ||  || village\n|-\n|Malval ||  || hamlet\n|-\n|Onex ||  || village\n|-\n|Peissy ||  || village\n|-\n|Satigny-Dessus ||  || special case\n|-\n|Sézegnin ||  || village\n|-\n|Sierne ||  || hamlet\n|-\n|Sionnet ||  || hamlet\n|-\n|Soral ||  || village\n|-\n|Veyrier ||  || urbanized village\n|-\n|Adlenbach (Luchsingen) ||  || hamlet\n|-\n|Diesbach ||  || village\n|-\n|Elm ||  || village\n|-\n|Ennenda ||  || urbanized village\n|-\n|Glarus ||  || city\n|-\n|Mollis ||  || village\n|-\n|Näfels ||  || urbanized village\n|-\n|Rüti ||  || village\n|-\n|Steinibach (Elm) ||  || hamlet\n|-\n|Ziegelbrücke (Niederurnen) ||  || special case\n|-\n|Almens ||  || village\n|-\n|Alvaneu ||  || village\n|-\n|Alvaschein ||  || village\n|-\n|Andeer ||  || village\n|-\n|Ardez ||  || village\n|-\n|Augio (Rossa) ||  || village\n|-\n|Averser Hofweiler (Avers) ||  || special case\n|-\n|Bergün/Bravuogn ||  || village\n|-\n|Bever ||  || village\n|-\n|Bodio/Cauco (Cauco) ||  || village\n|-\n|Bondo ||  || village\n|-\n| Borgonovo (Stampa) ||  || village\n|-\n|Bos-cha (Ardez) ||  || hamlet\n|-\n|Braggio: Aira/Mezzana/Miaddi/Oer/Refontana/ Stabbio ||  || village\n|-\n|Brienz ||  || village\n|-\n|Brün (Valendas) ||  || hamlet\n|-\n|Calfreisen ||  || village\n|-\n|Campi (Sils im Domleschg) ||  || special case\n|-\n|Cantone (Poschiavo) ||  || hamlet\n|-\n|Castasegna ||  || village\n|-\n|Castrisch ||  || village\n|-\n|Cavaione (Brusio) ||  || hamlet\n|-\n|Cavardiras (Disentis) ||  || hamlet\n|-\n|Chur ||  || city\n|-\n|Coltura (Stampa) ||  || village\n|-\n|Curaglia (Medel) ||  || village\n|-\n|Disla (Disentis) ||  || hamlet\n|-\n|Duvin ||  || village\n|-\n|Eidgenössische Pulvermühle (Chur) ||  || special case\n|-\n|Felsberg ||  || village\n|-\n|Fideris ||  || village\n|-\n|Filisur ||  || village\n|-\n|Fläsch ||  || village\n|-\n|Flims-Waldhaus ||  || special case\n|-\n|Fürstenau ||  || town\n|-\n|Grono con Pont del Ram e San Clemente ||  || village\n|-\n|Grüsch/Schmitten (Grüsch/Seewis) ||  || village\n|-\n|Guarda ||  || village\n|-\n|Haldenstein ||  || village\n|-\n|Igels/Degen ||  || village\n|-\n|Ilanz ||  || town\n|-\n|Jenins ||  || village\n|-\n|Küblis ||  || special case\n|-\n|La Punt (La Punt Chamues-ch) ||  || village\n|-\n|Landarenca (Arvigo) ||  || hamlet\n|-\n|Latsch (Bergün) ||  || hamlet\n|-\n|Lavin ||  || village\n|-\n|Lohn ||  || village\n|-\n|Lumbrein ||  || village\n|-\n|Luven ||  || village\n|-\n|Luzein ||  || village\n|-\n|Maienfeld ||  || town\n|-\n|Malans ||  || village\n|-\n|Medergen (Langwies) ||  || hamlet\n|-\n|Mesocco ||  || village\n|-\n|Monstein (Davos) ||  || village\n|-\n|Müstair ||  || urbanized village\n|-\n|Obermutten (Mutten) ||  || hamlet\n|-\n|Paspels ||  || special case\n|-\n|Pignia ||  || village\n|-\n|Poschiavo ||  || town\n|-\n|Prada (Poschiavo) ||  || village\n|-\n|Präz ||  || village\n|-\n|Promontogno (Bondo) ||  || village\n|-\n|Puntraschigna ||  || urbanized village\n|-\n|Putz (Luzein) ||  || hamlet\n|-\n|Reichenau (Tamins) ||  || special case\n|-\n|Reischen (Zillis-Reischen) ||  || hamlet\n|-\n|Riom (Riom-Parsonz) ||  || village\n|-\n|Rossa ||  || village\n|- valign=top\n|Roveredo con Ai Rogg, Beffeno, Carasole,  Guerra, Mot, Rugno, S. Fedele e S. Giulio ||  || urbanized village\n|-\n|Sagogn ||  || village\n|-\n|Salouf ||  || village\n|-\n|Samedan ||  || urbanized village\n|-\n|San Carlo (Poschiavo) ||  || village\n|-\n|San Vittore ||  || village\n|-\n|Santa Maria ||  || village\n|-\n|Santa Maria in Calanca ||  || village\n|-\n|Sapün (Langwies) ||  || hamlet\n|-\n|Sarn ||  || village\n|-\n|S-chanf ||  || village\n|-\n|Scharans ||  || village\n|-\n|Schlans ||  || village\n|-\n|Scuol ||  || urbanized village\n|-\n|Seewis im Prättigau ||  || village\n|-\n|Segnes (Disentis) ||  || village\n|-\n|Sent ||  || village\n|-\n|Sils im Domleschg ||  || special case\n|-\n|Soazza ||  || village\n|-\n|Soglio ||  || village\n|-\n|Somvix ||  || village\n|-\n|Splügen ||  || village\n|-\n|St. Luzisteig (Maienfeld/Fläsch) ||  || special case\n|-\n|Stampa ||  || village\n|-\n|Stierva ||  || village\n|-\n|Strassberg (Langwies) ||  || hamlet\n|-\n|Stugl (Bergün) ||  || hamlet\n|-\n|Sur En (Ardez) ||  || hamlet\n|-\n|Tamins ||  || village\n|-\n|Tarasp ||  || special case\n|-\n|Tersnaus ||  || village\n|-\n|Trun ||  || urbanized village\n|-\n|Tschlin ||  || village\n|-\n|Tumegl/Tomils-Ortenstein ||  || special case\n|-\n|Valendas ||  || village\n|-\n|Vicosoprano ||  || village\n|-\n|Villa ||  || village\n|-\n|Vnà (Ramosch) ||  || village\n|-\n|Vrin ||  || village\n|-\n|Vulpera (Tarasp) ||  || special case\n|-\n|Waltensburg ||  || village\n|-\n|Zernez ||  || urbanized village\n|-\n|Zillis (Zillis-Reischen) ||  || village\n|-\n|Zuoz ||  || village\n|-\n|Alle ||  || urbanized village\n|-\n|Bourrignon ||  || village\n|-\n|Chevenez ||  || village\n|-\n|Choindez (Courrendlin) ||  || special case\n|-\n|Coeuve ||  || village\n|-\n|Corban ||  || village\n|-\n|Courcelon (Courroux) ||  || hamlet\n|-\n|Delémont ||  || town\n|-\n|Fahy ||  || village\n|-\n|Grandgourt (Montignez) ||  || special case\n|-\n|La Bosse (Le Bémont) ||  || hamlet\n|-\n|La Chaux-des-Breuleux ||  || hamlet\n|-\n|La Maira (Buix) ||  || hamlet\n|-\n|Le Noirmont ||  || urbanized village\n|-\n|Les Cerlatez (Saignelégier) ||  || hamlet\n|-\n|Les Forges (Undervelier) ||  || special case\n|-\n|Les Pommerats ||  || village\n|-\n|Löwenburg (Pleigne) ||  || special case\n|-\n|Miécourt ||  || village\n|-\n|Montenol ||  || hamlet\n|-\n|Montignez ||  || village\n|-\n|Muriaux ||  || village\n|-\n|Pleujouse ||  || special case\n|-\n|Porrentruy ||  || town\n|-\n|Rocourt ||  || village\n|-\n|Saint-Ursanne ||  || town\n|-\n|Soulce ||  || village\n|-\n|Altishofen ||  || village\n|-\n|Beromünster ||  || town\n|-\n|Blatten (Malters) ||  || hamlet\n|-\n|Buttisholz ||  || village\n|-\n|Dierikon ||  || hamlet\n|-\n|Dottenberg (Adligenswil) ||  || hamlet\n|-\n|Ermensee ||  || village\n|-\n|Escholzmatt ||  || village\n|-\n|Geiss (Menznau) ||  || hamlet\n|-\n|Greppen ||  || village\n|-\n|Schloss Heidegg (Gelfingen) ||  || special case\n|-\n|Heiligkreuz (Hasle) ||  || special case\n|-\n|Hergiswald (Kriens) ||  || special case\n|-\n|Hitzkirch ||  || village\n|-\n|Hohenrain ||  || special case\n|-\n|Kulturlandschaft Kastelen (Alberswil, Ettiswil, Gettnau, Schötz) ||  || special case\n|-\n|Kirchbühl (Sempach) ||  || hamlet\n|-\n|Krummbach (Geuensee) ||  || hamlet\n|-\n|Luthern ||  || village\n|-\n|Luzern ||  || city\n|-\n|Marbach ||  || village\n|-\n|Mauensee ||  || special case\n|-\n|Villenlandschaft Meggen (Meggen) ||  || special case\n|-\n|Perlen (Buchrain/Root) ||  || special case\n|-\n|Richensee (Hitzkirch) ||  || special case\n|-\n|Ruswil ||  || village\n|-\n|Sankt Urban (Pfaffnau) ||  || special case\n|-\n|Seewagen (Kottwil) ||  || hamlet\n|-\n|Sempach ||  || town\n|-\n|Sursee ||  || town\n|-\n|Werthenstein ||  || special case\n|-\n|Willisau (Willisau Stadt) ||  || town\n|-\n|Auvernier ||  || village\n|-\n|Boudry ||  || town\n|-\n|Bussy/Le Sorgereux (valangin) ||  || special case\n|-\n|Buttes ||  || village\n|-\n|Cernier ||  || urbanized village\n|-\n|Cité Martini (Marin-Epagnier) ||  || special case\n|-\n|Cité Suchard (Neuchâtel) ||  || special case\n|-\n|Colombier ||  || urbanized village\n|-\n|Cortaillod ||  || village\n|-\n|Couvet ||  || urbanized village\n|-\n|Cressier ||  || village\n|-\n|Dombresson ||  || village\n|-\n|Fleurier ||  || urbanized village\n|-\n|Grandchamp (Boudry) ||  || special case\n|-\n|La Borcarderie (Valangin) ||  || special case\n|-\n|La Chaux-de-Fonds ||  || city\n|-\n|Le Landeron ||  || town\n|-\n|Le Locle ||  || city\n|-\n|Les Brenets ||  || urbanized village\n|-\n|Môtiers ||  || village\n|-\n|Neuchâtel ||  || city\n|-\n|Saint-Blaise ||  || village\n|-\n|Travers ||  || urbanized village\n|-\n|Valangin ||  || town\n|-\n|Vaumarcus ||  || special case\n|-\n|Beckenried ||  || urbanized village\n|-\n|Buochs ||  || urbanized village\n|-\n|Bürgenstock (Stansstad) ||  || special case\n|-\n|Chappelendorf (Dallenwil) ||  || hamlet\n|-\n|Kehrsiten (Stansstad) ||  || hamlet\n|-\n|Ridli (Beckenried) ||  || hamlet\n|-\n|Stans ||  || town\n|-\n|Flüeli-Ranft ||  || special case\n|-\n|Kirchhofen (Sarnen) ||  || special case\n|-\n|Lungern ||  || urbanized village\n|-\n|Obsee (Lungern) ||  || hamlet\n|-\n|Ramersberg ||  || hamlet\n|-\n|Rudenz ||  || special case\n|-\n|Sachseln ||  || urbanized village\n|-\n|Sarnen ||  || city\n|-\n|Bibermühle (Ramsen) ||  || special case\n|-\n|Dörflingen ||  || village\n|-\n|Gächlingen ||  || village\n|-\n|Hallau ||  || village\n|-\n|Lohn ||  || village\n|-\n|Löhningen ||  || village\n|-\n|Merishausen ||  || village\n|-\n|Neunkirch ||  || town\n|-\n|Oberhallau ||  || village\n|-\n|Osterfingen ||  || village\n|-\n|Ramsen ||  || village\n|-\n|Rüdlingen ||  || village\n|-\n|Schaffhausen ||  || city\n|-\n|Schleitheim ||  || village\n|-\n|Stein am Rhein ||  || town\n|-\n|Thayngen ||  || urbanized village\n|-\n|Wilchingen ||  || village\n|-\n|Aetingen ||  || village\n|-\n|Balm bei Messen ||  || village\n|-\n|Balsthal ||  || town\n|-\n|Büren ||  || village\n|-\n|Einsiedelei (Rüttenen) ||  || special case\n|-\n|Goetheanum (Dornach) ||  || special case\n|-\n|Gossliwil ||  || village\n|-\n|Grenchen ||  || urbanized village\n|-\n|Hessigkofen ||  || village\n|-\n|Hochwald ||  || village\n|-\n|Höngen (Laupersdorf) ||  || hamlet\n|-\n|Innere Klus (Balsthal) ||  || special case\n|-\n|Kloster Beinwil ||  || special case\n|-\n|Kreuzen (Rüttenen) ||  || special case\n|-\n|Lüsslingen ||  || village\n|-\n|Mariastein (Metzerlen) ||  || special case\n|-\n|Meltingen ||  || village\n|-\n|Messen ||  || village\n|-\n|Metzerlen ||  || village\n|-\n|Mühledorf ||  || village\n|-\n|Nennigkofen ||  || village\n|-\n|Neuendorf ||  || village\n|-\n|Niederbuchsiten ||  || village\n|-\n|Niedererlinsbach ||  || village\n|-\n|Nuglar (Nuglar-St. Pantaleon) ||  || village\n|-\n|Oberbuchsiten ||  || village\n|-\n|Oberdorf ||  || village\n|-\n|Olten ||  || town\n|-\n|Rodersdorf ||  || village\n|-\n|Schloss Waldegg/Feldbrunnen/St. Niklaus ||  || special case\n|-\n|Schnottwil ||  || village\n|-\n|Schönenwerd-Niedergösgen ||  || urbanized village\n|-\n|Seewen ||  || village\n|-\n|Solothurn ||  || city\n|-\n|St. Pantaleon (Nuglar-St. Pantaleon) ||  || village\n|-\n|St. Wolfgang ||  || special case\n|-\n|Tscheppach ||  || village\n|-\n|Arth ||  || village\n|-\n|Biberegg ||  || special case\n|-\n|Brunnen (Ingenbohl) ||  || urbanized village\n|-\n|Ecce Homo (Sattel) ||  || hamlet\n|-\n|Einsiedeln ||  || town\n|-\n|Etzelpass/St. Meinrad (Einsiedeln) ||  || special case\n|-\n|Gersau ||  || village\n|-\n|Grinau (Tuggen) ||  || special case\n|-\n|Küssnacht am Rigi ||  || town\n|-\n|Lachen ||  || town\n|-\n|Merlischachen ||  || hamlet\n|-\n|Muotathal ||  || village\n|-\n|Pfäffikon-Unterdorf ||  || special case\n|-\n|Schwyz ||  || city\n|-\n|Seestatt ||  || hamlet\n|-\n|Siebnen (Schübelbach) ||  || village\n|-\n|Steinen ||  || village\n|-\n|Ufenau (Freienbach) ||  || special case\n|-\n|Altenchlingen (Engwang) ||  || special case\n|-\n|Altnau ||  || village\n|-\n|Alt-Paradies (Unterschlatt) ||  || special case\n|-\n|Anwil (Fischingen) ||  || hamlet\n|-\n|Arbon ||  || town\n|-\n|Aumühle (Frauenfeld) ||  || special case\n|-\n|Balgen (Egnach) ||  || hamlet\n|-\n|Berlingen ||  || village\n|-\n|Birmoos (Egnach) ||  || hamlet\n|-\n|Bischofszell ||  || town\n|-\n|Blidegg-Degenau (Sitterdorf) ||  || special case\n|-\n|Boltshausen (Märstetten) ||  || hamlet\n|-\n|Bommen (Alterswilen) ||  || hamlet\n|-\n|Bürglen ||  || town\n|-\n|Chratzeren (Frasnacht) ||  || hamlet\n|-\n|Dickihof (Unterschlatt) ||  || hamlet\n|-\n|Diessenhofen ||  || town\n|-\n|Engwang ||  || hamlet\n|-\n|Erlen-Eppishusen ||  || urbanized village\n|-\n|Ermatingen ||  || town\n|-\n|Eschenzer Becken ||  || special case\n|-\n|Farhof (Oberneunforn) ||  || hamlet\n|-\n|Fischingen ||  || special case\n|-\n|Frauenfeld ||  || city\n|-\n|Glarisegg (Steckborn) ||  || special case\n|-\n|Gottlieben ||  || town\n|-\n|Griesenberg ||  || special case\n|-\n|Grüneck (Müllheim) ||  || special case\n|-\n|Gündelhart (Gündelhart/Hörhausen) ||  || hamlet\n|-\n|Hagenwil (Räuchlisberg) ||  || village\n|-\n|Hard (Mauren) ||  || hamlet\n|-\n|Hauptwil ||  || village\n|-\n|Heiligkreuz (Wuppenau) ||  || hamlet\n|-\n|Hessenreuti ||  || hamlet\n|-\n|Hüttlingen ||  || village\n|-\n|Karthause Ittingen (Warth) ||  || special case\n|-\n|Kehlhof (Berg) ||  || hamlet\n|-\n|Kesswil ||  || village\n|-\n|Kreuzlingen ||  || urbanized village\n|-\n|Lustdorf ||  || village\n|-\n|Lütmerken (Griesenberg) ||  || hamlet\n|-\n|Mammern ||  || special case\n|-\n|Märstetten ||  || village\n|-\n|Münsterlingen (Scherzingen/Landschlacht) ||  || special case\n|-\n|Närgeten (Weiningen) ||  || hamlet\n|-\n|Niederneunforn ||  || village\n|-\n|Nussbaumen ||  || village\n|-\n|Oberneunforn ||  || village\n|-\n|Oberwangen (Fischingen) ||  || hamlet\n|-\n|Oettlishusen (Hohentannen) ||  || special case\n|-\n|Ottenberg Südhang ||  || special case\n|-\n|Ottoberg (Märstetten) ||  || village\n|-\n|Rheinklingen ||  || village\n|-\n|Roggwil ||  || village\n|-\n|Romanshorn ||  || urbanized village\n|-\n|Salenstein ||  || village\n|-\n|Schlossbereich Untersee Ost (Tägerwilen, Salenstein) ||  || special case\n|-\n|Schlossbereich Untersee West (Lanzenneunforn, Mammern) ||  || special case\n|-\n|Schönholzerswilen ||  || village\n|-\n|Sommeri ||  || village\n|-\n|St. Katharinental (Willisdorf) ||  || special case\n|-\n|Steckborn ||  || town\n|-\n|Steinebrunn (Egnach) ||  || village\n|-\n|Stettfurt ||  || village\n|-\n|Tobel ||  || special case\n|-\n|Triboltingen ||  || village\n|-\n|Trüttlikon (Buch) ||  || hamlet\n|-\n|Watt (Roggwil) ||  || hamlet\n|-\n|Weinfelden ||  || town\n|-\n|Wertbüel (Reuti) ||  || hamlet\n|-\n|Zezikon ||  || hamlet\n|-\n|Zihlschlacht ||  || village\n|-\n|Airolo ||  || town\n|-\n|Altanca (Quinto) ||  || village\n|-\n|Anzonico ||  || village\n|-\n|Aranno ||  || village\n|-\n|Arogno ||  || village\n|-\n|Arzo ||  || village\n|-\n|Ascona ||  || town\n|-\n|Astano ||  || village\n|-\n|Auressio ||  || village\n|-\n|Aurigeno ||  || village\n|-\n|Avegno chiesa e di dentro (Avegno) ||  || village\n|-\n|Avegno di fuori (Avegno) ||  || village\n|-\n|Barbengo ||  || village\n|-\n|Bedigliora ||  || village\n|-\n|Bedretto ||  || village\n|-\n|Bellinzona ||  || city\n|-\n|Berzona ||  || village\n|-\n|Biasca ||  || town\n|-\n|Bidogno ||  || village\n|-\n|Bignasco ||  || village\n|-\n|Biogno (Breganzona) ||  || hamlet\n|-\n|Bissone ||  || village\n|-\n|Bordei (Palagnedra) ||  || hamlet\n|-\n|Borgnone ||  || village\n|-\n|Boschetto (Cevio) ||  || village\n|-\n|Bosco/Gurin ||  || village\n|-\n|Brè (Lugano) ||  || village\n|-\n|Breno ||  || village\n|-\n|Brione Verzasca ||  || village\n|-\n|Isole di Brissago (Brissago) ||  || special case\n|-\n|Broglio ||  || village\n|-\n|Brontallo ||  || village\n|-\n|Brusata (Novazzano) ||  || hamlet\n|-\n|Brusgnano-Freggio (Osco) ||  || village\n|-\n|Brusino Arsizio ||  || village\n|-\n|Cabbio ||  || village\n|-\n|Calonico ||  || village\n|-\n|Calpiogna ||  || village\n|-\n|Campo Vallemaggia ||  || village\n|-\n|Campora (Caneggio) ||  || hamlet\n|-\n|Carona ||  || village\n|-\n|Casima ||  || village\n|-\n|Caslano ||  || village\n|-\n|Castagnola (Lugano) ||  || special case\n|-\n|Castel San Pietro ||  || village\n|-\n|Castelrotto (Croglio) ||  || village\n|-\n|Cevio/Rovana (Cevio) ||  || village\n|-\n|Chiasso ||  || special case\n|-\n|Chironico ||  || village\n|-\n|Cimadera ||  || village\n|-\n|Cimalmotto (Campo Vallemaggia) ||  || village\n|-\n|Ciona (Carona) ||  || hamlet\n|-\n|Comologno ||  || village\n|-\n|Corino (Cerentino) ||  || hamlet\n|-\n|Corippo ||  || village\n|-\n|Cortignelli (Peccia) ||  || hamlet\n|-\n|Costa (Borgnone) ||  || village\n|-\n|Curio ||  || village\n|-\n|Dangio (Aquila) ||  || village\n|-\n|Dongio ||  || village\n|-\n|Faido ||  || urbanized village\n|-\n|Figgione (Rossura) ||  || hamlet\n|-\n|Fontana (Airolo) ||  || village\n|-\n|Fusio ||  || village\n|-\n|Gandria ||  || village\n|-\n|Cantine di Gandria (Gandria) ||  || special case\n|-\n|Giornico ||  || village\n|-\n|Golino (Centovalli) ||  || village\n|-\n|Gresso ||  || village\n|-\n|Indemini ||  || village\n|-\n|Intragna ||  || village\n|-\n|Iseo ||  || village\n|-\n|Largario ||  || hamlet\n|-\n|Lavertezzo ||  || village\n|-\n|Ligornetto ||  || village\n|-\n|Linescio ||  || village\n|-\n|Lionza (Borgnone) ||  || village\n|-\n|Locarno ||  || city\n|-\n|Loco ||  || village\n|-\n|Lugano ||  || city\n|-\n|Magadino-Rivabella (Magadino) ||  || village\n|-\n|Melano ||  || village\n|-\n|Mendrisio ||  || town\n|-\n|Meride ||  || village\n|-\n|Moghegno ||  || village\n|-\n|Moleno ||  || village\n|-\n|Monte ||  || village\n|-\n|Morcote ||  || village\n|-\n|Mosogno di sotto (Mosogno) ||  || hamlet\n|-\n|Muggio ||  || village\n|-\n|Muzzano ||  || village\n|-\n|Navone (Semione) ||  || hamlet\n|-\n|Olivone/Solario (Olivone) ||  || village\n|-\n|Origlio ||  || village\n|-\n|Orino/Ronge (Malvaglia) ||  || village\n|-\n|Osco ||  || village\n|-\n|Osignano (Sigirino) ||  || hamlet\n|-\n|Palagnedra ||  || village\n|-\n|Piotta (Quinto) ||  || village\n|-\n|Pontirone (Biasca) ||  || village\n|-\n|Ponto Valentino ||  || village\n|-\n|Prato (Prato-Sornico) ||  || village\n|-\n|Preonzo ||  || village\n|-\n|Primadengo (Calpiogna) ||  || hamlet\n|-\n|Quinto ||  || village\n|-\n|Rancate ||  || village\n|-\n|Rasa (Intragna) ||  || village\n|-\n|Riva San Vitale ||  || town\n|-\n|Ronco (Quinto) ||  || village\n|-\n|Rossura ||  || village\n|-\n|Rovio ||  || village\n|-\n|Russo ||  || village\n|-\n|Sala-Capriasca ||  || village\n|-\n|San Bartolomeo (Vogorno) ||  || hamlet\n|-\n|Ospizio del San Gottardo (Airolo) ||  || special case\n|-\n|Chiesa di Sant' Abbondio (Gentilino) ||  || special case\n|-\n|Chiesa di Santa Maria d' Iseo (Vernate) ||  || special case\n|-\n|Convento di Santa Maria del Bigorio (Sala-Capriasca) ||  || special case\n|-\n|Monastero di Santa Maria (Claro) ||  || special case\n|-\n|Scudellate (Muggio) ||  || village\n|-\n|Semione ||  || village\n|-\n|Sessa ||  || village\n|-\n|Sobrio-Ronzano (Sobrio) ||  || village\n|-\n|Someo ||  || village\n|-\n|Sonogno ||  || village\n|-\n|Sonvico ||  || village\n|-\n|Sornico (Prato-Sornico) ||  || village\n|-\n|Stabio ||  || town\n|-\n|Tengia (Rossura) ||  || village\n|-\n|Torello (Carona) ||  || special case\n|-\n|Val Bavona (Bignasco/Cavergno) ||  || special case\n|-\n|Val Malvaglia (Malvaglia) ||  || special case\n|-\n|Verdasio (Intragna) ||  || village\n|-\n|Verscio ||  || village\n|-\n|Villa (Bedretto) ||  || village\n|-\n|Villa (Coldrerio) ||  || village\n|-\n|Altdorf ||  || city\n|-\n|Amsteg (Silenen) ||  || special case\n|-\n|Andermatt ||  || village\n|-\n|Bauen ||  || village\n|-\n|Bürglen ||  || village\n|-\n|Dörfli (Silenen) ||  || hamlet\n|-\n|Erstfeld ||  || urbanized village\n|-\n|Flüelen ||  || urbanized village\n|-\n|Göschenen ||  || urbanized village\n|-\n|Gurtnellen-Wyler (Gurtnellen) ||  || special case\n|-\n|Hospenthal ||  || village\n|-\n|Maderanertal Berghotel (Silenen) ||  || special case\n|-\n|Aigle ||  || town\n|-\n|Aran (Villette) ||  || village\n|-\n|Aubonne ||  || town\n|-\n|Avenches ||  || town\n|-\n|Begnins ||  || village\n|-\n|Bougy-Villars ||  || village\n|-\n|Bugnaux (Essertines-sur-Rolle) ||  || hamlet\n|-\n|Bursins ||  || village\n|-\n|Burtigny ||  || village\n|-\n|Caux (Montreux) ||  || special case\n|-\n|Château de Chillon (Veytaux) ||  || special case\n|-\n|Châtelard (Lutry) ||  || hamlet\n|-\n|La Chaux (Cossonay) ||  || village\n|-\n|Chavannes-sur-Moudon ||  || village\n|-\n|Chez-les-Aubert (Le Chenit) ||  || hamlet\n|-\n|Colombier ||  || village\n|-\n|Combremont-le-Petit ||  || village\n|-\n|Coppet ||  || town\n|-\n|Cossonay ||  || town\n|-\n|Cotterd (Bellerive) ||  || hamlet\n|-\n|Cuarnens ||  || village\n|-\n|Cully ||  || town\n|-\n|Denezy ||  || village\n|-\n|Eclépens ||  || village\n|-\n|Epesses ||  || village\n|-\n|Etoy ||  || village\n|-\n|Féchy ||  || village\n|-\n|Ferreyres ||  || village\n|-\n|Flendruz (Rougemont) ||  || hamlet\n|-\n|Gimel ||  || village\n|-\n|Givrins ||  || village\n|-\n|Grandcour ||  || village\n|-\n|Grandvaux ||  || village\n|-\n|Granges-près-Marnand ||  || urbanized village\n|-\n|Gryon ||  || urbanized village\n|-\n|Haras fédéral (Avenches) ||  || special case\n|-\n|Huémoz (Ollon) ||  || village\n|-\n|Jouxtens-Mézery ||  || special case\n|-\n|L'Etivaz (Château-d'Œx) ||  || hamlet\n|-\n|L'Isle ||  || special case\n|-\n|La Forclaz (Ormont-Dessous) ||  || village\n|-\n|La Ville (Ormont-Dessus) ||  || hamlet\n|-\n|Lausanne ||  || city\n|-\n|Lavigny ||  || village\n|-\n|Le Bévieux (Bex) ||  || special case\n|-\n|Le Lieu ||  || village\n|-\n|Le Pont (L'Abbaye) ||  || village\n|-\n|Le Séchey (Le Lieu) ||  || village\n|-\n|Le Sentier (Le Chenit) ||  || urbanized village\n|-\n|Le Solliat (Le Chenit) ||  || village\n|-\n|Les Posses (Bex) ||  || village\n|-\n|Leysin ||  || urbanized village\n|-\n|Lonay ||  || village\n|-\n|Lovatens ||  || village\n|-\n|Lucens ||  || town\n|-\n|Luins ||  || hamlet\n|-\n|Lutry ||  || town\n|-\n|Marchissy ||  || village\n|-\n|Mex ||  || village\n|-\n|Mollens ||  || village\n|-\n|Montet (Cudrefin) ||  || village\n|-\n|Montreux ||  || special case\n|-\n|Mont-sur-Rolle ||  || village\n|-\n|Morges ||  || town\n|-\n|Moudon ||  || town\n|-\n|Noville ||  || village\n|-\n|Nyon ||  || city\n|-\n|Ogens ||  || village\n|-\n|Ollon ||  || village\n|-\n|Orny ||  || village\n|-\n|Oron-le-Châtel ||  || special case\n|-\n|Pampigny ||  || village\n|-\n|Payerne ||  || town\n|-\n|Perroy ||  || village\n|-\n|Poudrerie fédérale (Aubonne) ||  || special case\n|-\n|Prangins ||  || village\n|-\n|Pully ||  || urbanized village\n|-\n|Riex ||  || village\n|-\n|Rivaz ||  || village\n|-\n|Rolle ||  || town\n|-\n|Rossinière ||  || village\n|-\n|Rougemont ||  || village\n|-\n|Saint-Livres ||  || village\n|-\n|Saint-Prex ||  || town\n|-\n|Saint-Saphorin ||  || village\n|-\n|Saint-Saphorin-sur-Morges ||  || village\n|-\n|La Sarraz ||  || town\n|-\n|Sassel ||  || village\n|-\n|Savuit (Lutry) ||  || hamlet\n|-\n|Tartegnin ||  || hamlet\n|-\n|Taveyanne (Gryon) ||  || special case\n|-\n|Territet/Veytaux (Montreux et Veytaux) ||  || urbanized village\n|-\n|Trey ||  || village\n|-\n|Treytorrens ||  || village\n|-\n|Treytorrens (Puidoux) ||  || hamlet\n|-\n|Vallamand-Dessous (Bellerive) ||  || hamlet\n|-\n|Vernand-Dessus (Lausanne) ||  || special case\n|-\n|Vers-l'Eglise (Ormont-Dessus) ||  || village\n|-\n|Vevey ||  || city\n|-\n|Veyges (Leysin) ||  || hamlet\n|-\n|Villarzel ||  || village\n|-\n|Villas Dubochet (Montreux) ||  || special case\n|-\n|Villeneuve ||  || town\n|-\n|Vinzel ||  || hamlet\n|-\n|Vufflens-la-Ville ||  || village\n|-\n|Vufflens-le-Château ||  || special case\n|-\n|Vullierens ||  || village\n|-\n|Yens ||  || village\n|-\n|Yvorne/Vers Morey ||  || village\n|-\n|Albinen ||  || village\n|-\n|Ammere/Gadme/Wiler (Blitzingen) ||  || hamlet\n|-\n|Ayer ||  || village\n|-\n|Barmüli (Visperterminen) ||  || hamlet\n|-\n|Bidermatten (Saas Balen) ||  || hamlet\n|-\n|Biel ||  || village\n|-\n|Bitzinen (Visperterminen) ||  || hamlet\n|-\n|Blatten ||  || village\n|-\n|Blatten (Naters) ||  || village\n|-\n|Bodma (Bellwald) ||  || hamlet\n|-\n|Bodmen (Blitzingen) ||  || hamlet\n|-\n|Bodmen (Mund) ||  || hamlet\n|-\n|Bourg-Saint-Pierre ||  || village\n|-\n|Bramois (Sion) ||  || village\n|-\n|Branson (Fully) ||  || hamlet\n|-\n|Brig ||  || city\n|-\n|Bruson (Bagnes) ||  || village\n|-\n|Burge (Törbel) ||  || hamlet\n|-\n|Le Châble (Bagnes) ||  || village\n|-\n|Commeire (Orsières) ||  || hamlet\n|-\n|Conthey-Bourg/St-Séverin (Conthey) ||  || special case\n|-\n|Eggen (Betten) ||  || hamlet\n|-\n|Eggen (Simplon) ||  || hamlet\n|-\n|Eischoll ||  || village\n|-\n|Eisten ||  || village\n|-\n|Eisten (Blatten) ||  || hamlet\n|-\n|Ernen ||  || village\n|-\n|Erschmatt ||  || village\n|-\n|Evionnaz ||  || village\n|-\n|Evolène ||  || village\n|-\n|Fäld (Binn) ||  || hamlet\n|-\n|Feld (Törbel) ||  || hamlet\n|-\n|Feschel ||  || village\n|-\n|Finhaut ||  || special case\n|-\n|Fontenelle (Bagnes) ||  || hamlet\n|-\n|Geschinen ||  || village\n|-\n|Gletsch (Oberwald) ||  || special case\n|-\n|Gluringen ||  || village\n|-\n|Goppisberg ||  || village\n|-\n|Grand St-Bernard (Bourg-St-Pierre) ||  || special case\n|-\n|Greich ||  || village\n|-\n|Grengiols ||  || village\n|-\n|Grimentz ||  || village\n|-\n|Les Haudères (Evolène) ||  || village\n|-\n|Hérémence ||  || village\n|-\n|Isérables ||  || village\n|-\n|Kippel ||  || village\n|-\n|Lana (Evolène) ||  || hamlet\n|-\n|Lens ||  || village\n|-\n|Leuk ||  || town\n|-\n|Liddes ||  || village\n|-\n|Mâche/Mâchette (Hérémence) ||  || hamlet\n|-\n|Martigny-Bourg (Martigny) ||  || town\n|-\n|Martigny-Ville (Martigny) ||  || city\n|-\n|Mase ||  || village\n|-\n|Médières (Bagnes) ||  || village\n|-\n|Miéville (Vernayaz) ||  || hamlet\n|-\n|Mühlebach ||  || village\n|-\n|Münster ||  || village\n|-\n|Naters ||  || urbanized village\n|-\n|Neubrück (Stalden) ||  || special case\n|-\n|Niedergesteln ||  || village\n|-\n|Niederhäusern (Visperterminen) ||  || hamlet\n|-\n|Niederwald ||  || village\n|-\n|Obergesteln ||  || village\n|-\n|Oberstalden (Visperterminen) ||  || hamlet\n|-\n|Pinsec (St-Jean) ||  || hamlet\n|-\n|Plan Cerisier (Martigny-Combe) ||  || special case\n|-\n|Rarner Chumma (Raron) ||  || hamlet\n|-\n|Raron ||  || village\n|-\n|Reckingen ||  || village\n|-\n|Ritzingen ||  || village\n|-\n|Saillon ||  || town\n|-\n|Saint-Gingolph ||  || special case\n|-\n|Saint-Jean ||  || village\n|-\n|Saint-Maurice ||  || city\n|-\n|Saint-Pierre-de-Clages (Chamoson) ||  || village\n|-\n|Sarreyer (Bagnes) ||  || village\n|-\n|Schmidigehischere (Binn) ||  || village\n|-\n|Selkingen ||  || village\n|-\n|Sembrancher ||  || town\n|-\n|Sierre ||  || special case\n|-\n|Simplon-Dorf (Simplon) ||  || village\n|-\n|Simplon-Pass (Simplon) ||  || special case\n|-\n|Sion ||  || city\n|-\n|Stalden ||  || village\n|-\n|Törbel ||  || village\n|-\n|Le Trétien (Salvan) ||  || hamlet\n|-\n|Turtig/Wandfluh (Raron, Bürchen, Eischoll) ||  || special case\n|-\n|Turtmann ||  || village\n|-\n|Ulrichen ||  || village\n|-\n|Unterstalden (Visperterminen) ||  || hamlet\n|-\n|Vens (Vollèges) ||  || hamlet\n|-\n|Venthône ||  || village\n|-\n|Vionnaz ||  || village\n|-\n|Visp ||  || town\n|-\n|Vissoie ||  || village\n|-\n|Vollèges ||  || village\n|-\n|Vouvry ||  || village\n|-\n|Wasen (Bitsch) ||  || hamlet\n|-\n|Weissenried (Blatten) ||  || hamlet\n|-\n|Berchtwil (Risch) ||  || hamlet\n|-\n|Cham ||  || urbanized village\n|-\n|Kloster Frauental (Cham) ||  || special case\n|-\n|Kloster Gubel (Menzingen) ||  || special case\n|-\n|Hofsiedlungslandschaft Schwand (Menzingen, Neuheim) ||  || special case\n|-\n|Fabrikanlage Lorzenweid (Cham) ||  || special case\n|-\n|Meisterswil/Talacher (Hünenberg) ||  || hamlet\n|-\n|Neuägeri (Unterägeri) ||  || special case\n|-\n|Niederwil (Cham) ||  || village\n|-\n|Schönfels/Felsenegg, ehem. Hotelanlagen (Zug) ||  || special case\n|-\n|Spinnerei an der Lorze (Baar) ||  || special case\n|-\n|St. Wolfgang/Wart (Hünenberg) ||  || special case\n|-\n|Ufersiedlungslandschaft Risch/Buonas (Risch) ||  || special case\n|-\n|Zug ||  || city\n|-\n|Andelfingen ||  || village\n|-\n|Bauma ||  || urbanized village\n|-\n|Berg am Irchel ||  || village\n|-\n|Blitterswil/Juckern ||  || special case\n|-\n|Bocken Landgut ||  || special case\n|-\n|Bülach ||  || town\n|-\n|Burg (Meilen) ||  || hamlet\n|-\n|Dägerlen ||  || hamlet\n|-\n|Dürstelen ||  || hamlet\n|-\n|Eglisau ||  || town\n|-\n|Elgg mit Schloss ||  || town\n|-\n|Ellikon am Rhein ||  || hamlet\n|-\n|Feldbach/Schirmensee ||  || special case\n|-\n|Feuerthalen ||  || urbanized village\n|-\n|Freudwil ||  || hamlet\n|-\n|Girsberg mit Schloss ||  || hamlet\n|-\n|Glattfelden ||  || village\n|-\n|Greifensee ||  || town\n|-\n|Grossholz/Grüt (Mettmenstetten) ||  || hamlet\n|-\n|Grundhof/Mörsburg ||  || hamlet\n|-\n|Gründisau ||  || hamlet\n|-\n|Grüningen ||  || town\n|-\n|Guntalingen ||  || village\n|-\n|Hauptikon ||  || hamlet\n|-\n|Hermatswil ||  || hamlet\n|-\n|Hinter-Uttenberg ||  || hamlet\n|-\n|Horgen ||  || urbanized village\n|-\n|Husen mit Schloss Wyden ||  || hamlet\n|-\n|Husertal ||  || hamlet\n|-\n|Spinnerei Jakobsthal (Bülach) ||  || special case\n|-\n|Kappel/Näfenhüser ||  || special case\n|-\n|Kirchinhard ||  || village\n|-\n|Kyburg ||  || village\n|-\n|Schloss Laufen ||  || special case\n|-\n|Lützelsee ||  || hamlet\n|-\n|Marthalen ||  || village\n|-\n|Maschwanden ||  || village\n|-\n|Mülenen (Richterswil) ||  || special case\n|-\n|Mutzmalen ||  || hamlet\n|-\n|Neerach ||  || village\n|-\n|Neuthal ||  || special case\n|-\n|Oberrifferswil ||  || village\n|-\n|Oberstammheim ||  || village\n|-\n|Oberteufen mit Schloss ||  || special case\n|-\n|Oetikon ||  || urbanized village\n|-\n|Oetwil an der Limmat ||  || village\n|-\n|Ossingen ||  || village\n|-\n|Otelfingen ||  || village\n|-\n|Ottenhusen ||  || hamlet\n|-\n|Pfäffikon ||  || urbanized village\n|-\n|Pfungen ||  || village\n|-\n|Rafz ||  || village\n|-\n|Regensberg ||  || town\n|-\n|Rheinau mit Kloster und Klinik ||  || special case\n|-\n|Richterswil ||  || urbanized village\n|-\n|Rudolfingen ||  || village\n|-\n|Rüti mit Untertann ||  || urbanized village\n|-\n|Landgut Schipf mit Seeuferhang ||  || special case\n|-\n|Seegräben ||  || village\n|-\n|Stadel ||  || village\n|-\n|Tüfenbach ||  || hamlet\n|-\n|Unterstammheim ||  || village\n|-\n|Uster ||  || urbanized village\n|-\n|Wald ||  || urbanized village\n|-\n|Waltalingen mit Schloss Schwandegg ||  || village\n|-\n|Wangen ||  || village\n|-\n|Wasterkingen ||  || village\n|-\n|Weissenbach ||  || hamlet\n|-\n|Wellenau ||  || hamlet\n|-\n|Wiesendangen ||  || village\n|-\n|Winikon ||  || hamlet\n|-\n|Winterthur ||  || city\n|}\nTypes\nThe types are based on the Ordinance and consolidated/translated as follows:\n*city: , ,\n*town: , ,\n*urbanized village: , , ,\n*village: , , ,\n*hamlet: , , ,\n*special case: , , ,\nReferences\n*\nExternal links\n* [http://www.isos.ch ISOS]\n* [https://web.archive.org/web/20110706221202/http://www.enhk.admin.ch/en/topics/heritage-sites/index.html Heritage sites]\n*"
    }
  ]
}