{
  "content": [
    {
      "type": "text",
      "text": "# Kingstown (disambiguation)\n\nKingstown is the capital city of Saint Vincent and the Grenadines.\nKingstown may also refer to:\nPlaces\nAustralia\n*Kingstown, New South Wales\nIreland\n*Dún Laoghaire, Ireland, named Kingstown from 1821 until 1921\nUnited Kingdom\n* Kingstown, a townland in County Fermanagh, Northern Ireland\nUnited States\n*Kingstown, Maryland\n*Kingstown, North Carolina\n*North Kingstown, Rhode Island\n*South Kingstown, Rhode Island\nOrganisations\n*Kingstown Radio, a radio station in Kingston upon Hull, England\nSee also\n*\n*King's Town\n*Kington (disambiguation)\n*Kingston (disambiguation)\n*Kingstone (disambiguation)"
    }
  ]
}