{
  "content": [
    {
      "type": "text",
      "text": "# List of Buckinghamshire County Cricket Club grounds\n\nBuckinghamshire County Cricket Club was established on 15 January 1891. It has since played minor counties cricket from 1895 and played List A cricket from 1965 to 2005, using a different number of home grounds during that time. Their first home minor counties fixture in 1895 was against Oxfordshire at The Big Field, Wolverton, while their first home List A match came 75 years later against Bedfordshire in the 1970 Gillette Cup at London Road, High Wycombe.\nThe 24 grounds that Buckinghamshire have used for home matches since 1895 are listed below, with statistics complete through to the end of the 2014 season.\nGrounds\nList A\nBelow is a complete list of grounds used by Buckinghamshire County Cricket Club when it was permitted to play List A matches. These grounds have also held Minor Counties Championship and MCCA Knockout Trophy matches.\n{| class=\"wikitable sortable\"\n|-\n! rowspan=\"2\"| Name\n! rowspan=\"2\"| Location\n! width=\"120\" class=\"unsortable\" style=\"background:#faecc8\"| First\n! width=\"120\" class=\"unsortable\" style=\"background:#faecc8\"| Last\n! style=\"background:#faecc8\"| Matches\n! width=\"120\" class=\"unsortable\" style=\"background:#cef2e0\"| First\n! width=\"120\" class=\"unsortable\" style=\"background:#cef2e0\"| Last\n! style=\"background:#cef2e0\"| Matches\n! width=\"120\" class=\"unsortable\" style=\"background:#cef2e0\"| First\n! width=\"120\" class=\"unsortable\" style=\"background:#cef2e0\"| Last\n! style=\"background:#cef2e0\"| Matches\n! rowspan=\"2\" class=\"unsortable\" | Refs\n|- class=\"unsortable\"\n! colspan=\"3\" style=\"background:#faecc8\"| List A\n! colspan=\"3\" style=\"background:#cef2e0\"| Minor Counties Championship\n! colspan=\"3\" style=\"background:#faecc8\"| MCCA Trophy\n|-\n| London Road || High Wycombe\n| 9 May 1970v Bedfordshire || 24 June 1987v Somerset ||\n| 26 August 1895v Bedfordshire || 22 August 2014v Cambridgeshire ||\n| only match:23 May 2010v Wiltshire || &nbsp; ||\n|\n|-\n| Amy Lane || Chesham\n| only match:30 May 1970v Hampshire || &nbsp; ||\n| 14 August 1907v Worcestershire Second XI || 8 August 1982v Suffolk ||\n|only match:23 May 1993v Oxfordshire || &nbsp; ||\n|\n|-\n| Shardeloes || Amersham\n| only match:19 July 1972v Glamorgan || &nbsp; ||\n| 25 August 1968v Bedfordshire || 15 June 1997v Northumberland ||\n| &ndash; || &ndash; ||\n|\n|-\n| Pound Lane || Marlow\n| 27 June 1990v Nottinghamshire || 23 June 1999v Warwickshire ||\n| 9 August 1909v Dorset || 4 August 2013v Cumberland ||\n| 17 July 1987v Cheshire || 20 May 2012v Staffordshire ||\n|\n|-\n| Wilton Park, Beaconsfield || Beaconsfield\n| 24 June 1992v Sussex || 12 September 2002v Shropshire ||\n| 28 August 1967v Norfolk || 19 June 2005v Staffordshire ||\n| 14 June 1987v Shropshire || 12 June 2005v Wiltshire ||\n|\n|-\n| Oxford Road || Dinton\n| 29 August 2001v Worcestershire Cricket Board || 29 August 2002v Suffolk ||\n| &ndash; || &ndash; ||\n| 9 May 2013v Wales Minor Counties || 18 May 2014v Berkshire ||\n|\n|-\n| Ascott Park || Wing\n| only match:7 May 2003v Gloucestershire || &nbsp; ||\n| 7 August 1905v Hertfordshire || 17 August 2003v Bedfordshire ||\n| 7 May 1998v Berkshire || 10 May 2009v Lincolnshire ||\n|\n|-\n| Sir Paul Getty's Ground  || near Ibstone\n| only match:3 May 2005v Lancashire || &nbsp; ||\n| only match:22 August 1999v Hertfordshire || &nbsp; ||\n| 4 June 2000v Kent Cricket Board || 7 July 2002v Berkshire ||\n|\n|}\nMinor Counties\nBelow is a complete list of grounds used by Buckinghamshire Cricket Club in Minor Counties Championship and MCCA Knockout Trophy matches.\n{| class=\"wikitable sortable\"\n|-\n! rowspan=\"2\"| Name\n! rowspan=\"2\"| Location\n! width=\"125\" class=\"unsortable\" style=\"background:#faecc8\"| First\n! width=\"125\" class=\"unsortable\" style=\"background:#faecc8\"| Last\n! style=\"background:#faecc8\"| Matches\n! width=\"125\" class=\"unsortable\" style=\"background:#cef2e0\"| First\n! width=\"125\" class=\"unsortable\" style=\"background:#cef2e0\"| Last\n! style=\"background:#cef2e0\"| Matches\n! rowspan=\"2\" class=\"unsortable\" | Refs\n|- class=\"unsortable\"\n! colspan=\"3\" style=\"background:#faecc8\"| Minor Counties Championship\n! colspan=\"3\" style=\"background:#cef2e0\"| MCCA Trophy\n|-\n| The Big Field || Wolverton\n| only match:7 August 1895v Oxfordshire || &nbsp; ||\n| &ndash; || &ndash; ||\n|\n|-\n| Wendover Road || Aylesbury\n| 13 July 1896v Northamptonshire || 26 July 1998v Bedfordshire ||\n| 7 June 1990v Bedfordshire || 21 May 2001v Kent Cricket Board ||\n|\n|-\n| Bletchley Park || Bletchley\n| 23 August 1899v Wiltshire || 12 July 1933v Bedfordshire ||\n| &ndash; || &ndash; ||\n|\n|-\n| Osborne Street || Wolverton\n| 29 July 1904v Bedfordshire || 27 July 1921v Bedfordshire ||\n| &ndash; || &ndash; ||\n|\n|-\n| Chalvey Road || Slough\n| 19 August 1904v Berkshire || 5 July 1998v Norfolk ||\n| only match:14 June 1992v Oxfordshire || &nbsp; ||\n|\n|-\n| Sefton Park || Stoke Poges\n| only match:9 August 1911v Kent Second XI || &nbsp; ||\n| &ndash; || &ndash; ||\n|\n|-\n| Agar's Plough || Eton College\n| 9 May 1946v Berkshire || 11 August 1950v Berkshire ||\n| &ndash; || &ndash; ||\n|\n|-\n| Stowe School || Stowe\n| 4 August 1947v Berkshire || 14 August 1982v Bedfordshire ||\n| only match:7 August 1983v Bedfordshire || &nbsp; ||\n|\n|-\n| Aspro Sports Ground || Slough\n| 10 August 1951v Berkshire || 25 August 1954v Norfolk ||\n| &ndash; || &ndash; ||\n|\n|-\n| Ernest Turner's Sports Ground || High Wycombe\n| 30 August 1963v Oxfordshire || 13 August 1969v Suffolk ||\n| &ndash; || &ndash; ||\n|\n|-\n| Bourton Road || Buckingham\n| 6 July 1968v Oxfordshire || 12 August 1990v Oxfordshire ||\n| only match:29 April 2012v Berkshire || &nbsp; ||\n|\n|-\n| Molins Sports Club || Monks Risborough\n| 18 August 1982v Berkshire || 11 August 1985v Cheshire ||\n| &ndash; || &ndash; ||\n|\n|-\n| Manor Fields || Bletchley\n| 13 July 1986v Somerset Second XI || 25 July 1988v Wales Minor Counties ||\n| &ndash; || &ndash; ||\n|\n|-\n| Campbell Park || Milton Keynes\n| 9 June 1999v Staffordshire || 6 August 2000v Suffolk ||\n| only match:28 June 1998v Sussex Cricket Board || &nbsp; ||\n|\n|-\n| Dukes Lane || Gerrards Cross\n| 13 June 2004v Cumberland || 21 July 2013v Suffolk ||\n| only match:26 July 2009v Dorset || &nbsp; ||\n|\n|-\n| The Memorial Ground || Burnham\n| 23 July 2006v Cumberland || 20 July 2014v Staffordshire ||\n| 5 May 2013v Dorset || 4 May 2014v Herefordshire ||\n|\n|-\n| Upton Court Road || Slough\n| 28 August 2005v Norfolk || 5 August 2012v Bedfordshire ||\n| only match:29 April 2007v Hertfordshire || &nbsp; ||\n|\n|-\n| London Road || Tring\n| 21 June 2009v Lincolnshire || 21 August 2014v Norfolk ||\n| 5 June 2011v Devon || 2 June 2013v Dorset ||\n|\n|}\nNotes\nReferences"
    }
  ]
}