{
  "content": [
    {
      "type": "text",
      "text": "# List of medieval Gaue\n\naround the beginning of the 11th century]]\nand Upper Burgundy around the beginning of the 11th century]]\nThe following is a list of German ' which existed during the Middle Ages.\nIt lists the names of the Frankish or German ', many of which are still used today regionally, primarily in local traditions. Their locations are often no longer widely known, but are known from publications.\nDuchy of Bavaria\n*Ammergau: along the upper Amper in Upper Bavaria, bounded in the south by the Ammergau Alps; sub-gau of Sundergau\n*: along the Ager in Upper Austria, around the Attersee (lake)\n*Chiemgau: between the middle Inn and the Traun in Upper Bavaria, around the Chiemsee\n*Donaugau: along the upper Danube in Lower Bavaria and Upper Palatinate, around Straubing; modern Gäuboden and eastern Hallertau\n*Huosigau: between the upper Isar and the Amper in Upper Bavaria, around Lake Starnberg; lands of the Huosi family; sub-gau of Sundergau\n*Inntal: the middle Inn valley in Tyrol, divided into the  and Lower Inn Valley\n*: between the lower Isar and the lower Inn in Lower Bavaria, around Vilsbiburg\n*Künziggau: along the lower Vils in Lower Bavaria, east of Vilshofen\n*Lungau: the upper Mur river valley in Salzburg, around Tamsweg\n*Mattiggau: along the  in Upper Austria, around Mattighofen; the eastern two thirds of the Innviertel\n*: the Eisack river valley and the upper half of the Etschtal in South Tyrol, around Bolzano and Brixen\n*Pinzgau: the upper Salzach and upper Saalach river valleys in Salzburg, around Zell am See\n*Pongau: a portion of the upper Salzach and the upper Enns river valleys in Salzburg, around St. Johann im Pongau\n*: the Rienz and upper Drava river valleys in South Tyrol, bounded by the Dolomites in the south, the Zillertal Alps in the north, and the Villgraten Mountains in the east\n*Rotagau: along the lower Inn and the lower Rott in Lower Bavaria and Upper Austria, south of Passau\n*: along the middle Salzach in Salzburg, around Salzburg (city)\n*Schweinachgau: between the upper Danube and the Bohemian Forest in Lower Bavaria, the eastern portion of the Bavarian Forest\n*: along the upper Isar in Upper Bavaria, around Munich; some sources show Sundergau extending to the south and east of the Inn to include the Inntal and Chiemgau\n*: along the Traun in Upper Austria, between the  hills and the Enns\n*Viehbachgau: between the lower Isar and the Vils in Lower Bavaria, around Dingolfing\n*Vinschgau: the upper Adige river valley in South Tyrol, west of Merano\n*Walchengau: along the upper Isar in Upper Bavaria, around the Walchensee\n*(Bavarian) Westergau: along the Paar and the middle Isar in Upper Bavaria, around Freising and Neuburg\nMargraviate of the Nordgau\n*Egerland: along the Ohře in far northwestern Bohemia, around the city of Cheb()\n*: along the upper Danube at the confluence with the Paar and the south bank of the Altmühl in Upper Bavaria, around Ingolstadt\n*Knetzgau: along the south bank of the upper Main in Upper Franconia, northeast of Bamberg, located farther east of the modern municipality of Knetzgau\n*Mainwenden: territory of the Slavic tribes or Wends along the upper Main in Upper Franconia, around Bayreuth\n*(Bavarian) Nordgau proper: along the Naab and the eastern Franconian Jura, roughly coterminous with the Upper Palatinate\n*: along the lower Regnitz in Upper Franconia and northern Middle Franconia, between the Steigerwald and the northern Franconian Jura\n*Gau : between the Altmühl and the lower Franconian Rezat in Middle Franconia\n*Sulzgau: along the Sulz (now the southern portion of the Rhine–Main–Danube Canal) in Middle Franconia, around Berching\n*: along the south bank of the middle Main in Lower Franconia, east of the  and west of Bamberg\nMargraviate of Austria\n*Gau Grunzwiti: between the lower Enns and the Traisen in Lower Austria; named for the village of\n*Wachau: the Danube river valley between Melk and Krems in Lower Austria\nDuchy of Carinthia\n*March of Carniola: along the upper Sava and the Krka in Slovenia; some sources show the March of Carniola extending south to the Kupa to include the northwestern portion of the March of Istria\n*March of Istria: the Istrian peninsula in Croatia and Italy (Trieste) and along the northern bank of the Kupa in southern Slovenia; some sources show its territory as limited to the peninsula\n*Gurktal: the upper Gurk river valley through the Gurktal Alps in Carinthia\n* or Jaun: between the upper Drava and the Karawanks in Carinthia, east of Klagenfurt\n* or Gau Chrowati (literally 'Gau of the Croats'): along the upper Drava and the lower Gurk in Carinthia, around Klagenfurt and Villach\n*Lavanttal: the Lavant river valley through the Lavanttal Alps in Carinthia\n*: along the upper Drava and its tributaries the Möll and the Gail in Carinthia, around Spittal an der Drau\n*Sanntalgau or Souna: along the Savinja() in Slovenia (Lower Styria); together with Zistanfeld into Mark an der Sann, later split along the Sava into the Windic March/Lower Carniola and the County of Cilli\n*Zistanfeld (Mark an der Drau): along the middle Drava() in Slovenia (Lower Styria), around Maribor\nMarch of Styria\n*Ennstalgau: along the middle Enns in Styria, around Liezen\n*Hengistgau: along the middle Mur in Styria, south of Graz\n*Undrimagau or Ingeringgau: the upper Mur river valley in Styria, around Judenburg\n*Leobengau: along the upper Mur and the Liesing in Styria, around Leoben\n*Mürztalgau: along the Mürz in Styria, around Mürzzuschlag\nMarch of Verona and Aquileia\n*Trentino or Tridentinus: along the middle Adige, roughly coterminous with Trentino\n*March of Friuli or Forojuliensis: roughly coterminous with Friuli plus the Slovene Littoral (County of Gorizia)\n*March of Verona proper: roughly coterminous with Veneto minus the Venetian Lagoon (Republic of Venice)\nDuchy of Franconia\nEast Franconia\n*Aschfeld: between the middle Main and the Franconian Saale in Lower Franconia, south of Hammelburg; sub-gau of Saalgau\n*Badanachgau: along the Grünbach in northern Baden-Württemberg (Tauber Franconia), between the Tauber around the , around Giebelstadt; roughly coterminous with\n*Baringau: along the Streu in Lower Franconia, in the central Rhön Mountains, around Fladungen\n*: along the Brettach in northern Baden-Württemberg (Stuttgart region), between Neuenstadt and Mainhardt\n*Buchonia or Buchengau: along the upper Fulda in eastern Hesse and Lower Franconia, bounded by the Rhön Mountains in the east, the Vogelsberg in the west, and the Franconian Saale in the south\n*: along the Elsenz and the south and west banks of the lower Neckar in northern Baden-Württemberg (Karlsruhe region and Stuttgart region), around Sinsheim\n*: along the Lein (formerly called the Gartach) in northern Baden-Württemberg (Karlsruhe region); sub-gau of Elsenzgau\n*: along the upper Tauber and upper Gollach in Middle Franconia and northern Baden-Württemberg (Tauber Franconia), around Rothenburg\n*: along the northern bank of the middle Main (the ) in Lower Franconia, between Würzburg and Schweinfurt\n*Grabfeld: along the upper Franconian Saale and upper Werra in Lower Franconia and southwestern Thuringia (Henneberg Franconia), bounded by the Thuringian Forest in the northeast, the Main in the south, and the Rhön Mountains in the west; some sources divide the gau into East Grabfeld in the southeast and West Grabfeld in the northwest\n*Hassgau: along the northern bank of the middle Main in Lower Franconia, around Haßfurt and the Haßberge hills\n*Iffgau: between the middle Main (the ) and the Aisch in Lower Franconia and Middle Franconia, around Scheinfeld and the western Steigerwald hills\n*: along the lower Jagst in northern Baden-Württemberg (Stuttgart region), between Bad Rappenau (lower end) and Mulfingen (upper end)\n*: along the middle Kocher in northern Baden-Württemberg (Stuttgart region), between Forchtenberg (lower end) and Gaildorf (upper end), around Schwäbisch Hall\n*: along the upper Jagst and Bühler in northern Baden-Württemberg (Stuttgart region), around Crailsheim; named after the Maulach\n*Murrgau: along the Murr in northern Baden-Württemberg (Stuttgart region), around Backnang\n*: between the Franconian Rezat and the upper Aisch in Middle Franconia, bounded by the Franconian Heights and Steigerwald in the west and the Rednitz/Regnitz in the east, north of Ansbach\n*: along the Sinn in Lower Franconia, bounded by the Rhön Mountains in the northeast and the middle Main (the ) in the south, around Hammelburg\n*Schefflenzgau: along the Schefflenz and the Elz in northern Baden-Württemberg (Karlsruhe region), east of Mosbach in western Bauland; sub-gau of Wingarteiba\n*: along the Schozach on the east bank of the lower Neckar in northern Baden-Württemberg (Stuttgart region), around Ilsfeld\n*: along the upper Altmühl in Middle Franconia, bounded by the southern Franconian Jura in the southeast and the Franconian Heights in the northwest, around Gunzenhausen\n* or Sulmanachgau: along the Sulm in northern Baden-Württemberg (Stuttgart region), at the confluence of the Kocher and the lower Neckar, northeast of Heilbronn\n*: along the middle Tauber in northern Baden-Württemberg (Tauber Franconia), around Bad Mergentheim, roughly coterminous with Main-Tauber-Kreis excluding Wertheim\n*: along the upper Felda and Ulster in southwestern Thuringia (Henneberg Franconia), around Kaltennordheim; sub-gau of Grabfeld\n*: along the middle Main (between the  and the ) and the eastern Spessart mountains in Lower Franconia, around Lohr am Main\n*Werngau: along the Wern in Lower Franconia, bounded by the middle Main in the east and west (the northern portion of the ), east of Karlstadt am Main\n* or Wingartau: between the Neckar/Jagst and the Tauber in northern Baden-Württemberg (Rhine-Neckar), bounded by the Bauland in the south and the Odenwald mountains in the northwest, roughly coterminous with the Neckar-Odenwald-Kreis\n*: along the Zaber on the west bank of the lower Neckar in northern Baden-Württemberg (Stuttgart region), around Brackenheim; sub-gau of Elsenzgau\nWest Franconia\n*: along the lower Pfinz and Kraichbach on the right bank of the Upper Rhine in northern Baden-Württemberg (Karlsruhe region), around Bruchsal; sub-gau and northwestern half of Kraichgau\n*: along the upper Eder in southern Northrhine-Westphalia (Arnsberg region), around Bad Berleburg in the central Rothaar Mountains; sub-gau of Hessengau or Lahngau\n*: along the west bank of the lower Main in southern Hesse (Darmstadt region) and Lower Franconia, between the lower Gersprenz and the lower Mümling, around Großostheim; sub-gau of Maingau\n* or Einrichgau: along the Aar on the right bank of the Middle Rhine in northeastern Rhineland-Palatinate and southwestern Hesse, bounded by the western Taunus mountains in the south and the lower Lahn in the north, around Heidenrod; some sources list Einrich as a sub-gau of Lahngau and show its territory extending east to the Weil\n*: along the Wied on the right bank of the Middle Rhine in northeastern Rhineland-Palatinate, around Montabaur in the western Westerwald; some sources list Engersgau as a sub-gau of Lahngau\n*: along the lower Enz and the upper Kraichbach in northern Baden-Württemberg (Karlsruhe region), around Mühlacker; sub-gau and southeastern half of Kraichgau\n*Erdagau: along the Aar in Hesse (Giessen region), between the Dill and the Salzböde; sub-gau of Lahngau (split between Niederlahngau and Oberlahngau)\n*: along the Glems in northern Baden-Württemberg (Stuttgart region), around Schwieberdingen\n*Haigergau: between the Nister in northeastern Rhineland-Palatinate and the Dietzhölze in Hesse (Giessen region), bounded by the upper Sieg in the north and the Westerwald in the south, around Haiger; sub-gau of Niederlahngau\n*(Frankish) Hessengau or Hassia: along the lower Eder and lower Fulda in Hesse (Kassel region), around Fritzlar and Kassel; some sources show Hessengau extending further west along the Eder to include much of Oberlahngau\n*: along the lower Kinzig in Hesse (Darmstadt region), around Gelnhausen; sub-gau of Maingau\n*Königssondergau or the Königs besonderer Gau ('King's special Gau'): along the right bank of the Middle Rhine in Hesse (Darmstadt region), around Wiesbaden; sub-gau of Rheingau\n*Kraichgau: along the Kraichbach in northern Baden-Württemberg (Karlsruhe region and Rhine-Neckar), between the Upper Rhine and Enz, around Mühlacker and Bruchsal\n*Niederlahngau or Unterlahngau: along the lower Lahn in western Hesse (Giessen region), around Limburg; some sources do not divide Lahngau into Nieder- and Ober-, and include Engersgau and Einrich as sub-gaue\n*Oberlahngau: along the upper Lahn in northwestern Hesse (Kassel region), around Marburg; some sources do not divide Lahngau into Nieder- and Ober-, and instead have Hessengau extend further west into what would be Oberlahngau\n*: along the lower Neckar at the confluence with the Upper Rhine in northern Baden-Württemberg (Rhine-Neckar), roughly coterminous with the western half of Rhein-Neckar-Kreis plus Mannheim and Heidelberg\n*: along the lower Main in southeastern Hesse (Darmstadt region) and Lower Franconia, bounded by the Odenwald mountains in the southwest and Spessart mountains in the east, around Aschaffenburg\n*Nahegau: along the Nahe in southeastern Rhineland-Palatinate, bounded by the Hunsrück uplands in the northwest and the North Palatine Uplands in the southeast, around Bad Kreuznach\n*: between the lower Nidda and eastern Taunus mountains in central Hesse (Darmstadt region), around Bad Homburg; sub-gau of Wetterau\n* ('Upper Rhine Gau'): between the lower Main and the Weschnitz on the right bank of the Upper Rhine in Hesse (Darmstadt region), west of Darmstadt; initially a sub-gau of the wider Rheingau, gradually treated as separate as 'Rheingau' began to refer only to the small territory west of Wiesbaden\n*: along the Perf and upper Lahn in southern Northrhine-Westphalia (Arnsberg region) and western Hesse (Giessen region), around Breidenbach; sub-gau of Oberlahngau or Hessengau\n*: along the upper Pfinz in northern Baden-Württemberg (Karlsruhe region), east of Karlsruhe and northwest of Pforzheim; sub-gau of Ufgau\n*: along the Rodau in southern Hesse (Darmstadt region), around the town of Rodgau; sub-gau of Maingau; notably absent from many atlas sources\n*Vernagau or Pfirnihgau: between the lower Schwalm and the Efze, around Borken; sub-gau of Hessengau\n*: along the upper Gersprenz and the upper Mümling in southern Hesse (Darmstadt region), around Erbach in the northern Odenwald mountains; sub-gau of Maingau\n*Rheingau: along the right bank of the Middle Rhine and the Upper Rhine, between Lorch am Rhein (lower end) and Lampertheim (upper end); initially a large gau with Oberrheingau and Königssondergau as sub-gaue, gradually came to identify a small territory along the right bank of the Rhine, west of Wiesbaden where the Middle Rhine meets the Upper Rhine\n*Speyergau: along the Speyerbach in southern Rhineland-Palatinate, bounded by the Upper Rhine in the east, the Palatinate Forest in the west, and the Lauter in the south, west of Speyer\n*(Frankish) Ufgau: along the right bank of the Upper Rhine in northern Baden-Württemberg (Karlsruhe region), bounded by the Upper Rhine in the west, the Enz in the southeast, and the Elsenz in the northeast, around Bruchsal and Karlsruhe\n*Wetterau or Wettereiba: along the Nidda in eastern Hesse (Darmstadt region and Giessen region), bounded by the Fulda in the east, the Taunus mountains in the west, and the lower Main in the south, around Friedberg and the Vogelsberg mountains\n*Wormsgau or Wormsfeld: along the left bank of the Upper Rhine and the North Palatine Uplands in southern Rhineland-Palatinate, west of Worms and south of Mainz\n*Würmgau: along the upper Enz and the lower Nagold in northern Baden-Württemberg (Karlsruhe region), south of Pforzheim\nFrisia\n*Gau Auricherland: eastern East Frisia\n*Beveland: municipalities of Borsele, Goes, Noord-Beveland, Kapelle, and Reimerswaal (formerly separate islands) in Zeeland\n*: southern Friesland\n*Gau Brokmerland: western East Frisia\n*Drenthe: Dutch province of Drenthe, south of Groningen\n* or Gau Emsigerland: at the mouth of the Ems, southwest East Frisia\n*Federgo: western East Frisia\n*Fivelgo: north Ommelanden along the Ems estuary, northeast of Groningen\n*Flehite: along the Utrecht Hill Ridge in eastern Utrecht\n*Fulnaho: the areas of Kop van Overijssel and\n*Germepi: eastern South Holland and western Utrecht, along the Oude Rijn and north of the Hollandse IJssel\n*(het 'the') Gooi or Naardensland: southeastern North Holland, along the Markermeer across from Flevoland\n*Gau Harlingerland: northern East Frisia\n*Holtland: south of the Lek, along the Meuse () and Waal, southeast of Rotterdam; origin\n*Humsterland: northwest Ommelanden, northwest of Groningen\n*Hunsigo: northwest Ommelanden along the Wadden Sea, north of Groningen\n*Ijssel and Lek: between the Hollandse IJssel and Lek rivers, southeast South Holland (Krimpenerwaard) and southwest Utrecht (Lopikerwaard)\n*Kennemerland or Kinhem: southern/central North Holland\n*Gau : southeast East Frisia\n*Masaland or Marsum: southern South Holland, north of Het Scheur and the Nieuwe Maas\n*Gau Moormerland: southern Ostfriesland, at the mouth of the Ems river\n*Nifterlake or Instarlake: Vechtstreek and Amstelland, along the Utrechtse Vecht\n*Gau Norderland northwest East Frisia\n*Noord-Twente or Norhttuianti: along the Overijsselse Vecht, northern County of Bentheim and northeast Overijssel\n*: around Jever, modern Friesland kreis\n*Ostergau or Eastergoa: northeast Friesland\n*Gau Overledingerland: at the mouth of the Ems, southern East Frisia\n*Gau Rheiderland: west bank of the mouth of the Weser\n*Rijnland: middle South Holland, along the Oude Rijn; Rinland\n*Gau Rüstringen: east and south of the Jadebusen\n*Salland or Salon: western half of Overijssel, along the lower IJssel and lower Overijsselse Vecht\n*Schouwen: municipalities of Schouwen-Duiveland, Tholen (formerly an island), and western coastal North Brabant around Bergen op Zoom\n*Sudergoa: along the northeast shore of the IJsselmeer (formerly Lake Almere), north of Lelystad\n*Teisterbant: south of the Lek, along the Meuse () and Waal, west of Nijmegen; Testarbant\n*Texla: the island of Texel, Vlieland, and Terschelling\n*Twente: eastern half of Overijssel\n*Gau Veluwe: between the IJssel, Lek, and IJsselmeer\n*: islands of Voorne-Putten and Goeree-Overflakkee (Westvoorne/Goeree and Zuidvoorne/Overflakkee) which at various points in history were all one island or separate islands\n*Walcheren: formerly a separate island, around Middelburg\n*Gau Wangerland: on the North Sea, east of East Frisia\n*(Frisian) Westergau or Westergoa: western Friesland\n*: northern North Holland, largely coterminous with West Friesland\n*Wiron: municipalities of Wieringen and Wieringermeer in northern North Holland, former island with some territory submerged in the Wadden Sea; possibly part of Texla\n*: coastal Lower Saxony north of Bremerhaven\nLotharingia\nLower Lotharingia\n*Aachengau or Pagus Aquensis: around Aachen\n*Ahrgau: on the Ahr in the north of Rhineland-Palatinate\n*: along the Ardennes Forest, at the tripoint of Germany, Belgium and Luxembourg\n*: around the Siebengebirge and along the Sieg, east of Bonn\n*Betuwe or Batavia: along the middle Waal, between the lower Meuse () and Lek\n*: around Bonn, on the left bank of the Lower Rhine\n*Pagus of Brabant: between the Scheldt and Dyle, western Flemish Brabant and southwestern East Flanders\n*Cambresis or Kamerijkgouw: at the headlands of the Scheldt river, around Cambrai\n*Condroz: south of the Meuse, east of Namur\n*: along the lower Wupper on the right bank of the Lower Rhine, east of Cologne\n*: on the Lower Rhine, roughly between Cleves and Xanten\n*Eifelgau: in northern Eifel\n* or Gellepgau: on left bank of the Lower Rhine, north of Neuss and across from Duisburg; often confused with Gillgau and/or shown on the right bank of the Rhine (Ruhrgau); named after the Roman castra Gelduba\n*: on the left bank of the Lower Rhine, northwest of Cologne\n*Hamaland: eastern Gelderland, partly coterminous with the Achterhoek\n*Pagus of Hesbaye or Haspengouw: between Liège, Maastricht, Diest and Grand-Leez; north and west of the bend in the Meuse\n* or Hettergau: along the Niers, including Gennep and Geldern\n*Hennegau or Hainau: along the upper Sambre\n*Iselgo: along the western shore of the IJssel, between the Oude IJssel and Schipbeek, southeastern Gelderland\n*: along the middle Rur, around Jülich\n*: on the left bank of the Lower Rhine, around Cologne\n*Kützgau: along the Erft; only one documented mention in the year 898\n*Liemers: between the Nederrijn and Oude IJssel rivers, east of Arnhem\n*Lommegau or Lommatschgau: on the left bank of the Meuse, along the lower Sambre\n*Luihgau or Liugas: between Liège and Aachen\n*Maasgau: along part of the Meuse () north of Maastricht\n*: between the Maas and Niers\n* or Neusser Gau: along the lower Erft, roughly coterminous with the modern municipalities of Neuss and Grevenbroich\n*Odangau: on the left bank of the Lower Rhine, south of Bonn; untergau of Bonngau\n* or Rien: alonge the Nete river, around Antwerp, western Antwerp province\n* or Duisburggau: western Ruhrgebiet including Duisburg and Essen\n*Toxandria: between the Meuse, Demer and Schelde rivers in the Belgian-Dutch border region\n*: along the upper Rur\n*Waasland or Waasgau: north of the Schelde, northeast East Flanders\nUpper Lotharingia\n*Albegau: on the right bank of the upper Meurthe\n*Alzettegau: along the Alzette\n*Arelgau or Arlenais: along the headlands of the upper Semois, west of Luxembourg\n*Barrois: along the Ornain, between the Marne and Meuse, southwest of Verdun\n*Blois: along the upper Meuse, south of Verdun\n* or Bitgau: south Eifel around Bitburg\n*Bliesgau: along the Blies\n* or pagus Caroscus: along the upper Kyll and the upper Prüm, around the town of Prüm; possibly named from the Belgic tribe of the Caeroesi\n*: along the upper Meuse, around Charleville-Mézières\n*: along the upper Meurthe and Moselle, southwest of Nancy\n*Dulcomensis: between the Aisne and Meuse, northwest of Verdun\n*Eichelgau: along the , southeast of Saarbrücken\n*Hunsrückgau: in the western Hunsrück, along the Moselle, northeast of Trier\n*Karosgau: along the Prüm in western Eifel\n*Maifeld: at the confluence of the Middle Rhine and Moselle rivers, southwest of Koblenz\n*: along the upper Alzette, around Luxembourg City\n*Metzgau: along the middle Moselle, the area surrounding Metz\n*: along the lower/middle Moselle between Cochem and Metz; largely overlapping with territories in Bidgau, Metzgau, and Wavergau and possibly replaced early on by them\n*Mosomensis: along the upper Meuse in the Ardennes, north of Verdun\n*Niedgau: along the Nied, east of Metz\n*: along the river Ornain between Lorraine and Champagne\n*Rizzigau: along the midde Moselle, around Thionville\n*Saargau: along the Saar, sometimes divided into Upper Saargau around Sarrebourg and Lower Saargau around Wallerfangen\n*: between the upper Meuse and Moselle, south of Toul\n*Salingau or ; along the Seille\n*Sauergau: along the Sauer in Luxembourg\n*Scarponagau or Scarponois: along the middle Moselle, roughly between Toul and Metz\n*Soulossois: along the upper headlands of the Meuse, southwest of Toul\n*: on the upper Moselle, around Toul\n*Trechirgau: between the lower Moselle and the left bank of the Middle Rhine, in the eastern Hunsrück\n*: on the right banks of the Saar and Moselle, southeast of Trier\n*Verdungau or : along the upper Meuse, around Verdun\n*Wavergau or Woëvregau: between the Meuse and Moselle; Woëvre region in the southwest and Luxembourg in the northeast\nDuchy of Saxony\nAngria\n*Almango: north of the Ittergau/Nithersi, east of Angeron, south of the Patherga\n*: modern Ammerland\n*: in Lower Saxony, on the Weser around Höxter, west of Nethegau\n*Bardengau: the territory around Lüneburg\n*: the Kreis of Schaumburg, Lower Saxony (Bukki being an old form of Buche)\n*Dervegau: between the Hunte and middle Weser rivers, north of Minden\n*Grindirigau: between the Weser and the confluence of the Leine and Aller\n*: around Land Hadeln and Wursten ()\n*: Bremervörde, Buxtehude, Harburg, Stade\n*(Saxon) Hessengau: in western Westphalia and southern Lower Saxony\n*Lübbeckegauor Lidbekegau: from Lübbecke in Westphalia to the Dümmer See\n* or Nithersi: on the middle Eder\n*: along the lower Weser river, southwest of Bremen\n* or (Ober-)Leinegau: along the upper Leine around Göttingen\n* or (Unter)-Leinegau: along the lower Leine and Aller rivers, northeast of Celle\n*Liesgau: in southern Lower Saxony; western\n*: around Hanover\n*Moringen: along the  river, tributary of the Leine river\n*Moside: along the Elbe river south of Hamburg\n*Nethegau or Netgau: around Brakel and Bad Driburg in Westphalia\n*Ostegau: along the Oste river on the Elbe estuary\n*: in the Weserbergland\n*Padergau: around Paderborn\n}}"
    }
  ]
}