{
  "content": [
    {
      "type": "text",
      "text": "# List of United Kingdom Parliament constituencies (1983–1997)\n\nConstituencies in 1974–1983 | 1983 MPs | 1987 MPs | 1992 MPs | Constituencies in 1997–2001\nThis is a list of all constituencies that were in existence in the 1983 and 1987 General Elections.  Apart from one seat (Milton Keynes, which was split into Milton Keynes South West and Milton Keynes North East) the same seats were used in the 1992 General Election.\n__NOTOC__\n{| border=\"0\" id=\"toc\" style=\"margin: 0 auto;\" align=center\n| Table of contents:\nA B C D E F G H I J K L M N O P Q R S T U V W X Y Z\n|}\nA\n{| class=\"wikitable\"\n! width=\"225px\" | Constituency\n! width=\"200px\" | Region\n! width=\"225px\" | Successor\n|-\n| Aberavon\n| align=\"left\" |West Glamorgan\n| same constituency\n|-\n| Aberdeen North\n| align=\"left\" |Grampian\n| same constituency\n|-\n| Aberdeen South\n| align=\"left\" |Grampian\n| same constituency\n|-\n| Aldershot\n| align=\"left\" |Hampshire\n| same constituency\n|-\n| Aldridge-Brownhills\n| align=\"left\" |West Midlands\n| same constituency\n|-\n| Altrincham and Sale\n| align=\"left\" |Greater Manchester\n| Altrincham and Sale West\n|-\n| Alyn and Deeside\n| align=\"left\" |Clwyd\n| same constituency\n|-\n| Amber Valley\n| align=\"left\" |Derbyshire\n| same constituency\n|-\n| Angus East\n| align=\"left\" |Tayside\n| Angus\n|-\n| Antrim East\n| align=\"left\" |Northern Ireland\n| same constituency\n|-\n| Antrim North\n| align=\"left\" |Northern Ireland\n| same constituency\n|-\n| Antrim South\n| align=\"left\" |Northern Ireland\n| same constituency\n|-\n| Argyll and Bute\n| align=\"left\" |Strathclyde\n| same constituency\n|-\n| Arundel\n| align=\"left\" |West Sussex\n| South west of Arundel and South Downs  West of Bognor Regis and Littlehampton\n|-\n| Ashfield\n| align=\"left\" |Nottinghamshire\n| same constituency\n|-\n| Ashford\n| align=\"left\" |Kent\n| same constituency\n|-\n| Ashton-under-Lyne\n| align=\"left\" |Greater Manchester\n| same constituency\n|-\n| Aylesbury\n| align=\"left\" |Buckinghamshire\n| same constituency\n|-\n| Ayr\n| align=\"left\" |Strathclyde\n| North of Ayr, Carrick and Cumnock  South of Central Ayrshire\n|}\nB\n{| class=\"wikitable\"\n! width=\"225px\" | Constituency\n! width=\"200px\" | Region\n! width=\"225px\" | Successor\n|-\n| Banbury\n| align=\"left\" |Oxfordshire\n|-\n| Banff and Buchan\n| align=\"left\" |Grampian\n|-\n| Barking\n| align=\"left\" |Greater London\n|-\n| Barnsley Central\n| align=\"left\" |South Yorkshire\n|-\n| Barnsley East\n| align=\"left\" |South Yorkshire\n|-\n| Barnsley West and Penistone\n| align=\"left\" |South Yorkshire\n|-\n| Barrow and Furness\n| align=\"left\" |Cumbria\n|-\n| Basildon\n| align=\"left\" |Essex\n|-\n| Basingstoke\n| align=\"left\" |Hampshire\n|-\n| Bassetlaw\n| align=\"left\" |Nottinghamshire\n|-\n| Bath\n| align=\"left\" |Avon\n|-\n| Batley and Spen\n| align=\"left\" |West Yorkshire\n|-\n| Battersea\n| align=\"left\" |Greater London\n|-\n| Beaconsfield\n| align=\"left\" |Buckinghamshire\n|-\n| Beckenham\n| align=\"left\" |Greater London\n|-\n| Bedfordshire Mid\n| align=\"left\" |Bedfordshire\n|-\n| Bedfordshire North\n| align=\"left\" |Bedfordshire\n|-\n| Bedfordshire South West\n| align=\"left\" |Bedfordshire\n|-\n| Belfast East\n| align=\"left\" |Northern Ireland\n|-\n| Belfast North\n| align=\"left\" |Northern Ireland\n|-\n| Belfast South\n| align=\"left\" |Northern Ireland\n|-\n| Belfast West\n| align=\"left\" |Northern Ireland\n|-\n| Berkshire East\n| align=\"left\" |Berkshire\n|-\n| Berwick-upon-Tweed\n| align=\"left\" |Northumberland\n|-\n| Bethnal Green and Stepney\n| align=\"left\" |Greater London\n|-\n| Beverley\n| align=\"left\" |Humberside\n|-\n| Bexhill and Battle\n| align=\"left\" |East Sussex\n|-\n| Bexleyheath\n| align=\"left\" |Greater London\n|-\n| Billericay\n| align=\"left\" |Essex\n|-\n| Birkenhead\n| align=\"left\" |Merseyside\n|-\n| Birmingham Edgbaston\n| align=\"left\" |West Midlands\n|-\n| Birmingham Erdington\n| align=\"left\" |West Midlands\n|-\n| Birmingham Hall Green\n| align=\"left\" |West Midlands\n|-\n| Birmingham Hodge Hill\n| align=\"left\" |West Midlands\n|-\n| Birmingham Ladywood\n| align=\"left\" |West Midlands\n|-\n| Birmingham Northfield\n| align=\"left\" |West Midlands\n|-\n| Birmingham Perry Barr\n| align=\"left\" |West Midlands\n|-\n| Birmingham Selly Oak\n| align=\"left\" |West Midlands\n|-\n| Birmingham Small Heath\n| align=\"left\" |West Midlands\n|-\n| Birmingham Sparkbrook\n| align=\"left\" |West Midlands\n|-\n| Birmingham Yardley\n| align=\"left\" |West Midlands\n|-\n| Bishop Auckland\n| align=\"left\" |County Durham\n|-\n| Blaby\n| align=\"left\" |Leicestershire\n|-\n| Blackburn\n| align=\"left\" |Lancashire\n|-\n| Blackpool North\n| align=\"left\" |Lancashire\n|-\n| Blackpool South\n| align=\"left\" |Lancashire\n|-\n| Blaenau Gwent\n| align=\"left\" |Gwent\n|-\n| Blaydon\n| align=\"left\" |Tyne and Wear\n|-\n| Blyth Valley\n| align=\"left\" |Northumberland\n|-\n| Bolsover\n| align=\"left\" |Derbyshire\n|-\n| Bolton North East\n| align=\"left\" |Greater Manchester\n|-\n| Bolton South East\n| align=\"left\" |Greater Manchester\n|-\n| Bolton West\n| align=\"left\" |Greater Manchester\n|-\n| Boothferry\n| align=\"left\" |Humberside\n|-\n| Bootle\n| align=\"left\" |Merseyside\n|-\n| Bosworth\n| align=\"left\" |Leicestershire\n|-\n| Bournemouth East\n| align=\"left\" |Dorset\n|-\n| Bournemouth West\n| align=\"left\" |Dorset\n|-\n| Bow and Poplar\n| align=\"left\" |Greater London\n|-\n| Bradford North\n| align=\"left\" |West Yorkshire\n|-\n| Bradford South\n| align=\"left\" |West Yorkshire\n|-\n| Bradford West\n| align=\"left\" |West Yorkshire\n|-\n| Braintree\n| align=\"left\" |Essex\n|-\n| Brecon and Radnor\n| align=\"left\" |Powys\n|-\n| Brent East\n| align=\"left\" |Greater London\n|-\n| Brent North\n| align=\"left\" |Greater London\n|-\n| Brent South\n| align=\"left\" |Greater London\n|-\n| Brentford and Isleworth\n| align=\"left\" |Greater London\n|-\n| Brentwood and Ongar\n| align=\"left\" |Essex\n|-\n| Bridgend\n| align=\"left\" |Mid Glamorgan\n|-\n| Bridgwater\n| align=\"left\" |Somerset\n|-\n| Bridlington\n| align=\"left\" |Humberside\n|-\n| Brigg and Cleethorpes\n| align=\"left\" |Humberside\n|-\n| Brighton Kemptown\n| align=\"left\" |East Sussex\n|-\n| Brighton Pavilion\n| align=\"left\" |East Sussex\n|-\n| Bristol East\n| align=\"left\" |Avon\n|-\n| Bristol North West\n| align=\"left\" |Avon\n|-\n| Bristol South\n| align=\"left\" |Avon\n|-\n| Bristol West\n| align=\"left\" |Avon\n|-\n| Bromsgrove\n| align=\"left\" |Hereford and Worcester\n|-\n| Broxbourne\n| align=\"left\" |Hertfordshire\n|-\n| Broxtowe\n| align=\"left\" |Nottinghamshire\n|-\n| Buckingham\n| align=\"left\" |Buckinghamshire\n|-\n| Burnley\n| align=\"left\" |Lancashire\n|-\n| Burton\n| align=\"left\" |Staffordshire\n|-\n| Bury North\n| align=\"left\" |Greater Manchester\n|-\n| Bury South\n| align=\"left\" |Greater Manchester\n|-\n| Bury St Edmunds\n| align=\"left\" |Suffolk\n|}\nC\n{| class=\"wikitable\"\n! width=\"225px\" | Constituency\n! width=\"200px\" | Region\n|-\n| Caernarfon\n| align=\"left\" |Gwynedd\n|-\n| Caerphilly\n| align=\"left\" |Mid Glamorgan\n|-\n| Caithness and Sutherland\n| align=\"left\" |Highland\n|-\n| Calder Valley\n| align=\"left\" |West Yorkshire\n|-\n| Cambridge\n| align=\"left\" |Cambridgeshire\n|-\n| Cambridgeshire North East\n| align=\"left\" |Cambridgeshire\n|-\n| Cambridgeshire South East\n| align=\"left\" |Cambridgeshire\n|-\n| Cambridgeshire South West\n| align=\"left\" |Cambridgeshire\n|-\n| Cannock and Burntwood\n| align=\"left\" |Staffordshire\n|-\n| Canterbury\n| align=\"left\" |Kent\n|-\n| Cardiff Central\n| align=\"left\" |South Glamorgan\n|-\n| Cardiff North\n| align=\"left\" |South Glamorgan\n|-\n| Cardiff South and Penarth\n| align=\"left\" |South Glamorgan\n|-\n| Cardiff West\n| align=\"left\" |South Glamorgan\n|-\n| Carlisle\n| align=\"left\" |Cumbria\n|-\n| Carmarthen\n| align=\"left\" |Dyfed\n|-\n| Carrick, Cumnock and Doon Valley\n| align=\"left\" |Strathclyde\n|-\n| Carshalton and Wallington\n| align=\"left\" |Greater London\n|-\n| Castle Point\n| align=\"left\" |Essex\n|-\n| Ceredigion and Pembroke North\n| align=\"left\" |Dyfed\n|-\n| Cheadle\n| align=\"left\" |Greater Manchester\n|-\n| Chelmsford\n| align=\"left\" |Essex\n|-\n| Chelsea\n| align=\"left\" |Greater London\n|-\n| Cheltenham\n| align=\"left\" |Gloucestershire\n|-\n| Chertsey and Walton\n| align=\"left\" |Surrey\n|-\n| Chesham and Amersham\n| align=\"left\" |Buckinghamshire\n|-\n| Chester\n| align=\"left\" |Cheshire\n|-\n| Chesterfield\n| align=\"left\" |Derbyshire\n|-\n| Chichester\n| align=\"left\" |West Sussex\n|-\n| Chingford\n| align=\"left\" |Greater London\n|-\n| Chipping Barnet\n| align=\"left\" |Greater London\n|-\n| Chislehurst\n| align=\"left\" |Greater London\n|-\n| Chorley\n| align=\"left\" |Lancashire\n|-\n| Christchurch\n| align=\"left\" |Dorset\n|-\n| Cirencester and Tewkesbury\n| align=\"left\" |Gloucestershire\n|-\n| City of London and Westminster South\n| align=\"left\" |Greater London\n|-\n| Clackmannan\n| align=\"left\" |Central Scotland\n|-\n| Clwyd North West\n| align=\"left\" |Clwyd\n|-\n| Clwyd South West\n| align=\"left\" |Clwyd\n|-\n| Clydebank and Milngavie\n| align=\"left\" |Strathclyde\n|-\n| Clydesdale\n| align=\"left\" |Strathclyde\n|-\n| Colchester North\n| align=\"left\" |Essex\n|-\n| Colchester South and Maldon\n| align=\"left\" |Essex\n|-\n| Colne Valley\n| align=\"left\" |West Yorkshire\n|-\n| Congleton\n| align=\"left\" |Cheshire\n|-\n| Conwy\n| align=\"left\" |Gwynedd\n|-\n| Copeland\n| align=\"left\" |Cumbria\n|-\n| Corby\n| align=\"left\" |Northamptonshire\n|-\n| Cornwall North\n| align=\"left\" |Cornwall\n|-\n| Cornwall South East\n| align=\"left\" |Cornwall\n|-\n| Coventry North East\n| align=\"left\" |West Midlands\n|-\n| Coventry North West\n| align=\"left\" |West Midlands\n|-\n| Coventry South East\n| align=\"left\" |West Midlands\n|-\n| Coventry South West\n| align=\"left\" |West Midlands\n|-\n| Crawley\n| align=\"left\" |West Sussex\n|-\n| Crewe and Nantwich\n| align=\"left\" |Cheshire\n|-\n| Crosby\n| align=\"left\" |Merseyside\n|-\n| Croydon Central\n| align=\"left\" |Greater London\n|-\n| Croydon North East\n| align=\"left\" |Greater London\n|-\n| Croydon North West\n| align=\"left\" |Greater London\n|-\n| Croydon South\n| align=\"left\" |Greater London\n|-\n| Cumbernauld and Kilsyth\n| align=\"left\" |Strathclyde\n|-\n| Cunninghame North\n| align=\"left\" |Strathclyde\n|-\n| Cunninghame South\n| align=\"left\" |Strathclyde\n|-\n| Cynon Valley\n| align=\"left\" |Mid Glamorgan\n|}\nD\n{| class=\"wikitable\"\n! width=\"225px\" | Constituency\n! width=\"200px\" | Region\n|-\n| Dagenham\n| align=\"left\" |Greater London\n|-\n| Darlington\n| align=\"left\" |County Durham\n|-\n| Dartford\n| align=\"left\" |Kent\n|-\n| Daventry\n| align=\"left\" |Northamptonshire\n|-\n| Davyhulme\n| align=\"left\" |Greater Manchester\n|-\n| Delyn\n| align=\"left\" |Clwyd\n|-\n| Denton and Reddish\n| align=\"left\" |Greater Manchester\n|-\n| Derby North\n| align=\"left\" |Derbyshire\n|-\n| Derby South\n| align=\"left\" |Derbyshire\n|-\n| Derbyshire North East\n| align=\"left\" |Derbyshire\n|-\n| Derbyshire South\n| align=\"left\" |Derbyshire\n|-\n| Derbyshire West\n| align=\"left\" |Derbyshire\n|-\n| Devizes\n| align=\"left\" |Wiltshire\n|-\n| Devon North\n| align=\"left\" |Devon\n|-\n| Devon West and Torridge\n| align=\"left\" |Devon\n|-\n| Dewsbury\n| align=\"left\" |West Yorkshire\n|-\n| Doncaster Central\n| align=\"left\" |South Yorkshire\n|-\n| Doncaster North\n| align=\"left\" |South Yorkshire\n|-\n| Don Valley\n| align=\"left\" |South Yorkshire\n|-\n| Dorset North\n| align=\"left\" |Dorset\n|-\n| Dorset South\n| align=\"left\" |Dorset\n|-\n| Dorset West\n| align=\"left\" |Dorset\n|-\n| Dover\n| align=\"left\" |Kent\n|-\n| Down North\n| align=\"left\" |Northern Ireland\n|-\n| Down South\n| align=\"left\" |Northern Ireland\n|-\n| Dudley East\n| align=\"left\" |West Midlands\n|-\n| Dudley West\n| align=\"left\" |West Midlands\n|-\n| Dulwich\n| align=\"left\" |Greater London\n|-\n| Dumbarton\n| align=\"left\" |Dumbarton\n|-\n| Dumfries\n| align=\"left\" |Dumfries and Galloway\n|-\n| Dundee East\n| align=\"left\" |Tayside\n|-\n| Dundee West\n| align=\"left\" |Tayside\n|-\n| Dunfermline East\n| align=\"left\" |Fife\n|-\n| Dunfermline West\n| align=\"left\" |Fife\n|-\n| Durham\n| align=\"left\" |County Durham\n|-\n| Durham North\n| align=\"left\" |County Durham\n|-\n| Durham North West\n| align=\"left\" |County Durham\n|}\nE\n{| class=\"wikitable\"\n! width=\"225px\" | Constituency\n! width=\"200px\" | Region\n|-\n| Ealing Acton\n| align=\"left\" |Greater London\n|-\n| Ealing North\n| align=\"left\" |Greater London\n|-\n| Ealing Southall\n| align=\"left\" |Greater London\n|-\n| Easington\n| align=\"left\" |Durham\n|-\n| Eastbourne\n| align=\"left\" |East Sussex\n|-\n| East Kilbride\n| align=\"left\" |Strathclyde\n|-\n| Eastleigh\n| align=\"left\" |Hampshire\n|-\n| East Lothian\n| align=\"left\" |Lothian\n|-\n| Eastwood\n| align=\"left\" |Strathclyde\n|-\n| Eccles\n| align=\"left\" |Greater Manchester\n|-\n| Eddisbury\n| align=\"left\" |Cheshire\n|-\n| Edinburgh Central\n| align=\"left\" |Lothian\n|-\n| Edinburgh East\n| align=\"left\" |Lothian\n|-\n| Edinburgh Leith\n| align=\"left\" |Lothian\n|-\n| Edinburgh Pentlands\n| align=\"left\" |Lothian\n|-\n| Edinburgh South\n| align=\"left\" |Lothian\n|-\n| Edinburgh West\n| align=\"left\" |Lothian\n|-\n| Edmonton\n| align=\"left\" |Greater London\n|-\n| Ellesmere Port and Neston\n| align=\"left\" |Cheshire\n|-\n| Elmet\n| align=\"left\" |West Yorkshire\n|-\n| Eltham\n| align=\"left\" |Greater London\n|-\n| Enfield North\n| align=\"left\" |Greater London\n|-\n| Enfield Southgate\n| align=\"left\" |Greater London\n|-\n| Epping Forest\n| align=\"left\" |Essex\n|-\n| Epsom and Ewell\n| align=\"left\" |Surrey\n|-\n| Erewash\n| align=\"left\" |Derbyshire\n|-\n| Erith and Crayford\n| align=\"left\" |Greater London\n|-\n| Esher\n| align=\"left\" |Surrey\n|-\n| Exeter\n| align=\"left\" |Devon\n|}\nF\n{| class=\"wikitable\"\n! width=\"225px\" | Constituency\n! width=\"200px\" | Region\n|-\n| Falkirk East\n| align=\"left\" |Central Scotland\n|-\n| Falkirk West\n| align=\"left\" |Central Scotland\n|-\n| Falmouth and Camborne\n| align=\"left\" |Cornwall\n|-\n| Fareham\n| align=\"left\" |Hampshire\n|-\n| Faversham\n| align=\"left\" |Kent\n|-\n| Feltham and Heston\n| align=\"left\" |Greater London\n|-\n| Fermanagh and South Tyrone\n| align=\"left\" |Northern Ireland\n|-\n| Fife Central\n| align=\"left\" |Fife\n|-\n| Fife North East\n| align=\"left\" |Fife\n|-\n| Finchley\n| align=\"left\" |Greater London\n|-\n| Folkestone and Hythe\n| align=\"left\" |Kent\n|-\n| Foyle\n| align=\"left\" |Northern Ireland\n|-\n| Fulham\n| align=\"left\" |Greater London\n|-\n| Fylde\n| align=\"left\" |Lancashire\n|}\nG\n{| class=\"wikitable\"\n! width=\"225px\" | Constituency\n! width=\"200px\" | Region\n|-\n| Gainsborough and Horncastle\n| align=\"left\" |Lincolnshire\n|-\n| Galloway and Upper Nithsdale\n| align=\"left\" |Dumfries and Galloway\n|-\n| Gateshead East\n| align=\"left\" |Tyne and Wear\n|-\n| Gedling\n| Nottinghamshire\n|-\n| Gillingham\n| Kent\n|-\n| Glanford and Scunthorpe\n| Humberside\n|-\n| Glasgow Cathcart\n| Strathclyde\n|-\n| Glasgow Central\n| Strathclyde\n|-\n| Glasgow Garscadden\n| Strathclyde\n|-\n| Glasgow Govan\n| Strathclyde\n|-\n| Glasgow Hillhead\n| Strathclyde\n|-\n| Glasgow Maryhill\n| Strathclyde\n|-\n| Glasgow Pollok\n| Strathclyde\n|-\n| Glasgow Provan\n| Strathclyde\n|-\n| Glasgow Rutherglen\n| Strathclyde\n|-\n| Glasgow Shettleston\n| Strathclyde\n|-\n| Glasgow Springburn\n| Strathclyde\n|-\n| Gloucester\n| Gloucestershire\n|-\n| Gloucestershire West\n| Gloucestershire\n|-\n| Gordon\n| Grampian\n|-\n| Gosport\n| Hampshire\n|-\n| Gower\n| West Glamorgan\n|-\n| Grantham\n| Lincolnshire\n|-\n| Gravesham\n| Kent\n|-\n| Great Grimsby\n| Humberside\n|-\n| Great Yarmouth\n| Norfolk\n|-\n| Greenock and Port Glasgow\n| Strathclyde\n|-\n| Greenwich\n| Greater London\n|-\n| Guildford\n| Surrey\n|}\nH\n{| class=\"wikitable\"\n! width=\"225px\" | Constituency\n! width=\"200px\" | Region\n|-\n| Hackney North and Stoke Newington\n| align=\"left\" |Greater London\n|-\n| Hackney South and Shoreditch\n| align=\"left\" |Greater London\n|-\n| Halesowen and Stourbridge\n| align=\"left\" |West Midlands\n|-\n| Halifax\n| align=\"left\" |West Yorkshire\n|-\n| Halton\n| align=\"left\" |Cheshire\n|-\n| Hamilton\n| align=\"left\" |Strathclyde\n|-\n| Hammersmith\n| align=\"left\" |Greater London\n|-\n| Hampshire East\n| align=\"left\" |Hampshire\n|-\n| Hampshire North West\n| align=\"left\" |Hampshire\n|-\n| Hampstead and Highgate\n| align=\"left\" |Greater London\n|-\n| Harborough\n| align=\"left\" |Leicestershire\n|-\n| Harlow\n| align=\"left\" |Essex\n|-\n| Harrogate\n| align=\"left\" |North Yorkshire\n|-\n| Harrow East\n| align=\"left\" |Greater London\n|-\n| Harrow West\n| align=\"left\" |Greater London\n|-\n| Hartlepool\n| align=\"left\" |Cleveland\n|-\n| Harwich\n| align=\"left\" |Essex\n|-\n| Hastings and Rye\n| align=\"left\" |East Sussex\n|-\n| Havant\n| align=\"left\" |Hampshire\n|-\n| Hayes and Harlington\n| align=\"left\" |Greater London\n|-\n| Hazel Grove\n| align=\"left\" |Greater Manchester\n|-\n| Hemsworth\n| align=\"left\" |West Yorkshire\n|-\n| Hendon North\n| align=\"left\" |Greater London\n|-\n| Hendon South\n| align=\"left\" |Greater London\n|-\n| Henley\n| align=\"left\" |Oxfordshire\n|-\n| Hereford\n| align=\"left\" |Hereford and Worcester\n|-\n| Hertford and Stortford\n| align=\"left\" |Hertfordshire\n|-\n| Hertfordshire North\n| align=\"left\" |Hertfordshire\n|-\n| Hertfordshire South West\n| align=\"left\" |Hertfordshire\n|-\n| Hertfordshire West\n| align=\"left\" |Hertfordshire\n|-\n| Hertsmere\n| align=\"left\" |Hertfordshire\n|-\n| Hexham\n| align=\"left\" |Northumberland\n|-\n| Heywood and Middleton\n| align=\"left\" |Greater Manchester\n|-\n| High Peak\n| align=\"left\" |Derbyshire\n|-\n| Holborn and St Pancras South\n| align=\"left\" |Greater London\n|-\n| Holland and Boston\n| align=\"left\" |Lincolnshire\n|-\n| Honiton\n| align=\"left\" |Devon\n|-\n| Hornchurch\n| align=\"left\" |Greater London\n|-\n| Hornsey and Wood Green\n| align=\"left\" |Greater London\n|-\n| Horsham\n| align=\"left\" |West Sussex\n|-\n| Houghton and Washington\n| align=\"left\" |Tyne and Wear\n|-\n| Hove\n| align=\"left\" |East Sussex\n|-\n| Huddersfield\n| align=\"left\" |West Yorkshire\n|-\n| Huntingdon\n| align=\"left\" |Cambridgeshire\n|-\n| Hyndburn\n| align=\"left\" |Lancashire\n|}\nI\n{| class=\"wikitable\"\n! width=\"225px\" | Constituency\n! width=\"200px\" | Region\n|-\n| Ilford North\n| Greater London\n|-\n| Ilford South\n| Greater London\n|-\n| Inverness, Nairn and Lochaber\n| Highland\n|-\n| Ipswich\n| Suffolk\n|-\n| Isle of Wight\n| Isle of Wight\n|-\n| Islington North\n| Greater London\n|-\n| Islington South and Finsbury\n| Greater London\n|-\n| Islwyn\n| Gwent\n|}\nJ\n{| class=\"wikitable\"\n! width=\"225px\" | Constituency\n! width=\"200px\" | Region\n|-\n| Jarrow\n| Tyne and Wear\n|}\nK\n{| class=\"wikitable\"\n! width=\"225px\" | Constituency\n! width=\"200px\" | Region\n|-\n| Keighley\n| West Yorkshire\n|-\n| Kensington\n| Greater London\n|-\n| Kent Mid\n| Kent\n|-\n| Kettering\n| Northamptonshire\n|-\n| Kilmarnock and Loudon\n| Strathclyde\n|-\n| Kincardine and Deeside\n| Grampian\n|-\n| Kingston upon Hull East\n| align=\"left\" |Humberside\n|-\n| Kingston upon Hull North\n| align=\"left\" |Humberside\n|-\n| Kingston upon Hull West\n| align=\"left\" |Humberside\n|-\n| Kingston-upon-Thames\n| Greater London\n|-\n| Kingswood\n| Avon\n|-\n| Kirkcaldy\n| Fife\n|-\n| Knowsley North\n| Merseyside\n|-\n| Knowsley South\n| Merseyside\n|}\nL\n{| class=\"wikitable\"\n! width=\"225px\" | Constituency\n! width=\"200px\" | Region\n|-\n| Lagan Valley\n| Northern Ireland\n|-\n| Lancashire West\n| Lancashire\n|-\n| Lancaster\n| Lancashire\n|-\n| Langbaurgh\n| Cleveland\n|-\n| Leeds Central\n| West Yorkshire\n|-\n| Leeds East\n| West Yorkshire\n|-\n| Leeds North East\n| West Yorkshire\n|-\n| Leeds North West\n| West Yorkshire\n|-\n| Leeds South and Morley\n| West Yorkshire\n|-\n| Leeds West\n| West Yorkshire\n|-\n| Leicester East\n| Leicestershire\n|-\n| Leicester South\n| Leicestershire\n|-\n| Leicester West\n| Leicestershire\n|-\n| Leicestershire North West\n| Leicestershire\n|-\n| Leigh\n| Greater Manchester\n|-\n| Leominster\n| Hereford and Worcester\n|-\n| Lewes\n| East Sussex\n|-\n| Lewisham Deptford\n| Greater London\n|-\n| Lewisham East\n| Greater London\n|-\n| Lewisham West\n| Greater London\n|-\n| Leyton\n| Greater London\n|-\n| Lincoln\n| Lincolnshire\n|-\n| Lindsey East\n| Lincolnshire\n|-\n| Linlithgow\n| Lothian\n|-\n| Littleborough and Saddleworth\n| Greater Manchester\n|-\n| Liverpool Broadgreen\n| Merseyside\n|-\n| Liverpool Garston\n| Merseyside\n|-\n| Liverpool Mossley Hill\n| Merseyside\n|-\n| Liverpool Riverside\n| Merseyside\n|-\n| Liverpool Walton\n| Merseyside\n|-\n| Liverpool West Derby\n| Merseyside\n|-\n| Livingston\n| Lothian\n|-\n| Llanelli\n| Dyfed\n|-\n| Londonderry East\n| Northern Ireland\n|-\n| Loughborough\n| Leicestershire\n|-\n| Ludlow\n| Shropshire\n|-\n| Luton North\n| Bedfordshire\n|-\n| Luton South\n| Bedfordshire\n|}\nM\n{| class=\"wikitable\"\n! width=\"225px\" | Constituency\n! width=\"200px\" | Region\n|-\n| Macclesfield\n| Cheshire\n|-\n| Maidstone\n| Kent\n|-\n| Makerfield\n| Greater Manchester\n|-\n| Manchester Blackley\n| Greater Manchester\n|-\n| Manchester Central\n| Greater Manchester\n|-\n| Manchester Gorton\n| Greater Manchester\n|-\n| Manchester Withington\n| Greater Manchester\n|-\n| Manchester Wythenshawe\n| Greater Manchester\n|-\n| Mansfield\n| Nottinghamshire\n|-\n| Medway\n| Kent\n|-\n| Meirionnydd Nant Conwy\n| Gwynedd\n|-\n| Meriden\n| West Midlands\n|-\n| Merthyr Tydfil and Rhymney\n| Mid Glamorgan\n|-\n| Middlesbrough\n| Cleveland\n|-\n| Midlothian\n| Lothian\n|-\n| Milton Keynes\n| Buckinghamshire\n|-\n| Mitcham and Morden\n| Greater London\n|-\n| Mole Valley\n| Surrey\n|-\n| Monklands East\n| Strathclyde\n|-\n| Monklands West\n| Strathclyde\n|-\n| Monmouth\n| Gwent\n|-\n| Montgomery\n| Powys\n|-\n| Moray\n| Grampian\n|-\n| Morecambe and Lunesdale\n| Lancashire\n|-\n| Motherwell North\n| Strathclyde\n|-\n| Motherwell South\n| Strathclyde\n|}\nN\n{| class=\"wikitable\"\n! width=\"225px\" | Constituency\n! width=\"200px\" | Region\n|-\n| Neath\n| West Glamorgan\n|-\n| Newark\n| Nottinghamshire\n|-\n| Newbury\n| Berkshire\n|-\n| Newcastle-under-Lyme\n| Staffordshire\n|-\n| Newcastle upon Tyne Central\n| Tyne and Wear\n|-\n| Newcastle upon Tyne East\n| Tyne and Wear\n|-\n| Newcastle upon Tyne North\n| Tyne and Wear\n|-\n| New Forest\n| Hampshire\n|-\n| Newham North East\n| Greater London\n|-\n| Newham North West\n| Greater London\n|-\n| Newham South\n| Greater London\n|-\n| Newport East\n| Gwent\n|-\n| Newport West\n| Gwent\n|-\n| Newry and Armagh\n| Northern Ireland\n|-\n| Norfolk Mid\n| Norfolk\n|-\n| Norfolk North\n| Norfolk\n|-\n| Norfolk North West\n| Norfolk\n|-\n| Norfolk South\n| Norfolk\n|-\n| Norfolk South West\n| Norfolk\n|-\n| Normanton\n| West Yorkshire\n|-\n| Northampton North\n| Northamptonshire\n|-\n| Northampton South\n| Northamptonshire\n|-\n| Northavon\n| Avon\n|-\n| Norwich North\n| Norfolk\n|-\n| Norwich South\n| Norfolk\n|-\n| Norwood\n| Greater London\n|-\n| Nottingham East\n| Nottinghamshire\n|-\n| Nottingham North\n| Nottinghamshire\n|-\n| Nottingham South\n| Nottinghamshire\n|-\n| Nuneaton\n| Warwickshire\n|}\nO\n{| class=\"wikitable\"\n! width=\"225px\" | Constituency\n! width=\"200px\" | Region\n|-\n| Ogmore\n| Mid Glamorgan\n|-\n| Old Bexley and Sidcup\n| Greater London\n|-\n| Oldham Central and Royton\n| Greater Manchester\n|-\n| Oldham West\n| Greater Manchester\n|-\n| Orkney and Shetland\n| Orkney and Shetland\n|-\n| Orpington\n| Greater London\n|-\n| Oxford East\n| Oxfordshire\n|-\n| Oxford West and Abingdon\n| Oxfordshire\n|}\nP\n{| class=\"wikitable\"\n! width=\"225px\" | Constituency\n! width=\"200px\" | Region\n|-\n| Paisley North\n| Strathclyde\n|-\n| Paisley South\n| Strathclyde\n|-\n| Peckham\n| Greater London\n|-\n| Pembroke\n| Dyfed\n|-\n| Pendle\n| Lancashire\n|-\n| Penrith and the Border\n| Cumbria\n|-\n| Perth and Kinross\n| Tayside\n|-\n| Peterborough\n| Cambridgeshire\n|-\n| Plymouth Devonport\n| Devon\n|-\n| Plymouth Drake\n| Devon\n|-\n| Plymouth Sutton\n| Devon\n|-\n| Pontefract and Castleford\n| West Yorkshire\n|-\n| Pontypridd\n| Mid Glamorgan\n|-\n| Poole\n| Dorset\n|-\n| Portsmouth North\n| Hampshire\n|-\n| Portsmouth South\n| Hampshire\n|-\n| Preston\n| Lancashire\n|-\n| Pudsey\n| West Yorkshire\n|-\n| Putney\n| Greater London\n|}\nR\n{| class=\"wikitable\"\n! width=\"225px\" | Constituency\n! width=\"200px\" | Region\n|-\n| Ravensbourne\n| Greater London\n|-\n| Reading East\n| Berkshire\n|-\n| Reading West\n| Berkshire\n|-\n| Redcar\n| Cleveland\n|-\n| Reigate\n| Surrey\n|-\n| Renfrew West and Inverclyde\n| Strathclyde\n|-\n| Rhondda\n| Mid Glamorgan\n|-\n| Ribble Valley\n| Lancashire\n|-\n| Richmond and Barnes\n| Greater London\n|-\n| Richmond (Yorks)\n| North Yorkshire\n|-\n| Rochdale\n| Greater Manchester\n|-\n| Rochford\n| Essex\n|-\n| Romford\n| Greater London\n|-\n| Romsey and Waterside\n| Hampshire\n|-\n| Ross, Cromarty and Skye\n| Highland\n|-\n| Rossendale and Darwen\n| Lancashire\n|-\n| Rotherham\n| South Yorkshire\n|-\n| Rother Valley\n| South Yorkshire\n|-\n| Roxburgh and Berwickshire\n| Scottish Borders\n|-\n| Rugby and Kenilworth\n| Warwickshire\n|-\n| Ruislip Northwood\n| Greater London\n|-\n| Rushcliffe\n| Nottinghamshire\n|-\n| Rutland and Melton\n| Leicestershire\n|-\n| Ryedale\n| North Yorkshire\n|}\nS\n{| class=\"wikitable\"\n! width=\"225px\" | Constituency\n! width=\"200px\" | Region\n|-\n| Saffron Walden\n| Essex\n|-\n| St Albans\n| Hertfordshire\n|-\n| St Helens North\n| Merseyside\n|-\n| St Helens South\n| Merseyside\n|-\n| St Ives\n| Cornwall\n|-\n| Salford East\n| Greater Manchester\n|-\n| Salisbury\n| Wiltshire\n|-\n| Scarborough\n| North Yorkshire\n|-\n| Sedgefield\n| County Durham\n|-\n| Selby\n| North Yorkshire\n|-\n| Sevenoaks\n| Kent\n|-\n| Sheffield Attercliffe\n| South Yorkshire\n|-\n| Sheffield Brightside\n| South Yorkshire\n|-\n| Sheffield Central\n| South Yorkshire\n|-\n| Sheffield Hallam\n| South Yorkshire\n|-\n| Sheffield Heeley\n| South Yorkshire\n|-\n| Sheffield Hillsborough\n| South Yorkshire\n|-\n| Sherwood\n| Nottinghamshire\n|-\n| Shipley\n| West Yorkshire\n|-\n| Shoreham\n| West Sussex\n|-\n| Shrewsbury and Atcham\n| Shropshire\n|-\n| Shropshire North\n| Shropshire\n|-\n| Skipton and Ripon\n| North Yorkshire\n|-\n| Slough\n| Berkshire\n|-\n| Solihull\n| West Midlands\n|-\n| Somerton and Frome\n| Somerset\n|-\n| Southampton Itchen\n| Hampshire\n|-\n| Southampton Test\n| Hampshire\n|-\n| Southend East\n| Essex\n|-\n| Southend West\n| Essex\n|-\n| South Hams\n| Devon\n|-\n| Southport\n| Merseyside\n|-\n| South Ribble\n| Lancashire\n|-\n| South Shields\n| Tyne and Wear\n|-\n| Southwark and Bermondsey\n| Greater London\n|-\n| Spelthorne\n| Surrey\n|-\n| Stafford\n| Staffordshire\n|-\n| Staffordshire Mid\n| Staffordshire\n|-\n| Staffordshire Moorlands\n| Staffordshire\n|-\n| Staffordshire South\n| Staffordshire\n|-\n| Staffordshire South East\n| Staffordshire\n|-\n| Stalybridge and Hyde\n| Greater Manchester\n|-\n| Stamford and Spalding\n| Lincolnshire\n|-\n| Stevenage\n| Hertfordshire\n|-\n| Stirling\n| Central Scotland\n|-\n| Stockport\n| Greater Manchester\n|-\n| Stockton North\n| Cleveland\n|-\n| Stockton South\n| Cleveland\n|-\n| Stoke-on-Trent Central\n| Staffordshire\n|-\n| Stoke-on-Trent North\n| Staffordshire\n|-\n| Stoke-on-Trent South\n| Staffordshire\n|-\n| Strangford\n| Northern Ireland\n|-\n| Stratford-upon-Avon\n| Warwickshire\n|-\n| Strathkelvin and Bearsden\n| Strathclyde\n|-\n| Streatham\n| Greater London\n|-\n| Stretford\n| Greater Manchester\n|-\n| Stroud\n| Gloucestershire\n|-\n| Suffolk Central\n| Suffolk\n|-\n| Suffolk Coastal\n| Suffolk\n|-\n| Suffolk South\n| Suffolk\n|-\n| Sunderland North\n| Tyne and Wear\n|-\n| Sunderland South\n| Tyne and Wear\n|-\n| Surbiton\n| Greater London\n|-\n| Surrey East\n| Surrey\n|-\n| Surrey North West\n| Surrey\n|-\n| Surrey South West\n| Surrey\n|-\n| Sussex Mid\n| West Sussex\n|-\n| Sutton and Cheam\n| Greater London\n|-\n| Sutton Coldfield\n| West Midlands\n|-\n| Swansea East\n| West Glamorgan\n|-\n| Swansea West\n| West Glamorgan\n|-\n| Swindon\n| Wiltshire\n|}\nT\n{| class=\"wikitable\"\n! width=\"225px\" | Constituency\n! width=\"200px\" | Region\n|-\n| Tatton\n| Cheshire\n|-\n| Taunton\n| Somerset\n|-\n| Tayside North\n| Tayside\n|-\n| Teignbridge\n| Devon\n|-\n| Thanet, North\n| Kent\n|-\n| Thanet, South\n| Kent\n|-\n| Thurrock\n| Essex\n|-\n| Tiverton\n| Devon\n|-\n| Tonbridge and Malling\n| Kent\n|-\n| Tooting\n| Greater London\n|-\n| Torbay\n| Devon\n|-\n| Torfaen\n| Gwent\n|-\n| Tottenham\n| Greater London\n|-\n| Truro\n| Cornwall\n|-\n| Tunbridge Wells\n| Kent\n|-\n| Tweeddale Ettrick and Lauderdale\n| Scottish Borders\n|-\n| Twickenham\n| Greater London\n|-\n| Tyne Bridge\n| Tyne and Wear\n|-\n| Tynemouth\n| Tyne and Wear\n|}\nU\n{| class=\"wikitable\"\n! width=\"225px\" | Constituency\n! width=\"200px\" | Region\n|-\n| Mid Ulster\n| Northern Ireland\n|-\n| Upminster\n| Greater London\n|-\n| Upper Bann\n| Northern Ireland\n|-\n| Uxbridge\n| Greater London\n|}\nV\n{| class=\"wikitable\"\n! width=\"225px\" | Constituency\n! width=\"200px\" | Region\n|-\n| Vale of Glamorgan\n| South Glamorgan\n|-\n| Vauxhall\n| Greater London\n|}\nW\n{| class=\"wikitable\"\n! width=\"225px\" | Constituency\n! width=\"200px\" | Region\n|-\n| Wakefield\n| West Yorkshire\n|-\n| Wallasey\n| Merseyside\n|-\n| Wallsend\n| Tyne and Wear\n|-\n| Walsall North\n| West Midlands\n|-\n| Walsall South\n| West Midlands\n|-\n| Walthamstow\n| Greater London\n|-\n| Wansbeck\n| Northumberland\n|-\n| Wansdyke\n| Avon\n|-\n| Wanstead and Woodford\n| Greater London\n|-\n| Wantage\n| Oxfordshire\n|-\n| Warley East\n| West Midlands\n|-\n| Warley West\n| West Midlands\n|-\n| Warrington North\n| Cheshire\n|-\n| Warrington South\n| Cheshire\n|-\n| Warwick and Leamington\n| Warwickshire\n|-\n| Warwickshire North\n| Warwickshire\n|-\n| Watford\n| Hertfordshire\n|-\n| Waveney\n| Suffolk\n|-\n| Wealden\n| East Sussex\n|-\n| Wellingborough\n| Northamptonshire\n|-\n| Wells\n| Somerset\n|-\n| Welwyn Hatfield\n| Hertfordshire\n|-\n| Wentworth\n| South Yorkshire\n|-\n| West Bromwich East\n| West Midlands\n|-\n| West Bromwich West\n| West Midlands\n|-\n| Westbury\n| Wiltshire\n|-\n| Western Isles\n| Western Isles\n|-\n| Westminster North\n| Greater London\n|-\n| Westmorland and Lonsdale\n| Cumbria\n|-\n| Weston-super-Mare\n| Avon\n|-\n| Wigan\n| Greater Manchester\n|-\n| Wiltshire North\n| Wiltshire\n|-\n| Wimbledon\n| Greater London\n|-\n| Winchester\n| Hampshire\n|-\n| Windsor and Maidenhead\n| Berkshire\n|-\n| Wirral South\n| Merseyside\n|-\n| Wirral West\n| Merseyside\n|-\n| Witney\n| Oxfordshire\n|-\n| Woking\n| Surrey\n|-\n| Wokingham\n| Berkshire\n|-\n| Wolverhampton North East\n| West Midlands\n|-\n| Wolverhampton South East\n| West Midlands\n|-\n| Wolverhampton South West\n| West Midlands\n|-\n| Woodspring\n| Avon\n|-\n| Woolwich\n| Greater London\n|-\n| Worcester\n| Hereford and Worcester\n|-\n| Worcestershire Mid\n| Hereford and Worcester\n|-\n| Worcestershire South\n| Hereford and Worcester\n|-\n| Workington\n| Cumbria\n|-\n| Worsley\n| Greater Manchester\n|-\n| Worthing\n| West Sussex\n|-\n| The Wrekin\n| Shropshire\n|-\n| Wrexham\n| Clwyd\n|-\n| Wycombe\n| Buckinghamshire\n|-\n| Wyre\n| Lancashire\n|-\n| Wyre Forest\n| Hereford and Worcester\n|}\nY\n{| class=\"wikitable\"\n! width=\"225px\" | Constituency\n! width=\"200px\" | Region\n|-\n| Yeovil\n| Somerset\n|-\n| Ynys Môn\n| Gwynedd\n|-\n| York\n| North Yorkshire\n|}\nNote: All regions used are those in force when the constituencies were created.\nReferences"
    }
  ]
}