{
  "content": [
    {
      "type": "text",
      "text": "# List of places called Kingston\n\nKingston is the name of numerous places in the world:\nAustralia\n*Kingston, Australian Capital Territory, a suburb of Canberra\n*Kingston, Norfolk Island, capital of the territory\n*Kingston, Queensland, a suburb of Logan City\n*Kingston SE, a coastal town in South Australia\n*Kingston On Murray, South Australia\n*Kingston, Tasmania, a town\n*Kingston, Victoria, a town\n*City of Kingston, a local government area in Victoria\n*Division of Kingston, a federal electoral district covering southern Adelaide suburbs\n*Kingston, Western Australia, a locality\nCanada\n*Kingston, New Brunswick, an unincorporated community\n**Kingston Parish, New Brunswick\n**Kingston Peninsula\n*Kingston, Newfoundland and Labrador\n*Kingston, Nova Scotia, a village\n*Kingston, Ontario, the largest city of this name in Canada\n**Kingston, Ontario Inner Harbour\n**Kingston (federal electoral district), a former federal district in Ontario\n**Kingston (provincial electoral district), a former riding in Ontario\n**Kingston (Province of Canada electoral district), a pre-Confederation riding in the Province of Canada\n**Kingston City, a federal electoral district\n** Kingston Township, now part of the city of Kingston, Ontario\n*Kingston, Prince Edward Island, a municipality\nGuyana\n*Kingston, Guyana, a ward of Georgetown\nJamaica\n*Kingston, Jamaica, capital of the country\n**Kingston Parish\nNew Zealand\n*Kingston, New Zealand, a town\n*Kingston, Wellington, a suburb of Wellington\nUnited Kingdom\nEngland\n* Kingston, Milton Keynes, Buckinghamshire, a district\n* Kingston, Cambridgeshire, a village and parish\n* Kingston, Devon, near Modbury\n* Kingston, East Devon, a location in Devon\n* Kingston, Kingswear, a location in Devon\n* Kingston, Staverton, Devon, a historic estate\n* Kingston, North Dorset, a hamlet in Hazelbury Bryan\n* Kingston, Purbeck, Dorset, a village\n* Kingston upon Hull (commonly just Hull), East Riding of Yorkshire\n* Kingston near Lewes, East Sussex, a village and civil parish\n* Kingston upon Thames, Greater London (formerly Surrey), a town\n** Kingston Vale with Kingston Hill, a district in the borough\n** Kingston-upon-Thames (UK Parliament constituency)\n** Kingston upon Thames (parish)\n** Royal Borough of Kingston upon Thames\n** Kingston and Surbiton (UK Parliament constituency)\n** Kingston Town (ward)\n* Kingston, Greater Manchester, a location\n* Kingston, Hampshire, a residential area of the city of Portsmouth\n* Kingston, West Hampshire, a location\n* Kingston, Isle of Wight, a settlement and former civil parish\n* Kingston, Kent, a village and civil parish\n* Kingston Bagpuize, Oxfordshire (formerly in Berkshire), a village\n* Kingston Blount, Oxfordshire, a village\n* Kingston Lisle, Oxfordshire, a village and civil parish\n* Kingston, Suffolk, a location\n* Kingston by Ferring (and Kingston Gorse), Arun District, West Sussex, a civil parish\n* Kingston by Sea (or Kingston Buci), Adur District, West Sussex\n**Kingston Buci, an electoral district\n* Kingston on Soar, Nottinghamshire, a village and civil parish\n* Kingston Seymour, Somerset, a village and civil parish\n* Kingston St Mary, Somerset, a village and civil parish\n* Collingbourne Kingston, Wiltshire, a village and civil parish\nScotland\n*Kingston, East Lothian, a hamlet\n*Kingston, Glasgow, a district of Glasgow\n*Kingston, Moray, a village\nUnited States\n*Kingston, Autauga County, Alabama, an unincorporated community\n*Kingston, Arkansas, an unincorporated community and census-designated place\n*Kingston, California, a former town\n*Kingston, Fresno County, California, a former town\n*Kingston, Georgia, a village\n*Kingston, Idaho, an unincorporated community\n*Kingston, Illinois, a village\n*Kingston, Adams County, Illinois\n*Kingston, Indiana, an unincorporated community\n*Kingston, Iowa, an unincorporated community and census-designated place\n*Kingston, Kentucky, an unincorporated community\n*Kingston, Louisiana, an unincorporated community\n*Kingston, Maryland, an unincorporated community\n*Kingston (Upper Marlboro, Maryland)\n*Kingston, Massachusetts, a town\n**Kingston (CDP), Massachusetts, a census-designated place within the town\n*Kingston, Michigan, a village\n*Kingston, Minnesota, a city\n*Kingston, Mississippi, an unincorporated community\n*Kingston, Missouri, a city\n*Kingston, New Jersey, an unincorporated community and census-designated place\n*Kingston, Nevada, an unincorporated town and census-designated place\n*Kingston, New Hampshire, a town\n*Kingston, New Mexico, a census-designated place\n*Kingston, New York, a city, county seat and original capital of the state of New York\n*Kingston (town), New York\n*Kingston, Ohio, a village\n*Kingston, Oklahoma, a town\n*Kingston, Oregon, an unincorporated community\n*Kingston, Pennsylvania, a borough\n*Kingston, Rhode Island, a village and a census-designated place\n*Kingston, Tennessee, a city and county seat\n*Kingston, Texas, an unincorporated community\n*Kingston, Utah, a town\n*Kingston, Washington, an unincorporated community and census-designated place\n*Kingston, West Virginia , an unincorporated community and coal town\n*Kingston, Green Lake County, Wisconsin, a town\n**Kingston, Wisconsin, a village within the town\n*Kingston, Juneau County, Wisconsin, a town\n*Kingston Township (disambiguation)\nSee also\n*East Kingston (disambiguation)\n*West Kingston (disambiguation)\n*Kingston (disambiguation)\n*Kingstone (disambiguation)\n*Kington (disambiguation)\n*Kingtown (disambiguation)\n*Kingstown (disambiguation)\n*Kinston (disambiguation)"
    }
  ]
}