{
  "content": [
    {
      "type": "text",
      "text": "# List of United Kingdom Parliament constituencies (1974–1983)\n\nConstituencies in 1955–1974 | Feb 1974 MPs | Oct 1974 MPs | 1979 MPs | Constituencies in 1983–1997\nThis is a list of all constituencies that were in existence in the February 1974, October 1974 and 1979 General Elections.\n__NOTOC__\n{| border=\"0\" id=\"toc\" style=\"margin: 0 auto;\" align=center\n| Table of contents:\nA B C D E F G H I J K L M N O P Q R S T U V W X Y Z\n|}\nA\n{| class=\"wikitable\"\n! width=\"225px\" | Constituency\n! width=\"200px\" | Region\n! width=\"225px\" | Successor\n|-\n| Aberavon\n| align=\"left\" |Glamorgan\n| same constituency\n|-\n| Aberdare\n| align=\"left\" |Glamorgan\n|-\n| Aberdeen North\n| align=\"left\" |Aberdeenshire\n| same constituency\n|-\n| Aberdeen South\n| align=\"left\" |Aberdeenshire\n| same constituency\n|-\n| Aberdeenshire East\n| align=\"left\" |Aberdeenshire\n|-\n| Aberdeenshire West\n| align=\"left\" |Aberdeenshire\n|-\n| Abertillery\n| align=\"left\" |Monmouthshire\n|-\n| Abingdon\n| align=\"left\" |Berkshire\n|-\n| Accrington\n| align=\"left\" |Lancashire\n|-\n| Aldershot\n| align=\"left\" |Hampshire\n| same constituency\n|-\n| Aldridge-Brownhills\n| align=\"left\" |Staffordshire\n| same constituency\n|-\n| Altrincham and Sale\n| align=\"left\" |Cheshire\n| same constituency\n|-\n| Anglesey\n| align=\"left\" |Anglesey\n| known as Ynys Môn\n|-\n| Angus North and Mearns\n| align=\"left\" |Angus and Kincardineshire\n|-\n| Angus South\n| align=\"left\" |Angus\n|-\n| Antrim North\n| align=\"left\" |Northern Ireland\n|-\n| Antrim South\n| align=\"left\" |Northern Ireland\n|-\n| Argyll\n| align=\"left\" |Argyll\n|-\n| Armagh\n| align=\"left\" |Northern Ireland\n|-\n| Arundel\n| align=\"left\" |Sussex\n|-\n| Ashfield\n| align=\"left\" |Nottinghamshire\n|-\n| Ashford\n| align=\"left\" |Kent\n|-\n| Ashton-under-Lyne\n| align=\"left\" |Lancashire\n|-\n| Aylesbury\n| align=\"left\" |Buckinghamshire\n|-\n| Ayr\n| align=\"left\" |Ayrshire\n|-\n| Ayrshire Central\n| align=\"left\" |Ayrshire\n|-\n| Ayrshire North and Bute\n| align=\"left\" |Ayrshire and Buteshire\n|-\n| Ayrshire South\n| align=\"left\" |Ayrshire\n|}\nB\n{| class=\"wikitable\"\n! width=\"225px\" | Constituency\n! width=\"200px\" | Region\n! width=\"225px\" | Successor\n|-\n| Banbury\n| align=\"left\" |Oxfordshire\n|-\n| Banffshire\n| align=\"left\" |Banffshire\n|-\n| Barking\n| align=\"left\" |Greater London\n|-\n| Barkston Ash\n| align=\"left\" |Yorkshire, North Riding\n|-\n| Barnsley\n| align=\"left\" |Yorkshire, West Riding\n|-\n| Barrow-in-Furness\n| align=\"left\" |Lancashire\n|-\n| Barry\n| align=\"left\" |Glamorgan\n|-\n| Basildon\n| align=\"left\" |Essex\n|-\n| Basingstoke\n| align=\"left\" |Hampshire\n|-\n| Bassetlaw\n| align=\"left\" |Nottinghamshire\n|-\n| Bath\n| align=\"left\" |Somerset\n|-\n| Batley and Morley\n| align=\"left\" |Yorkshire, West Riding\n|-\n| Battersea North\n| align=\"left\" |Greater London\n|-\n| Battersea South\n| align=\"left\" |Greater London\n|-\n| Beaconsfield\n| align=\"left\" |Buckinghamshire\n|-\n| Bebington and Ellesmere Port\n| align=\"left\" |Cheshire\n|-\n| Beckenham\n| align=\"left\" |Greater London\n|-\n| Bedford\n| align=\"left\" |Bedfordshire\n|-\n| Bedfordshire Mid\n| align=\"left\" |Bedfordshire\n|-\n| Bedfordshire South\n| align=\"left\" |Bedfordshire\n|-\n| Bedwellty\n| align=\"left\" |Monmouthshire\n|-\n| Beeston\n| align=\"left\" |Nottinghamshire\n|-\n| Belfast East\n| align=\"left\" |Northern Ireland\n|-\n| Belfast North\n| align=\"left\" |Northern Ireland\n|-\n| Belfast South\n| align=\"left\" |Northern Ireland\n|-\n| Belfast West\n| align=\"left\" |Northern Ireland\n|-\n| Belper\n| align=\"left\" |Derbyshire\n|-\n| Bermondsey\n| align=\"left\" |Greater London\n|-\n| Berwick and East Lothian\n| align=\"left\" |Berwickshire and East Lothian\n|-\n| Berwick-upon-Tweed\n| align=\"left\" |Northumberland\n|-\n| Bethnal Green and Bow\n| align=\"left\" |Greater London\n|-\n| Bexleyheath\n| align=\"left\" |Greater London\n|-\n| Birkenhead\n| align=\"left\" |Cheshire\n|-\n| Birmingham Edgbaston\n| align=\"left\" |Warwickshire\n|-\n| Birmingham Erdington\n| align=\"left\" |Warwickshire\n|-\n| Birmingham Hall Green\n| align=\"left\" |Warwickshire\n|-\n| Birmingham Handsworth\n| align=\"left\" |Warwickshire\n|-\n| Birmingham Ladywood\n| align=\"left\" |Warwickshire\n|-\n| Birmingham Northfield\n| align=\"left\" |Warwickshire\n|-\n| Birmingham Perry Barr\n| align=\"left\" |Warwickshire\n|-\n| Birmingham Selly Oak\n| align=\"left\" |Warwickshire\n|-\n| Birmingham Small Heath\n| align=\"left\" |Warwickshire\n|-\n| Birmingham Sparkbrook\n| align=\"left\" |Warwickshire\n|-\n| Birmingham Stechford\n| align=\"left\" |Warwickshire\n|-\n| Birmingham Yardley\n| align=\"left\" |Warwickshire\n|-\n| Bishop Auckland\n| align=\"left\" |County Durham\n|-\n| Blaby\n| align=\"left\" |Leicestershire\n|-\n| Blackburn\n| align=\"left\" |Lancashire\n|-\n| Blackpool North\n| align=\"left\" |Lancashire\n|-\n| Blackpool South\n| align=\"left\" |Lancashire\n|-\n| Blaydon\n| align=\"left\" |County Durham\n|-\n| Blyth\n| align=\"left\" |Northumberland\n|-\n| Bodmin\n| align=\"left\" |Cornwall\n|-\n| Bolsover\n| align=\"left\" |Derbyshire\n|-\n| Bolton East\n| align=\"left\" |Lancashire\n|-\n| Bolton West\n| align=\"left\" |Lancashire\n|-\n| Bootle\n| align=\"left\" |Lancashire\n|-\n| Bosworth\n| align=\"left\" |Leicestershire\n|-\n| Bothwell\n| align=\"left\" |Lanarkshire\n|-\n| Bournemouth East\n| align=\"left\" |Hampshire\n|-\n| Bournemouth West\n| align=\"left\" |Hampshire\n|-\n| Bradford North\n| align=\"left\" |Yorkshire, West Riding\n|-\n| Bradford South\n| align=\"left\" |Yorkshire, West Riding\n|-\n| Bradford West\n| align=\"left\" |Yorkshire, West Riding\n|-\n| Braintree\n| align=\"left\" |Essex\n|-\n| Brecon and Radnor\n| align=\"left\" |Breconshire and Radnorshire\n|-\n| Brent East\n| align=\"left\" |Greater London\n|-\n| Brent North\n| align=\"left\" |Greater London\n|-\n| Brent South\n| Greater London\n|-\n| Brentford and Isleworth\n| Greater London\n|-\n| Brentwood and Ongar\n| Essex\n|-\n| Bridgwater\n| Somerset\n|-\n| Bridlington\n| Yorkshire, East Riding\n|-\n| Brigg and Scunthorpe\n| Lincolnshire\n|-\n| Brighouse and Spenborough\n| Yorkshire, West Riding\n|-\n| Brighton Kemptown\n| Sussex\n|-\n| Brighton Pavilion\n| Sussex\n|-\n| Bristol North East\n| Gloucestershire\n|-\n| Bristol North West\n| Gloucestershire\n|-\n| Bristol South\n| Gloucestershire\n|-\n| Bristol South East\n| Gloucestershire\n|-\n| Bristol West\n| Gloucestershire\n|-\n| Bromsgrove and Redditch\n| Worcestershire\n|-\n| Buckingham\n| Buckinghamshire\n|-\n| Burnley\n| Lancashire\n|-\n| Burton\n| Staffordshire\n|-\n| Bury and Radcliffe\n| Lancashire\n|-\n| Bury St Edmunds\n| Suffolk\n| same constituency\n|}\nC\n{| class=\"wikitable\"\n! width=\"225px\" | Constituency\n! width=\"200px\" | Region\n! width=\"225px\" | Successor\n|-\n| Caernarfon\n| Caernarfonshire\n|-\n| Caerphilly\n| Glamorgan\n|-\n| Caithness and Sutherland\n| Caithness and Sutherland\n|-\n| Cambridge\n| Cambridgeshire\n|-\n| Cambridgeshire\n| Cambridgeshire\n|-\n| Cannock\n| Staffordshire\n|-\n| Canterbury\n| Kent\n|-\n| Cardiff North\n| Glamorgan\n|-\n| Cardiff North West\n| Glamorgan\n|-\n| Cardiff South East\n| Glamorgan\n|-\n| Cardiff West\n| Glamorgan\n|-\n| Cardigan\n| Cardiganshire\n|-\n| Carlisle\n| Cumberland\n|-\n| Carlton\n| Nottinghamshire\n| Gedling\n|-\n| Carmarthen\n| Carmarthenshire\n|-\n| Carshalton\n| Greater London\n|-\n| Cheadle\n| Cheshire\n|-\n| Chelmsford\n| Essex\n|-\n| Chelsea\n| Greater London\n|-\n| Cheltenham\n| Gloucestershire\n|-\n| Chertsey and Walton\n| Surrey\n|-\n| Chesham and Amersham\n| Buckinghamshire\n|-\n| Chester\n| Cheshire\n|-\n| Chesterfield\n| Derbyshire\n|-\n| Chester-le-Street\n| County Durham\n|-\n| Chichester\n| Sussex\n|-\n| Chingford\n| Greater London\n|-\n| Chippenham\n| Wiltshire\n|-\n| Chipping Barnet\n| Greater London\n|-\n| Chislehurst\n| Greater London\n|-\n| Chorley\n| Lancashire\n|-\n| Christchurch and Lymington\n| Dorset\n|-\n| Cirencester and Tewkesbury\n| Gloucestershire\n|-\n| City of London and Westminster South\n| Greater London\n|-\n| Cleveland and Whitby\n| Yorkshire, North Riding\n|-\n| Clitheroe\n| Lancashire\n|-\n| Coatbridge and Airdrie\n| Lanarkshire\n|-\n| Colchester\n| Essex\n|-\n| Colne Valley\n| Yorkshire, West Riding\n|-\n| Consett\n| County Durham\n|-\n| Conway\n| Caernarfonshire\n|-\n| Cornwall North\n| Cornwall\n|-\n| Coventry North East\n| Warwickshire\n|-\n| Coventry North West\n| Warwickshire\n|-\n| Coventry South East\n| Warwickshire\n|-\n| Coventry South West\n| Warwickshire\n|-\n| Crewe\n| Cheshire\n|-\n| Crosby\n| Lancashire\n|-\n| Croydon Central\n| Greater London\n|-\n| Croydon North East\n| Greater London\n|-\n| Croydon North West\n| Greater London\n|-\n| Croydon South\n| Greater London\n|}\nD\n{| class=\"wikitable\"\n! width=\"225px\" | Constituency\n! width=\"200px\" | Region\n! width=\"225px\" | Successor\n|-\n| Dagenham\n| Greater London\n|-\n| Darlington\n| County Durham\n|-\n| Dartford\n| Kent\n|-\n| Darwen\n| Lancashire\n|-\n| Daventry\n| Northamptonshire\n|-\n| Dearne Valley\n| Yorkshire, West Riding\n|-\n| Denbigh\n| Denbighshire\n|-\n| Deptford\n| Greater London\n|-\n| Derby North\n| Derbyshire\n|-\n| Derby South\n| Derbyshire\n|-\n| Derbyshire North East\n| Derbyshire\n|-\n| Derbyshire South East\n| Derbyshire\n|-\n| Derbyshire West\n| Derbyshire\n|-\n| Devizes\n| Wiltshire\n|-\n| Devon North\n| Devon\n|-\n| Devon West\n| Devon\n|-\n| Dewsbury\n| Yorkshire, West Riding\n|-\n| Doncaster\n| Yorkshire, West Riding\n|-\n| Don Valley\n| Yorkshire, West Riding\n|-\n| Dorking\n| Surrey\n|-\n| Dorset North\n| Dorset\n|-\n| Dorset South\n| Dorset\n|-\n| Dorset West\n| Dorset\n|-\n| Dover and Deal\n| Kent\n|-\n| Down North\n| Northern Ireland\n|-\n| Down South\n| Northern Ireland\n|-\n| Dudley East\n| Worcestershire\n|-\n| Dudley West\n| Worcestershire\n|-\n| Dulwich\n| Greater London\n|-\n| Dumfries\n| Dumfriesshire\n|-\n| Dunbartonshire Central\n| Dunbartonshire\n|-\n| Dunbartonshire East\n| Dunbartonshire\n|-\n| Dunbartonshire West\n| Dunbartonshire\n|-\n| Dundee East\n| Angus\n|-\n| Dundee West\n| Angus\n|-\n| Dunfermline\n| Fife\n|-\n| Durham\n| County Durham\n|-\n| Durham North West\n| County Durham\n|}\nE\n{| class=\"wikitable\"\n! width=\"225px\" | Constituency\n! width=\"200px\" | Region\n! width=\"225px\" | Successor\n|-\n| Ealing Acton\n| Greater London\n|-\n| Ealing North\n| Greater London\n|-\n| Easington\n| County Durham\n|-\n| Eastbourne\n| Sussex\n|-\n| East Grinstead\n| Sussex\n|-\n| East Kilbride\n| Lanarkshire\n|-\n| Eastleigh\n| Hampshire\n|-\n| Ebbw Vale\n| Monmouthshire\n|-\n| Eccles\n| Lancashire\n|-\n| Edinburgh Central\n| Midlothian\n|-\n| Edinburgh East\n| Midlothian\n|-\n| Edinburgh Leith\n| Midlothian\n|-\n| Edinburgh North\n| Midlothian\n|-\n| Edinburgh Pentlands\n| Midlothian\n|-\n| Edinburgh South\n| Midlothian\n|-\n| Edinburgh West\n| Midlothian\n|-\n| Edmonton\n| Greater London\n|-\n| Enfield North\n| Greater London\n|-\n| Epping Forest\n| Essex\n|-\n| Epsom and Ewell\n| Surrey\n|-\n| Erith and Crayford\n| Greater London\n|-\n| Esher\n| Surrey\n|-\n| Essex South East\n| Essex\n|-\n| Eton and Slough\n| Buckinghamshire\n|-\n| Exeter\n| Devon\n|-\n| Eye\n| Suffolk\n| Suffolk Central\n|}\nF\n{| class=\"wikitable\"\n! width=\"225px\" | Constituency\n! width=\"200px\" | Region\n! width=\"225px\" | Successor\n|-\n| Falmouth and Camborne\n| Cornwall\n|-\n| Fareham\n| Hampshire\n|-\n| Farnham\n| Surrey\n|-\n| Farnworth\n| Lancashire\n|-\n| Faversham\n| Kent\n|-\n| Feltham and Heston\n| Greater London\n|-\n| Fermanagh and South Tyrone\n| Northern Ireland\n|-\n| Fife Central\n| Fife\n|-\n| Fife East\n| Fife\n|-\n| Finchley\n| Greater London\n|-\n| Flint East\n| Flintshire\n|-\n| Flint West\n| Flintshire\n|-\n| Folkestone and Hythe\n| Kent\n|-\n| Fulham\n| Greater London\n|-\n| Fylde North\n| Lancashire\n|-\n| Fylde South\n| Lancashire\n|}\nG\n{| class=\"wikitable\"\n! width=\"225px\" | Constituency\n! width=\"200px\" | Region\n! width=\"225px\" | Successor\n|-\n| Gainsborough\n| Lincolnshire\n|-\n| Galloway\n| Kirkcudbrightshire and Wigtownshire\n|-\n| Gateshead East\n| County Durham\n|-\n| Gateshead West\n| County Durham\n|-\n| Gillingham\n| Kent\n|-\n| Glasgow Cathcart\n| Lanarkshire\n|-\n| Glasgow Central\n| Lanarkshire\n|-\n| Glasgow Craigton\n| Lanarkshire\n|-\n| Glasgow Garscadden\n| Lanarkshire\n|-\n| Glasgow Govan\n| Lanarkshire\n|-\n| Glasgow Hillhead\n| Lanarkshire\n|-\n| Glasgow Kelvingrove\n| Lanarkshire\n|-\n| Glasgow Maryhill\n| Lanarkshire\n|-\n| Glasgow Pollok\n| Lanarkshire\n|-\n| Glasgow Provan\n| Lanarkshire\n|-\n| Glasgow Queen's Park\n| Lanarkshire\n|-\n| Glasgow Shettleston\n| Lanarkshire\n|-\n| Glasgow Springburn\n| Lanarkshire\n|-\n| Gloucester\n| Gloucestershire\n|-\n| Gloucestershire South\n| Gloucestershire\n|-\n| Gloucestershire West\n| Gloucestershire\n|-\n| Goole\n| Yorkshire, East\n|-\n| Gosport\n| Hampshire\n|-\n| Gower\n| Glamorgan\n|-\n| Grantham\n| Lincolnshire\n|-\n| Gravesend\n| Kent\n|-\n| Greenock and Port Glasgow\n| Renfrewshire\n|-\n| Greenwich\n| Greater London\n|-\n| Grimsby\n| Lincolnshire\n|-\n| Guildford\n| Surrey\n|}\nH\n{| class=\"wikitable\"\n! width=\"225px\" | Constituency\n! width=\"200px\" | Region\n! width=\"225px\" | Successor\n|-\n| Hackney Central\n| Greater London\n|-\n| Hackney North and Stoke Newington\n| Greater London\n|-\n| Hackney South and Shoreditch\n| Greater London\n|-\n| Halesowen and Stourbridge\n| Worcestershire\n|-\n| Halifax\n| Yorkshire, West Riding\n|-\n| Haltemprice\n| Yorkshire, East Riding\n|-\n| Hamilton\n| Lanarkshire\n|-\n| Hammersmith North\n| Greater London\n|-\n| Hampstead\n| Greater London\n|-\n| Harborough\n| Leicestershire\n|-\n| Harlow\n| Essex\n|-\n| Harrogate\n| Yorkshire, North Riding\n|-\n| Harrow Central\n| Greater London\n|-\n| Harrow East\n| Greater London\n|-\n| Harrow West\n| Greater London\n|-\n| Hartlepool\n| County Durham\n|-\n| Harwich\n| Essex\n|-\n| Hastings\n| Sussex\n|-\n| Havant and Waterloo\n| Hampshire\n|-\n| Hayes and Harlington\n| Greater London\n|-\n| Hazel Grove\n| Cheshire\n|-\n| Hemel Hempstead\n| Hertfordshire\n|-\n| Hemsworth\n| Yorkshire, West Riding\n|-\n| Hendon North\n| Greater London\n|-\n| Hendon South\n| Greater London\n|-\n| Henley\n| Oxfordshire\n|-\n| Hereford\n| Herefordshire\n|-\n| Hertford and Stevenage\n| Hertfordshire\n|-\n| Hertfordshire East\n| Hertfordshire\n|-\n| Hertfordshire South\n| Hertfordshire\n|-\n| Hertfordshire South East\n| Hertfordshire\n|-\n| Hexham\n| Northumberland\n|-\n| Heywood and Royton\n| Lancashire\n|-\n| High Peak\n| Derbyshire\n|-\n| Hitchin\n| Hertfordshire\n|-\n| Holborn and St Pancras\n| Greater London\n|-\n| Holland and Boston\n| Lincolnshire\n|-\n| Honiton\n| Devon\n|-\n| Horncastle\n| Lincolnshire\n|-\n| Hornchurch\n| Greater London\n|-\n| Hornsey\n| Greater London\n|-\n| Horsham and Crawley\n| Sussex\n|-\n| Houghton-le-Spring\n| County Durham\n|-\n| Hove\n| Sussex\n|-\n| Howden\n| Yorkshire, East Riding\n|-\n| Huddersfield East\n| Yorkshire, West Riding\n|-\n| Huddersfield West\n| Yorkshire, West Riding\n|-\n| Huntingdonshire\n| Huntingdonshire\n|-\n| Huyton\n| Lancashire\n|}\nI\n{| class=\"wikitable\"\n! width=\"225px\" | Constituency\n! width=\"200px\" | Region\n! width=\"225px\" | Successor\n|-\n| Ilford North\n| Greater London\n|-\n| Ilford South\n| Greater London\n|-\n| Ilkeston\n| Derbyshire\n|-\n| Ince\n| Cheshire\n|-\n| Inverness\n| Inverness-shire\n|-\n| Ipswich\n| Suffolk\n| same constituency\n|-\n| Isle of Ely\n| Cambridgeshire\n|-\n| Isle of Wight\n| Isle of Wight\n|-\n| Islington Central\n| Greater London\n|-\n| Islington North\n| Greater London\n|-\n| Islington South and Finsbury\n| Greater London\n|}\nJ\n{| class=\"wikitable\"\n! width=\"225px\" | Constituency\n! width=\"200px\" | Region\n! width=\"225px\" | Successor\n|-\n| Jarrow\n| County Durham\n|}\nK\n{| class=\"wikitable\"\n! width=\"225px\" | Constituency\n! width=\"200px\" | Region\n! width=\"225px\" | Successor\n|-\n| Keighley\n| Yorkshire, West Riding\n|-\n| Kensington\n| Greater London\n|-\n| Kettering\n| Northamptonshire\n|-\n| Kidderminster\n| Worcestershire\n|-\n| Kilmarnock\n| Ayrshire\n|-\n| Kingston upon Hull Central\n| Yorkshire, East Riding\n|-\n| Kingston upon Hull East\n| Yorkshire, East Riding\n|-\n| Kingston upon Hull West\n| Yorkshire, East Riding\n|-\n| Kingston-upon-Thames\n| Greater London\n|-\n| Kingswood\n| Gloucestershire\n|-\n| Kinross and West Perthshire\n| Kinross-shire and Perthshire\n|-\n| Kirkcaldy\n| Fife\n|-\n| Knutsford\n| Cheshire\n|}\nL\n{| class=\"wikitable\"\n! width=\"225px\" | Constituency\n! width=\"200px\" | Region\n! width=\"225px\" | Successor\n|-\n| Lambeth Central\n| Greater London\n|-\n| Lanark\n| Lanarkshire\n|-\n| Lanarkshire North\n| Lanarkshire\n|-\n| Lancaster\n| Lancashire\n|-\n| Leeds East\n| Yorkshire, West Riding\n|-\n| Leeds North East\n| Yorkshire, West Riding\n|-\n| Leeds North West\n| Yorkshire, West Riding\n|-\n| Leeds South\n| Yorkshire, West Riding\n|-\n| Leeds South East\n| Yorkshire, West Riding\n|-\n| Leeds West\n| Yorkshire, West Riding\n|-\n| Leek\n| Staffordshire\n|-\n| Leicester East\n| Leicestershire\n|-\n| Leicester South\n| Leicestershire\n|-\n| Leicester West\n| Leicestershire\n|-\n| Leigh\n| Lancashire\n|-\n| Leominster\n| Herefordshire\n|-\n| Lewes\n| Sussex\n|-\n| Lewisham East\n| Greater London\n|-\n| Lewisham West\n| Greater London\n|-\n| Leyton\n| Greater London\n|-\n| Lichfield and Tamworth\n| Staffordshire\n|-\n| Lincoln\n| Lincolnshire\n|-\n| Liverpool Edge Hill\n| Lancashire\n|-\n| Liverpool Garston\n| Lancashire\n|-\n| Liverpool Kirkdale\n| Lancashire\n|-\n| Liverpool Scotland Exchange\n| Lancashire\n|-\n| Liverpool Toxteth\n| Lancashire\n|-\n| Liverpool Walton\n| Lancashire\n|-\n| Liverpool Wavertree\n| Lancashire\n|-\n| Liverpool West Derby\n| Lancashire\n|-\n| Llanelli\n| Carmarthenshire\n|-\n| Londonderry\n| Northern Ireland\n|-\n| Loughborough\n| Leicestershire\n|-\n| Louth, Lincolnshire\n| Lincolnshire\n|-\n| Lowestoft\n| Suffolk\n| Waveney and Northern half of Suffolk Coastal\n|-\n| Ludlow\n| Shropshire\n|-\n| Luton East\n| Bedfordshire\n|-\n| Luton West\n| Bedfordshire\n|}\nM\n{| class=\"wikitable\"\n! width=\"225px\" | Constituency\n! width=\"200px\" | Region\n! width=\"225px\" | Successor\n|-\n| Macclesfield\n| Cheshire\n|-\n| Maidstone\n| Kent\n|-\n| Maldon\n| Essex\n|-\n| Manchester Ardwick\n| Lancashire\n|-\n| Manchester Blackley\n| Lancashire\n|-\n| Manchester Central\n| Lancashire\n|-\n| Manchester Gorton\n| Lancashire\n|-\n| Manchester Moss Side\n| Lancashire\n|-\n| Manchester Openshaw\n| Lancashire\n|-\n| Manchester Withington\n| Lancashire\n|-\n| Manchester Wythenshawe\n| Lancashire\n|-\n| Mansfield\n| Nottinghamshire\n|-\n| Melton\n| Leicestershire\n|-\n| Meriden\n| Warwickshire\n|-\n| Merionethshire\n| Merionethshire\n|-\n| Merthyr Tydfil\n| Glamorgan\n|-\n| Middlesbrough\n| Yorkshire, North Riding\n|-\n| Middleton and Prestwich\n| Lancashire\n|-\n| Midlothian\n| Midlothian\n|-\n| Mitcham and Morden\n| Greater London\n|-\n| Monmouth\n| Monmouthshire\n|-\n| Montgomeryshire\n| Montgomeryshire\n|-\n| Moray and Nairn\n| Morayshire and Nairnshire\n|-\n| Morecambe and Lonsdale\n| Lancashire\n|-\n| Morpeth\n| Northumberland\n|-\n| Motherwell and Wishaw\n| Lanarkshire\n|}\nN\n{| class=\"wikitable\"\n! width=\"225px\" | Constituency\n! width=\"200px\" | Region\n! width=\"225px\" | Successor\n|-\n| Nantwich\n| Cheshire\n|-\n| Neath\n| Glamorgan\n|-\n| Nelson and Colne\n| Lancashire\n|-\n| Newark\n| Nottinghamshire\n|-\n| Newbury\n| Berkshire\n|-\n| Newcastle-under-Lyme\n| Staffordshire\n|-\n| Newcastle upon Tyne Central\n| Northumberland\n|-\n| Newcastle upon Tyne East\n| Northumberland\n|-\n| Newcastle upon Tyne North\n| Northumberland\n|-\n| Newcastle upon Tyne West\n| Northumberland\n|-\n| New Forest\n| Hampshire\n|-\n| Newham North East\n| Greater London\n|-\n| Newham North West\n| Greater London\n|-\n| Newham South\n| Greater London\n|-\n| Newport (Monmouthshire)\n| Monmouthshire\n|-\n| Newton\n| Lancashire\n|-\n| Norfolk North\n| Norfolk\n|-\n| Norfolk North West\n| Norfolk\n|-\n| Norfolk South\n| Norfolk\n|-\n| Norfolk South West\n| Norfolk\n|-\n| Normanton\n| Yorkshire, West Riding\n|-\n| Northampton North\n| Northamptonshire\n|-\n| Northampton South\n| Northamptonshire\n|-\n| Northwich\n| Cheshire\n|-\n| Norwich North\n| Norfolk\n|-\n| Norwich South\n| Norfolk\n|-\n| Norwood\n| Greater London\n|-\n| Nottingham East\n| Nottinghamshire\n|-\n| Nottingham West\n| Nottinghamshire\n|-\n| Nuneaton\n| Warwickshire\n|}\nO\n{| class=\"wikitable\"\n! width=\"225px\" | Constituency\n! width=\"200px\" | Region\n! width=\"225px\" | Successor\n|-\n| Ogmore\n| Glamorgan\n|-\n| Oldham East\n| Lancashire\n|-\n| Oldham West\n| Lancashire\n|-\n| Orkney and Shetland\n| Orkney and Shetland\n|-\n| Ormskirk\n| Lancashire\n|-\n| Orpington\n| Greater London\n|-\n| Oswestry\n| Shropshire\n|-\n| Oxford\n| Oxfordshire\n|-\n| Oxfordshire Mid\n| Oxfordshire\n|}\nP\n{| class=\"wikitable\"\n! width=\"225px\" | Constituency\n! width=\"200px\" | Region\n! width=\"225px\" | Successor\n|-\n| Paddington\n| Greater London\n|-\n| Paisley\n| Renfrewshire\n|-\n| Peckham\n| Greater London\n|-\n| Pembroke\n| Pembrokeshire\n|-\n| Penistone\n| Yorkshire, West Riding\n|-\n| Penrith and the Border\n| Cumberland\n|-\n| Perth and East Perthshire\n| Perthshire\n|-\n| Peterborough\n| Northamptonshire\n|-\n| Petersfield\n| Hampshire\n|-\n| Plymouth Devonport\n| Devon\n|-\n| Plymouth Drake\n| Devon\n|-\n| Plymouth Sutton\n| Devon\n|-\n| Pontefract and Castleford\n| Yorkshire, West Riding\n|-\n| Pontypool\n| Monmouthshire\n|-\n| Pontypridd\n| Glamorgan\n|-\n| Poole\n| Dorset\n|-\n| Portsmouth North\n| Hampshire\n|-\n| Portsmouth South\n| Hampshire\n|-\n| Preston North\n| Lancashire\n|-\n| Pudsey\n| Yorkshire, West Riding\n|-\n| Putney\n| Greater London\n|}\nR\n{| class=\"wikitable\"\n! width=\"225px\" | Constituency\n! width=\"200px\" | Region\n! width=\"225px\" | Successor\n|-\n| Ravensbourne\n| Greater London\n|-\n| Reading North\n| Berkshire\n|-\n| Reading South\n| Berkshire\n|-\n| Redcar\n| Yorkshire, North Riding\n|-\n| Reigate\n| Surrey\n|-\n| Renfrewshire East\n| Renfrewshire\n|-\n| Renfrewshire West\n| Renfrewshire\n|-\n| Rhondda\n| Glamorgan\n|-\n| Richmond upon Thames\n| Greater London\n|-\n| Richmond (Yorks)\n| Yorkshire, North Riding\n|-\n| Ripon\n| Yorkshire, North Riding\n|-\n| Rochdale\n| Lancashire\n|-\n| Rochester and Chatham\n| Kent\n|-\n| Romford\n| Greater London\n|-\n| Ross and Cromarty\n| Ross and Cromarty\n|-\n| Rossendale\n| Lancashire\n|-\n| Rotherham\n| Yorkshire, West Riding\n|-\n| Rother Valley\n| Yorkshire, West Riding\n|-\n| Roxburgh, Selkirk and Peebles\n| Roxburghshire, Selkirkshire and Peeblesshire\n|-\n| Rugby\n| Warwickshire\n|-\n| Ruislip Northwood\n| Greater London\n|-\n| Runcorn\n| Cheshire\n|-\n| Rushcliffe\n| Nottinghamshire\n|-\n| Rutherglen\n| Lanarkshire\n|-\n| Rutland and Stamford\n| Leicestershire\n|-\n| Rye\n| Sussex\n|}\nS\n{| class=\"wikitable\"\n! width=\"225px\" | Constituency\n! width=\"200px\" | Region\n! width=\"225px\" | Successor\n|-\n| Saffron Walden\n| Essex\n|-\n| St Albans\n| Hertfordshire\n|-\n| St Helens\n| Lancashire\n|-\n| St Ives\n| Cornwall\n|-\n| St Marylebone\n| Greater London\n|-\n| St Pancras North\n| Greater London\n|-\n| Salford East\n| Lancashire\n|-\n| Salford West\n| Lancashire\n|-\n| Salisbury\n| Wiltshire\n|-\n| Scarborough\n| Yorkshire, North Riding\n|-\n| Sevenoaks\n| Kent\n|-\n| Sheffield Attercliffe\n| Yorkshire, West Riding\n|-\n| Sheffield Brightside\n| Yorkshire, West Riding\n|-\n| Sheffield Hallam\n| Yorkshire, West Riding\n|-\n| Sheffield Heeley\n| Yorkshire, West Riding\n|-\n| Sheffield Hillsborough\n| Yorkshire, West Riding\n|-\n| Sheffield Park\n| Yorkshire, West Riding\n|-\n| Shipley\n| Yorkshire, West Riding\n|-\n| Shoreham\n| Sussex\n|-\n| Shrewsbury\n| Shropshire\n|-\n| Sidcup\n| Greater London\n|-\n| Skipton\n| Yorkshire, North Riding\n|-\n| Solihull\n| Warwickshire\n|-\n| Somerset North\n| Somerset\n|-\n| Southall\n| Greater London\n|-\n| Southampton Itchen\n| Hampshire\n|-\n| Southampton Test\n| Hampshire\n|-\n| Southend East\n| Essex\n|-\n| Southend West\n| Essex\n|-\n| Southgate\n| Greater London\n|-\n| Southport\n| Lancashire\n|-\n| South Shields\n| County Durham\n|-\n| Sowerby\n| Yorkshire, West Riding\n|-\n| Spelthorne\n| Surrey\n|-\n| Stafford and Stone\n| Staffordshire\n|-\n| Staffordshire South West\n| Staffordshire\n|-\n| Stalybridge and Hyde\n| Cheshire\n|-\n| Stepney and Poplar\n| Greater London\n|-\n| Stirling, Falkirk and Grangemouth\n| Stirlingshire\n|-\n| Stirlingshire East and Clackmannan\n| Stirlingshire and Clackmannanshire\n|-\n| Stirlingshire West\n| Stirlingshire\n|-\n| Stockport North\n| Cheshire\n|-\n| Stockport South\n| Cheshire\n|-\n| Stockton\n| County Durham\n|-\n| Stoke-on-Trent Central\n| Staffordshire\n|-\n| Stoke-on-Trent North\n| Staffordshire\n|-\n| Stoke-on-Trent South\n| Staffordshire\n|-\n| Stratford-on-Avon\n| Warwickshire\n|-\n| Streatham\n| Greater London\n|-\n| Stretford\n| Lancashire\n|-\n| Stroud\n| Gloucestershire\n|-\n| Sudbury and Woodbridge\n| Suffolk\n| Suffolk South and  southern half of Suffolk Coastal\n|-\n| Sunderland North\n| County Durham\n|-\n| Sunderland South\n| County Durham\n|-\n| Surbiton\n| Greater London\n|-\n| Surrey East\n| Surrey\n|-\n| Surrey North West\n| Surrey\n|-\n| Sussex Mid\n| Sussex\n|-\n| Sutton and Cheam\n| Greater London\n|-\n| Sutton Coldfield\n| Warwickshire\n|-\n| Swansea East\n| Glamorgan\n|-\n| Swansea West\n| Glamorgan\n|-\n| Swindon\n| Wiltshire\n|}\nT\n{| class=\"wikitable\"\n! width=\"225px\" | Constituency\n! width=\"200px\" | Region\n! width=\"225px\" | Successor\n|-\n| Taunton\n| Somerset\n|-\n| Thanet East\n| Kent\n|-\n| Thanet West\n| Kent\n|-\n| Thirsk and Malton\n| Yorkshire, North Riding\n|-\n| Thornaby\n| Yorkshire, North Riding\n|-\n| Thurrock\n| Essex\n|-\n| Tiverton\n| Devon\n|-\n| Tonbridge and Malling\n| Kent\n|-\n| Tooting\n| Greater London\n|-\n| Torbay\n| Devon\n|-\n| Totnes\n| Devon\n|-\n| Tottenham\n| Greater London\n|-\n| Truro\n| Cornwall\n|-\n| Tunbridge Wells\n| Kent\n|-\n| Twickenham\n| Greater London\n|-\n| Tynemouth\n| Northumberland\n|}\nU\n{| class=\"wikitable\"\n! width=\"225px\" | Constituency\n! width=\"200px\" | Region\n! width=\"225px\" | Successor\n|-\n| Mid Ulster\n| Northern Ireland\n|-\n| Upminster\n| Greater London\n|-\n| Uxbridge\n| Greater London\n|}\nV\n{| class=\"wikitable\"\n! width=\"225px\" | Constituency\n! width=\"200px\" | Region\n! width=\"225px\" | Successor\n|-\n| Vauxhall\n| Greater London\n|}\nW\n{| class=\"wikitable\"\n! width=\"225px\" | Constituency\n! width=\"200px\" | Region\n! width=\"225px\" | Successor\n|-\n| Wakefield\n| Yorkshire, West Riding\n|-\n| Wallasey\n| Cheshire\n|-\n| Wallsend\n| Northumberland\n|-\n| Walsall North\n| Staffordshire\n|-\n| Walsall South\n| Staffordshire\n|-\n| Walthamstow\n| Greater London\n|-\n| Wanstead and Woodford\n| Greater London\n|-\n| Warley East\n| Worcestershire\n|-\n| Warley West\n| Worcestershire\n|-\n| Warrington\n| Lancashire\n|-\n| Warwick and Leamington\n| Warwickshire\n|-\n| Watford\n| Hertfordshire\n|-\n| Wellingborough\n| Northamptonshire\n|-\n| Wells\n| Somerset\n|-\n| Welwyn and Hatfield\n| Hertfordshire\n|-\n| West Bromwich East\n| Staffordshire\n|-\n| West Bromwich West\n| Staffordshire\n|-\n| Westbury\n| Wiltshire\n|-\n| Western Isles\n| Inverness-shire, Ross and Cromarty\n|-\n| Westhoughton\n| Lancashire\n|-\n| West Lothian\n| West Lothian\n|-\n| Westmorland\n| Westmorland\n|-\n| Weston-super-Mare\n| Somerset\n|-\n| Whitehaven\n| Cumberland\n|-\n| Widnes\n| Lancashire\n|-\n| Wigan\n| Lancashire\n|-\n| Wimbledon\n| Greater London\n|-\n| Winchester\n| Hampshire\n|-\n| Windsor and Maidenhead\n| Berkshire\n|-\n| Wirral\n| Cheshire\n|-\n| Woking\n| Surrey\n|-\n| Wokingham\n| Berkshire\n|-\n| Wolverhampton North East\n| Staffordshire\n|-\n| Wolverhampton South East\n| Staffordshire\n|-\n| Wolverhampton South West\n| Staffordshire\n|-\n| Wood Green\n| Greater London\n|-\n| Woolwich East\n| Greater London\n|-\n| Woolwich West\n| Greater London\n|-\n| Worcester\n| Worcestershire\n|-\n| Worcestershire South\n| Worcestershire\n|-\n| Workington\n| Cumberland\n|-\n| Worthing\n| Sussex\n|-\n| The Wrekin\n| Shropshire\n|-\n| Wrexham\n| Denbighshire\n|-\n| Wycombe\n| Buckinghamshire\n|}\nY\n{| class=\"wikitable\"\n! width=\"225px\" | Constituency\n! width=\"200px\" | Region\n! width=\"225px\" | Successor\n|-\n| Yarmouth\n| Norfolk\n|-\n| Yeovil\n| Somerset\n|-\n| York\n| Yorkshire\n|}\nNote: All regions used are those in force when the constituencies were created.\nSee also"
    }
  ]
}