{
  "content": [
    {
      "type": "text",
      "text": "# List of United Kingdom locations\n\nA gazetteer of place names in the United Kingdom showing each place's county, unitary authority or council area and its geographical coordinates.\n__NOTOC__\n;Location names beginning with A:\n*Location names beginning with Aa–Ak\n*Location names beginning with Al\n*Location names beginning with Am–Ar\n*Location names beginning with As–Az\n;Location names beginning with B:\n*Location names beginning with Bab–Bal\n*Location names beginning with Bam–Bap\n*Location names beginning with Bar\n*Location names beginning with Bas–Baz\n*Location names beginning with Bea–Bem\n*Location names beginning with Ben–Bez\n*Location names beginning with Bi\n*Location names beginning with Bla–Blac\n*Location names beginning with Blad–Bly\n*Location names beginning with Boa–Bot\n*Location names beginning with Bou–Boz\n*Location names beginning with Bra\n*Location names beginning with Bre–Bri\n*Location names beginning with Bro–Bron\n*Location names beginning with Broo–Brt\n*Location names beginning with Bru–Bun\n*Location names beginning with Bur–Bz\n;Location names beginning with C:\n*Location names beginning with Ca–Cap\n*Location names beginning with Car–Cd\n*Location names beginning with Ce–Chap\n*Location names beginning with Char–Che\n*Location names beginning with Chi–Ck\n*Location names beginning with Cl–Cn\n*Location names beginning with Co–Col\n*Location names beginning with Com–Cor\n*Location names beginning with Cos–Cou\n*Location names beginning with Cov–Coy\n*Location names beginning with Cra\n*Location names beginning with Cre–Croc\n*Location names beginning with Croe–Cros\n*Location names beginning with Crot–Croz\n*Location names beginning with Cru–Cu\n*Location names beginning with Cw–Cz\n;Location names beginning with D:\n*Location names beginning with Da–Dam\n*Location names beginning with Dan–Ddu\n*Location names beginning with De–Dee\n*Location names beginning with Deo–Dn\n*Location names beginning with Do–Dor\n*Location names beginning with Dos–Doz\n*Location names beginning with Dr\n*Location names beginning with Ds–Dz\n;Location names beginning with E:\n*Location names beginning with Ea–Eass\n*Location names beginning with East A–East D\n*Location names beginning with East E–East L\n*Location names beginning with East M–East Y\n*Location names beginning with Eat–Ee\n*Location names beginning with Ef–El\n*Location names beginning with Em–Ez\n;Location names beginning with F:\n*Location names beginning with Fa–Fe\n*Location names beginning with Ff–Fn\n*Location names beginning with Fo\n*Location names beginning with Fr–Fz\n;Location names beginning with G:\n*Location names beginning with Gab–Gan\n*Location names beginning with Gao–Gar\n*Location names beginning with Gas–Gaz\n*Location names beginning with Ge–Gl\n*Location names beginning with Gm–Gq\n*Location names beginning with Gr–Gred\n*Location names beginning with Gree–Gz\n;Location names beginning with H:\n*Location names beginning with Ha–Ham\n*Location names beginning with Han–Har\n*Location names beginning with Has–Hd\n*Location names beginning with He–Hem\n*Location names beginning with Hen–Hh\n*Location names beginning with Hi–Highr\n*Location names beginning with Highs–Hn\n*Location names beginning with Ho–Hoo\n*Location names beginning with Hop–Ht\n*Location names beginning with Hu–Hz\n;Location names beginning with I, J:\n*Location names beginning with Ia–Im\n*Location names beginning with In–Ir\n*Location names beginning with Is–Ix\n*Location names beginning with J\n;Location names beginning with K:\n*Location names beginning with Ka–Key\n*Location names beginning with Kib–Kin\n*Location names beginning with Kip–Kz\n;Location names beginning with L:\n*Location names beginning with La\n*Location names beginning with Lea–Lei\n*Location names beginning with Lel–Lez\n*Location names beginning with Lf–Litm\n*Location names beginning with Litn–Liz\n*Location names beginning with Llae–Llane\n*Location names beginning with Llanf–Llann\n*Location names beginning with Llano–Lly\n*Location names beginning with Lm–Loi\n*Location names beginning with Lol–Lov\n*Location names beginning with Low–Loz\n*Location names beginning with Lu–Ly\n;Location names beginning with M:\n*Location names beginning with Ma–Maq\n*Location names beginning with Mar–Md\n*Location names beginning with Me–Mic\n*Location names beginning with Mid–Mig\n*Location names beginning with Milb–Milk\n*Location names beginning with Mill\n*Location names beginning with Miln–Mix\n*Location names beginning with Mo–Mor\n*Location names beginning with Mos–Mz\n;Location names beginning with N:\n*Location names beginning with Na–Nev\n*Location names beginning with New–Newl\n*Location names beginning with Newm–Newto\n*Location names beginning with Newton\n*Location names beginning with New T–Ney\n*Location names beginning with Ni–North G\n*Location names beginning with North H–Nz\n;Location names beginning with O:\n*Location names beginning with Oa–Od\n*Location names beginning with Of–Old G\n*Location names beginning with Old H–Om\n*Location names beginning with On–Oz\n;Location names beginning with P:\n*Location names beginning with Pab–Pap\n*Location names beginning with Par–Pay\n*Location names beginning with Pe–Pen\n*Location names beginning with Peo–Pn\n*Location names beginning with Po\n*Location names beginning with Pr–Pz\n;Location names beginning with Q:\n*Location names beginning with Q\n;Location names beginning with R:\n*Location names beginning with Ra–Ray\n*Location names beginning with Re–Rh\n*Location names beginning with Ri–Ror\n*Location names beginning with Ros–Rz\n;Location names beginning with S:\n*Location names beginning with Saa–Sanc\n*Location names beginning with Sand–Say\n*Location names beginning with Sb–Sf\n*Location names beginning with Sg–Sh\n*Location names beginning with Si–Sm\n*Location names beginning with Sn–Soute\n*Location names beginning with South\n*Location names beginning with Sow–Stao\n*Location names beginning with Stap–St N\n*Location names beginning with Sto–St Q\n*Location names beginning with Str–Stt\n*Location names beginning with Stu–Sz\n;Location names beginning with T:\n*Location names beginning with Ta–Tha\n*Location names beginning with The–Thh\n*Location names beginning with Thi–Thw\n*Location names beginning with Ti\n*Location names beginning with To–Tq\n*Location names beginning with Tr–Tre\n*Location names beginning with Tri–Tz\n;Location names beginning with U:\n*Location names beginning with U–Uppen\n*Location names beginning with Upper A–Upper H\n*Location names beginning with Upper I–Upper W\n*Location names beginning with Uppi–Uz\n;Location names beginning with V:\n*Location names beginning with V\n;Location names beginning with W:\n*Location names beginning with Wa–Wal\n*Location names beginning with Wam–Way\n*Location names beginning with Wd–West End\n*Location names beginning with Weste–West L\n*Location names beginning with West M–Wey\n*Location names beginning with Wha–Whitc\n*Location names beginning with White\n*Location names beginning with Whitf–Why\n*Location names beginning with Wi–Win\n*Location names beginning with Wir–Wood\n*Location names beginning with Woof–Wy\n;Location names beginning with X–Z:\n*Location names beginning with X–Z\nSee also\n*List of places in England\n*Lists of places in Wales\n*List of places in Scotland\n*List of places in Northern Ireland\n*Toponymy in the United Kingdom and Ireland, the study of place names\n*List of generic forms in place names in the British Isles\n*United Nations Group of Experts on Geographical Names\nExternal links\n*[http://www.gazetteer.co.uk/ The Gazetteer of British Place Names]"
    }
  ]
}