{
  "content": [
    {
      "type": "text",
      "text": "# List of post towns in the United Kingdom\n\nThis is a list of post towns in the United Kingdom and Crown Dependencies, sorted by the postcode area (the first part of the outward code of a postcode).\n{| class=\"wikitable\"\n!Postcode area\n!Postcode name||Post towns\n|-\n|AB\n|Aberdeen|| Aberdeen, Aberlour, Aboyne, Alford (Aberdeenshire), Ballater, Ballindalloch, Banchory, Banff, Buckie, Ellon, Fraserburgh, Huntly, Insch, Inverurie, Keith, Laurencekirk, Macduff, Milltimber, Peterculter, Peterhead, Stonehaven, Strathdon, Turriff, Westhill\n|-\n|AL\n|St. Albans|| Harpenden, Hatfield, St. Albans, Welwyn, Welwyn Garden City\n|-\n|B\n|Birmingham|| Alcester, Birmingham, Bromsgrove, Cradley Heath, Halesowen, Henley-in-Arden, Oldbury, Redditch, Rowley Regis, Smethwick, Solihull, Studley, Sutton Coldfield, Tamworth, West Bromwich\n|-\n|BA\n|Bath|| Bath (Somerset), Bradford-on-Avon (Wiltshire), Bruton, Castle Cary, Frome, Glastonbury, Radstock, Shepton Mallet, Street, Templecombe, Trowbridge, Warminster, Wells, Westbury, Wincanton, Yeovil\n|-\n|BB\n|Blackburn|| Accrington, Barnoldswick, Blackburn, Burnley, Clitheroe, Colne, Darwen, Nelson, Rossendale\n|-\n|BD\n|Bradford|| Bingley, Bradford (West Yorkshire), Cleckheaton, Keighley, Settle, Shipley, Skipton\n|-\n|BF\n|British Forces|| BFPO\n|-\n|BH\n|Bournemouth|| Bournemouth, Broadstone, Christchurch, Ferndown, New Milton, Poole, Ringwood, Swanage, Verwood, Wareham, Wimborne\n|-\n|BL\n|Bolton|| Bolton, Bury\n|-\n|BN\n|Brighton|| Arundel, Brighton, Eastbourne, Hailsham, Hassocks, Henfield, Hove, Lancing, Lewes, Littlehampton, Newhaven, Peacehaven, Pevensey, Polegate, Seaford, Shoreham-by-Sea, Steyning, Worthing\n|-\n|BR\n|Bromley|| Beckenham, Bromley, Chislehurst, Keston, Orpington, Swanley, West Wickham\n|-\n|BS\n|Bristol|| Axbridge, Banwell, Bristol, Cheddar, Clevedon, Wedmore, Weston-super-Mare, Winscombe\n|-\n|BT\n|Belfast|| Antrim, Armagh, Augher, Aughnacloy, Ballycastle, Ballyclare, Ballymena, Ballymoney, Ballynahinch, Banbridge, Bangor (County Down), Belfast, Bushmills, Caledon, Carrickfergus, Castlederg, Castlewellan, Clogher, Coleraine, Cookstown, Craigavon, Crumlin, Donaghadee, Downpatrick, Dromore, Dungannon, Enniskillen, Fivemiletown, Hillsborough, Holywood, Larne, Limavady, Lisburn, Londonderry, Maghera, Magherafelt, Newcastle (County Down), Newry, Newtownabbey, Newtownards, Omagh, Portrush, Portstewart, Strabane\n|-\n|CA\n|Carlisle|| Alston, Appleby-in-Westmorland, Beckermet, Brampton, Carlisle, Cleator, Cleator Moor, Cockermouth, Egremont, Frizington, Holmrook, Keswick, Kirkby Stephen, Maryport, Moor Row, Penrith, Ravenglass, Seascale, St. Bees, Whitehaven, Wigton, Workington\n|-\n|CB\n|Cambridge|| Cambridge, Ely, Haverhill, Newmarket, Saffron Walden\n|-\n|CF\n|Cardiff|| Aberdare, Bargoed, Barry, Bridgend, Caerphilly, Cardiff, Cowbridge, Dinas Powys, Ferndale, Hengoed, Llantwit Major, Maesteg, Merthyr Tydfil, Mountain Ash, Penarth, Pentre, Pontyclun, Pontypridd, Porth, Porthcawl, Tonypandy, Treharris, Treorchy\n|-\n|CH\n|Chester|| Bagillt, Birkenhead, Buckley, Chester (Cheshire), Deeside, Ellesmere Port (Cheshire), Flint, Holywell, Mold, Neston, Prenton, Wallasey, Wirral\n|-\n|CM\n|Chelmsford|| Billericay, Bishop's Stortford, Braintree, Brentwood, Burnham-on-Crouch (Essex), Chelmsford, Dunmow, Epping, Harlow, Ingatestone, Maldon, Ongar, Sawbridgeworth, Southminster, Stansted, Witham\n|-\n|CO\n|Colchester|| Bures, Clacton-on-Sea, Colchester, Frinton-on-Sea, Halstead, Harwich, Manningtree, Sudbury, Walton on the Naze (Essex)\n|-\n|CR\n|Croydon|| Caterham, Coulsdon, Croydon, Kenley, Mitcham, Purley, South Croydon, Thornton Heath, Warlingham, Whyteleafe\n|-\n|CT\n|Canterbury|| Birchington, Broadstairs, Canterbury, Deal, Dover, Folkestone, Herne Bay, Hythe, Margate, Ramsgate, Sandwich, Westgate-on-Sea, Whitstable\n|-\n|CV\n|Coventry|| Atherstone, Bedworth, Coventry, Kenilworth, Leamington Spa, Nuneaton, Rugby, Shipston-on-Stour, Southam, Stratford-upon-Avon, Warwick\n|-\n|CW\n|Crewe|| Congleton, Crewe, Middlewich, Nantwich, Northwich, Sandbach, Tarporley, Winsford\n|-\n|DA\n|Dartford|| Belvedere, Bexley, Bexleyheath, Dartford, Erith, Gravesend, Greenhithe, Longfield, Sidcup, Swanscombe, Welling\n|-\n|DD\n|Dundee|| Arbroath, Brechin, Carnoustie, Dundee, Forfar, Kirriemuir, Montrose, Newport-on-Tay (Fife), Tayport\n|-\n|DE\n|Derby|| Alfreton, Ashbourne, Bakewell, Belper, Burton-on-Trent, Derby, Heanor, Ilkeston, Matlock, Ripley, Swadlincote\n|-\n|DG\n|Dumfries and Galloway|| Annan, Canonbie, Castle Douglas, Dalbeattie, Dumfries, Gretna, Kirkcudbright, Langholm, Lockerbie, Moffat, Newton Stewart, Sanquhar, Stranraer, Thornhill\n|-\n|DH\n|Durham|| Chester le Street (County Durham), Consett, Durham, Houghton le Spring, Stanley\n|-\n|DL\n|Darlington|| Barnard Castle, Bedale, Bishop Auckland, Catterick Garrison, Crook, Darlington, Ferryhill, Hawes, Leyburn, Newton Aycliffe, Northallerton, Richmond (North Yorkshire), Shildon, Spennymoor\n|-\n|DN\n|Doncaster|| Barnetby, Barrow-upon-Humber, Barton-upon-Humber, Brigg, Cleethorpes, Doncaster, Gainsborough, Goole, Grimsby, Immingham, Retford, Scunthorpe, Ulceby\n|-\n|DT\n|Dorchester|| Beaminster, Blandford Forum, Bridport, Dorchester, Lyme Regis, Portland, Sherborne, Sturminster Newton, Weymouth\n|-\n|DY\n|Dudley|| Bewdley, Brierley Hill, Dudley, Kidderminster, Kingswinford, Stourbridge, Stourport-on-Severn, Tipton\n|-\n|E\n|East London|| London\n|-\n|EC\n|East-Central London|| London\n|-\n|EH\n|Edinburgh|| Balerno, Bathgate (West Lothian), Bo'ness, Bonnyrigg, Broxburn, Currie, Dalkeith, Dunbar, East Linton, Edinburgh, Gorebridge, Gullane, Haddington, Heriot, Humbie, Innerleithen, Juniper Green, Kirkliston, Kirknewton, Lasswade, Linlithgow, Livingston, Loanhead, Longniddry, Musselburgh, Newbridge, North Berwick, Pathhead, Peebles, Penicuik, Prestonpans, Rosewell, Roslin, South Queensferry, Tranent, Walkerburn, West Calder, West Linton\n|-\n|EN\n|Enfield|| Barnet, Broxbourne, Enfield, Hoddesdon, Potters Bar, Waltham Abbey, Waltham Cross\n|-\n|EX\n|Exeter|| Axminster, Barnstaple, Beaworthy, Bideford, Braunton, Bude, Budleigh Salterton, Chulmleigh, Colyton, Crediton, Cullompton, Dawlish, Exeter, Exmouth, Holsworthy, Honiton, Ilfracombe, Lynmouth, Lynton, North Tawton, Okehampton, Ottery St. Mary, Seaton, Sidmouth, South Molton, Tiverton, Torrington, Umberleigh, Winkleigh, Woolacombe\n|-\n|FK\n|Falkirk|| Alloa, Alva, Bonnybridge, Callander, Clackmannan, Crianlarich, Denny, Dollar, Doune, Dunblane, Falkirk, Grangemouth, Killin, Larbert, Lochearnhead, Menstrie, Stirling, Tillicoultry\n|-\n|FY\n|Blackpool|| Blackpool, Fleetwood, Lytham St. Annes, Poulton-le-Fylde, Thornton-Cleveleys\n|-\n|G\n|Glasgow|| Alexandria, Arrochar, Clydebank, Dumbarton, Glasgow, Helensburgh\n|-\n|GL\n|Gloucester|| Badminton, Berkeley, Blakeney, Cheltenham, Chipping Campden, Cinderford, Cirencester, Coleford, Drybrook, Dursley, Dymock, Fairford, Gloucester, Lechlade, Longhope, Lydbrook, Lydney, Mitcheldean, Moreton-in-Marsh, Newent, Newnham, Ruardean, Stonehouse, Stroud, Tetbury, Tewkesbury, Westbury-on-Severn, Wotton-under-Edge\n|-\n|GU\n|Guildford|| Aldershot, Alton, Bagshot, Bordon, Camberley, Cranleigh, Farnborough, Farnham, Fleet, Godalming, Guildford, Haslemere, Hindhead, Lightwater, Liphook, Liss, Midhurst, Petersfield, Petworth, Sandhurst, Virginia Water, Windlesham, Woking, Yateley\n|-\n|GY\n|Guernsey|| Guernsey\n|-\n|HA\n|Harrow|| Edgware, Harrow, Northwood, Pinner, Ruislip, Stanmore, Wembley\n|-\n|HD\n|Huddersfield|| Brighouse, Holmfirth, Huddersfield\n|-\n|HG\n|Harrogate|| Harrogate, Knaresborough, Ripon\n|-\n|HP\n|Hemel Hempstead|| Amersham, Aylesbury, Beaconsfield, Berkhamsted, Chalfont St. Giles, Chesham, Great Missenden, Hemel Hempstead, High Wycombe, Princes Risborough, Tring\n|-\n|HR\n|Hereford|| Bromyard, Hereford, Kington, Ledbury, Leominster, Ross-on-Wye\n|-\n|HS\n|Outer Hebrides|| Isle of Barra, Isle of Benbecula, Isle of Harris, Isle of Lewis, Isle of North Uist, Isle of Scalpay, Isle of South Uist, Stornoway\n|-\n|HU\n|Hull|| Beverley, Brough, Cottingham, Hessle, Hornsea, Hull, North Ferriby, Withernsea\n|-\n|HX\n|Halifax|| Elland, Halifax, Hebden Bridge, Sowerby Bridge\n|-\n|IG\n|Ilford|| Barking, Buckhurst Hill, Chigwell, Ilford, Loughton, Woodford Green\n|-\n|IM\n|Isle of Man|| Isle of Man\n|-\n|IP\n|Ipswich|| Aldeburgh, Brandon, Bury St. Edmunds, Diss, Eye, Felixstowe, Halesworth, Harleston, Ipswich, Leiston, Saxmundham, Southwold, Stowmarket, Thetford, Woodbridge\n|-\n|IV\n|Inverness|| Achnasheen, Alness, Ardgay, Avoch, Beauly, Cromarty, Dingwall, Dornoch, Elgin, Fochabers, Forres, Fortrose, Gairloch, Garve, Invergordon, Inverness, Isle of Skye, Kyle, Lairg, Lossiemouth, Muir of Ord, Munlochy, Nairn, Plockton, Portree, Rogart, Strathcarron, Strathpeffer, Strome Ferry, Tain, Ullapool\n|-\n|JE\n|Jersey|| Jersey\n|-\n|KA\n|Kilmarnock|| Ardrossan, Ayr, Beith, Cumnock, Dalry, Darvel, Galston, Girvan, Irvine, Isle of Arran, Isle of Cumbrae, Kilbirnie, Kilmarnock, Kilwinning, Largs, Mauchline, Maybole, Newmilns, Prestwick, Saltcoats, Stevenston, Troon, West Kilbride\n|-\n|KT\n|Kingston|| Addlestone, Ashtead, Chertsey, Chessington, Cobham, East Molesey, Epsom, Esher, Kingston upon Thames, Leatherhead, New Malden, Surbiton, Tadworth, Thames Ditton, Walton-on-Thames (Surrey), West Byfleet, West Molesey, Weybridge, Worcester Park (Greater London)\n|-\n|KW\n|Kirkwall|| Berriedale, Brora, Dunbeath, Forsinard, Golspie, Halkirk, Helmsdale, Kinbrace, Kirkwall, Latheron, Lybster, Orkney, Stromness, Thurso, Wick\n|-\n|KY\n|Kirkcaldy|| Anstruther, Burntisland, Cowdenbeath, Cupar, Dunfermline, Glenrothes, Inverkeithing, Kelty, Kinross, Kirkcaldy, Leven, Lochgelly, St. Andrews\n|-\n|L\n|Liverpool|| Bootle, Liverpool, Ormskirk, Prescot\n|-\n|LA\n|Lancaster|| Ambleside, Askam-in-Furness, Barrow-in-Furness, Broughton-in-Furness, Carnforth, Coniston, Dalton-in-Furness, Grange-over-Sands, Kendal, Kirkby-in-Furness, Lancaster, Millom, Milnthorpe, Morecambe, Sedbergh, Ulverston, Windermere\n|-\n|LD\n|Llandrindod Wells|| Brecon, Builth Wells, Knighton, Llandrindod Wells, Llangammarch Wells, Llanwrtyd Wells, Presteigne, Rhayader\n|-\n|LE\n|Leicester|| Ashby-de-la-Zouch, Coalville, Hinckley, Ibstock, Leicester, Loughborough, Lutterworth, Market Harborough, Markfield, Melton Mowbray, Oakham, Wigston\n|-\n|LL\n|Llandudno|| Aberdovey, Abergele, Amlwch, Arthog, Bala, Bangor (Gwynedd), Barmouth, Beaumaris, Betws-y-Coed, Blaenau Ffestiniog, Bodorgan, Brynteg, Caernarfon, Cemaes Bay, Colwyn Bay, Conwy, Corwen, Criccieth, Denbigh, Dolgellau, Dolwyddelan, Dulas, Dyffryn Ardudwy, Fairbourne, Gaerwen, Garndolbenmaen, Harlech, Holyhead, Llanbedr, Llanbedrgoch, Llandudno (Conwy), Llandudno Junction (Conwy), Llanerchymedd, Llanfairfechan, Llanfairpwllgwyngyll, Llangefni, Llangollen, Llanrwst, Llwyngwril, Marianglas, Menai Bridge, Moelfre, Penmaenmawr, Penrhyndeudraeth, Pentraeth, Penysarn, Porthmadog, Prestatyn, Pwllheli, Rhosgoch, Rhosneigr, Rhyl, Ruthin, St. Asaph, Talsarnau, Talybont (Gwynedd), Trefriw, Ty Croes, Tyn-y-Gongl, Tywyn, Wrexham, Y Felinheli\n|-\n|LN\n|Lincoln|| Alford (Lincolnshire), Horncastle, Lincoln, Louth, Mablethorpe, Market Rasen, Woodhall Spa\n|-\n|LS\n|Leeds|| Ilkley, Leeds, Otley, Pudsey, Tadcaster, Wetherby\n|-\n|LU\n|Luton|| Dunstable, Leighton Buzzard, Luton\n|-\n|M\n|Manchester|| Manchester, Sale, Salford\n|-\n|ME\n|Rochester|| Aylesford, Chatham, Faversham, Gillingham (Kent), Maidstone, Queenborough, Rochester, Sheerness, Sittingbourne, Snodland, West Malling\n|-\n|MK\n|Milton Keynes|| Bedford, Buckingham, Milton Keynes, Newport Pagnell (Buckinghamshire), Olney\n|-\n|ML\n|Motherwell|| Airdrie, Bellshill, Biggar, Carluke, Coatbridge, Hamilton, Lanark, Larkhall, Motherwell, Shotts, Strathaven, Wishaw\n|-\n|N\n|North London|| London\n|-\n|NE\n|Newcastle upon Tyne|| Alnwick, Ashington, Bamburgh, Bedlington, Belford, Blaydon-on-Tyne, Blyth, Boldon Colliery, Chathill, Choppington, Corbridge, Cramlington, East Boldon, Gateshead, Haltwhistle, Hebburn, Hexham, Jarrow, Morpeth, Newbiggin-by-the-Sea, Newcastle upon Tyne (Tyne and Wear), North Shields, Prudhoe, Riding Mill, Rowlands Gill, Ryton, Seahouses, South Shields, Stocksfield, Wallsend, Washington, Whitley Bay, Wooler, Wylam\n|-\n|NG\n|Nottingham|| Grantham, Mansfield, Newark, Nottingham, Sleaford, Southwell, Sutton-in-Ashfield\n|-\n|NN\n|Northampton|| Brackley, Corby, Daventry, Kettering, Northampton, Rushden, Towcester, Wellingborough\n|-\n|NP\n|Newport|| Abergavenny, Abertillery, Blackwood, Caerleon, Caldicot, Chepstow, Crickhowell, Cwmbran, Ebbw Vale, Monmouth, New Tredegar, Newport (Monmouthshire), Pontypool, Tredegar, Usk\n|-\n|NR\n|Norwich|| Attleborough, Beccles, Bungay, Cromer, Dereham, Fakenham, Great Yarmouth, Holt, Lowestoft, Melton Constable, North Walsham, Norwich, Sheringham, Walsingham, Wells-next-the-Sea, Wymondham\n|-\n|NW\n|North-West London|| London\n|-\n|OL\n|Oldham|| Ashton-under-Lyne, Bacup, Heywood, Littleborough, Oldham, Rochdale, Todmorden\n|-\n|OX\n|Oxford|| Abingdon, Bampton, Banbury, Bicester, Burford, Carterton, Chinnor, Chipping Norton, Didcot, Kidlington, Oxford, Thame, Wallingford, Wantage, Watlington, Witney, Woodstock\n|-\n|PA\n|Paisley|| Appin, Bishopton, Bridge of Orchy (Argyll), Bridge of Weir (Renfrewshire), Cairndow, Campbeltown, Colintraive, Dalmally, Dunoon, Erskine, Gourock, Greenock, Inveraray, Isle of Bute, Isle of Coll, Isle of Colonsay, Isle of Gigha, Isle of Iona, Isle of Islay, Isle of Jura, Isle of Mull, Isle of Tiree, Johnstone, Kilmacolm, Lochgilphead, Lochwinnoch, Oban, Paisley, Port Glasgow, Renfrew, Skelmorlie, Tarbert, Taynuilt, Tighnabruaich, Wemyss Bay\n|-\n|PE\n|Peterborough|| Boston, Bourne, Chatteris, Downham Market, Hunstanton, Huntingdon, King's Lynn, March, Peterborough, Sandringham, Skegness, Spalding, Spilsby, St. Ives (Cambridgeshire), St. Neots, Stamford, Swaffham, Wisbech\n|-\n|PH\n|Perth|| Aberfeldy, Acharacle, Arisaig, Auchterarder, Aviemore, Ballachulish, Blairgowrie, Boat of Garten, Carrbridge, Corrour, Crieff, Dalwhinnie, Dunkeld, Fort Augustus, Fort William, Glenfinnan, Grantown-on-Spey, Invergarry, Isle of Canna, Isle of Eigg, Isle of Rum, Kingussie, Kinlochleven, Lochailort, Mallaig, Nethy Bridge, Newtonmore, Perth, Pitlochry, Roy Bridge, Spean Bridge\n|-\n|PL\n|Plymouth|| Bodmin, Boscastle, Callington, Calstock, Camelford, Delabole, Fowey, Gunnislake, Ivybridge, Launceston, Lifton, Liskeard, Looe, Lostwithiel, Padstow, Par, Plymouth, Port Isaac, Saltash, St. Austell, Tavistock, Tintagel, Torpoint, Wadebridge, Yelverton\n|-\n|PO\n|Portsmouth|| Bembridge, Bognor Regis, Chichester, Cowes, East Cowes, Emsworth, Fareham, Freshwater, Gosport, Havant, Hayling Island, Lee-on-the-Solent, Newport (Isle of Wight), Portsmouth, Rowland's Castle, Ryde, Sandown, Seaview, Shanklin, Southsea, Totland Bay, Ventnor, Waterlooville, Yarmouth\n|-\n|PR\n|Preston|| Chorley, Leyland, Preston, Southport\n|-\n|RG\n|Reading|| Basingstoke, Bracknell, Crowthorne, Henley-on-Thames, Hook, Hungerford, Newbury, Reading, Tadley, Thatcham, Whitchurch (Hampshire), Wokingham\n|-\n|RH\n|Redhill|| Betchworth, Billingshurst, Burgess Hill, Crawley, Dorking, East Grinstead, Forest Row, Gatwick, Godstone, Haywards Heath, Horley, Horsham, Lingfield, Oxted, Pulborough, Redhill, Reigate\n|-\n|RM\n|Romford|| Dagenham, Grays, Hornchurch, Purfleet, Rainham, Romford, South Ockendon, Tilbury, Upminster\n|-\n|S\n|Sheffield|| Barnsley, Chesterfield, Dronfield, Hope Valley, Mexborough, Rotherham, Sheffield, Worksop\n|-\n|SA\n|Swansea|| Aberaeron, Ammanford, Boncath, Burry Port, Cardigan, Carmarthen, Clarbeston Road, Clynderwen, Crymych, Ferryside, Fishguard, Glogue, Goodwick, Haverfordwest, Kidwelly, Kilgetty, Lampeter, Llanarth, Llandeilo, Llandovery, Llandysul, Llanelli, Llanfyrnach, Llangadog, Llanwrda, Llanybydder, Milford Haven, Narberth, Neath, New Quay, Newcastle Emlyn (Carmarthenshire), Newport (Pembrokeshire), Pembroke, Pembroke Dock, Pencader, Port Talbot, Saundersfoot, Swansea, Tenby, Whitland\n|-\n|SE\n|South-East London|| London\n|-\n|SG\n|Stevenage|| Arlesey, Baldock, Biggleswade, Buntingford, Henlow, Hertford, Hitchin, Knebworth, Letchworth Garden City, Much Hadham, Royston, Sandy, Shefford, Stevenage, Ware\n|-\n|SK\n|Stockport|| Alderley Edge, Buxton, Cheadle, Dukinfield, Glossop, High Peak, Hyde, Macclesfield, Stalybridge, Stockport, Wilmslow\n|-\n|SL\n|Slough|| Ascot, Bourne End, Gerrards Cross, Iver, Maidenhead, Marlow, Slough, Windsor\n|-\n|SM\n|Sutton and Morden|| Banstead, Carshalton, Morden, Sutton, Wallington\n|-\n|SN\n|Swindon|| Calne, Chippenham, Corsham, Devizes, Faringdon, Malmesbury, Marlborough, Melksham, Pewsey, Swindon\n|-\n|SO\n|Southampton|| Alresford, Brockenhurst, Eastleigh, Lymington, Lyndhurst, Romsey, Southampton, Stockbridge, Winchester\n|-\n|SP\n|Salisbury|| Andover, Fordingbridge, Gillingham (Dorset), Salisbury, Shaftesbury, Tidworth\n|-\n|SR\n|Sunderland|| Peterlee, Seaham, Sunderland\n|-\n|SS\n|Southend-on-Sea|| Basildon, Benfleet, Canvey Island, Hockley, Leigh-on-Sea, Rayleigh, Rochford, Southend-on-Sea, Stanford-le-Hope, Westcliff-on-Sea, Wickford\n|-\n|ST\n|Stoke-on-Trent|| Leek, Newcastle (Newcastle-under-Lyme, Staffordshire), Stafford, Stoke-on-Trent, Stone, Uttoxeter\n|-\n|SW\n|South-West London|| London\n|-\n|SY\n|Shrewsbury|| Aberystwyth, Bishops Castle, Borth, Bow Street, Bucknell, Caersws, Church Stretton, Craven Arms, Ellesmere (Shropshire), Llanbrynmair, Llandinam, Llanfechain, Llanfyllin, Llanidloes, Llanon, Llanrhystud, Llansantffraid, Llanymynech, Ludlow, Lydbury North, Machynlleth, Malpas, Meifod, Montgomery, Newtown, Oswestry, Shrewsbury, Talybont (Ceredigion), Tregaron, Welshpool, Whitchurch (Shropshire), Ystrad Meurig\n|-\n|TA\n|Taunton|| Bridgwater, Burnham-on-Sea (Somerset), Chard, Crewkerne, Dulverton, Highbridge, Hinton St. George, Ilminster, Langport, Martock, Merriott, Minehead, Montacute, Somerton, South Petherton, Stoke-sub-Hamdon, Taunton, Watchet, Wellington\n|-\n|TD\n|Galashiels|| Berwick-upon-Tweed, Cockburnspath, Coldstream, Cornhill-on-Tweed, Duns, Earlston, Eyemouth, Galashiels, Gordon, Hawick, Jedburgh, Kelso, Lauder, Melrose, Mindrum, Newcastleton (Roxburghshire), Selkirk\n|-\n|TF\n|Telford|| Broseley, Market Drayton, Much Wenlock, Newport (Shropshire), Shifnal, Telford\n|-\n|TN\n|Tunbridge Wells|| Ashford (Kent), Battle, Bexhill-on-Sea, Cranbrook, Crowborough, Edenbridge, Etchingham, Hartfield, Hastings, Heathfield, Mayfield, New Romney, Robertsbridge, Romney Marsh, Rye, Sevenoaks, St. Leonards-on-Sea, Tenterden, Tonbridge, Tunbridge Wells, Uckfield, Wadhurst, Westerham, Winchelsea\n|-\n|TQ\n|Torquay|| Brixham, Buckfastleigh, Dartmouth, Kingsbridge, Newton Abbot, Paignton, Salcombe, South Brent, Teignmouth, Torquay, Totnes\n|-\n|TR\n|Truro|| Camborne, Falmouth, Hayle, Helston, Isles of Scilly, Marazion, Newquay, Penryn, Penzance, Perranporth, Redruth, St. Agnes, St. Columb, St. Ives (Cornwall), Truro\n|-\n|TS\n|Cleveland|| Billingham, Guisborough, Hartlepool, Middlesbrough, Redcar, Saltburn-by-the-Sea, Stockton-on-Tees, Trimdon Station, Wingate, Yarm\n|-\n|TW\n|Twickenham|| Ashford (Surrey), Brentford, Egham, Feltham, Hampton, Hounslow, Isleworth, Richmond (Greater London), Shepperton, Staines-upon-Thames, Sunbury-on-Thames, Teddington, Twickenham\n|-\n|UB\n|Southall|| Greenford, Hayes, Northolt, Southall, Uxbridge, West Drayton\n|-\n|W\n|West London|| London\n|-\n|WA\n|Warrington|| Altrincham, Frodsham, Knutsford, Lymm, Newton-le-Willows, Runcorn, St. Helens, Warrington, Widnes\n|-\n|WC\n|West-Central  London|| London\n|-\n|WD\n|Watford|| Abbots Langley, Borehamwood, Bushey, Kings Langley, Radlett, Rickmansworth, Watford\n|-\n|WF\n|Wakefield|| Batley, Castleford, Dewsbury, Heckmondwike, Knottingley, Liversedge, Mirfield, Normanton, Ossett, Pontefract, Wakefield\n|-\n|WN\n|Wigan|| Leigh, Skelmersdale, Wigan\n|-\n|WR\n|Worcester|| Broadway, Droitwich, Evesham, Malvern, Pershore, Tenbury Wells, Worcester (Worcestershire)\n|-\n|WS\n|Walsall|| Burntwood, Cannock, Lichfield, Rugeley, Walsall, Wednesbury\n|-\n|WV\n|Wolverhampton|| Bilston, Bridgnorth, Willenhall, Wolverhampton\n|-\n|YO\n|York|| Bridlington, Driffield, Filey, Malton, Pickering, Scarborough, Selby, Thirsk, Whitby, York\n|-\n|ZE\n|Lerwick|| Shetland\n|}\nFootnotes\nReferences\n*\n*"
    }
  ]
}