{
  "content": [
    {
      "type": "text",
      "text": "# List of historical monuments in Savoy\n\nThis article contains a list of historical monuments in Savoy department, France.\nStatistics\nAs at February 12, 2023, Savoy had 220 buildings protected as historic monuments, of which 90 were listed and 144 registered. The total number of listed and registered monuments is greater than the total number of protected monuments, as several of them are both listed and registered.\nChambéry is home to 25 of these protected monuments, i.e. 12% of the total. Aix-les-Bains has 17, Bonneval-sur-Arc 12 and Albertville 10, while some 200 communes (70%) have none.\nThree protected buildings are grouped together:\n* in Bessans, a single protection covers the church and almost thirty separate chapels and oratories;\n* in Lanslevillard, a single protection covers a bridge and almost a dozen chapels;\n* in Saint-Sorlin-d'Arves, a single protection covers the church, cemetery, former town hall and several chapels, crosses and oratories.\nPont Morens straddles the communes of La Chavanne and Montmélian.\nList\n{| class=\"wikitable\"\n|+\n!Monument\n!Commune\n!Address\n!Info.\n!Protection\n!Date\n!Picture\n|-\n|Site archéologique de Beau-Phare au Lac d'Aiguebelette\n(Archaeological site of Beau-Phare at Lac d'Aiguebelette)\n|Aiguebelette-le-Lac\n|\n|Archaeological site of Beau-Phare (or Boffard) submerged in Lake Aiguebelette\n|Classified\n|2011\n|\n|-\n|Chartreuse d'Aillon\n|Aillon-le-Jeune\n|\n|Former Charterhouse of Aillon\n|Registered\n|1994\n|\n|-\n|Croix de cimetière de la Correrie\n(Correrie cemetery cross)\n|Aillon-le-Jeune\n|\n|Correrie cemetery cross\n|Registered\n|1944\n|\n|-\n|Basilique Saint-Martin d'Aime\n(Saint-Martin d'Aime Basilica)\n|Aime\n|\n|Saint-Martin Basilica\n|Classified\n|1875\n|\n|-\n|Église Saint-Sigismond d'Aime\n(Saint-Sigismond d'Aime church)\n|Aime\n|\n|Parish church\n|Registered\n|1984\n|\n|-\n|Tour de Montmayeur\n(Montmayeur Tower)\n|Aime\n|\n|Montmayeur Tower\n|Registered\n|1983\n|\n|-\n|Arc de Campanus\n(Campanus Arch)\n|Aix-les-Bains\n|Place Maurice Mollard\n|Campanus Arch\n|Classified\n|1890\n|\n|-\n|Chalet Charcot\n|Aix-les-Bains\n|29 rue Georges-Ier\n|Chalet Charcot\n|Registered\n|1986\n|\n|-\n|Château de la Roche du Roi\n(Roche du Roi Castle)\n|Aix-les-Bains\n|Boulevard de la Roche-du-Roi\n|Roche du Roi Castle\n|Classified\n|1986\n|\n|-\n|Grand Hôtel\n|Aix-les-Bains\n|3 place du Revard\n|Grand Hôtel\n|Registered\n|1986\n|\n|-\n|Hôtel Bernascon\n|Aix-les-Bains\n|6 boulevard de la Roche-du-Roi\n|Hôtel Bernascon\n|Registered\n|1986\n|\n|-\n|Hôtel Excelsior\n|Aix-les-Bains\n|50 rue Georges-Ier\n|Hôtel Excelsior\n|Classified\nRegistered\n|1987\n1987\n|\n|-\n|Hôtel Royal\n|Aix-les-Bains\n|31 rue Georges-Ier\n|Hôtel Royal\n|Classified\nRegistered\nRegistered\n|1987\n1987\n2010\n|\n|-\n|Hôtel Splendide\n|Aix-les-Bains\n|31 rue Georges-Ier\n|Hôtel Splendide\n|Classified\nRegistered\nRegistered\n|1987\n1987\n2010\n|\n|-\n|Hôtel de ville d'Aix-les-Bains\n|Aix-les-Bains\n|Place Maurice Mollard\n|Hôtel de ville d'Aix-les-Bains\n|Classified\nClassified\n|1890\n1982\n|\n|-\n|Maison de Lamartine\n(Lamartine house)\n|Aix-les-Bains\n|Rue des Bains-Henri-IV\n|Lamartine house\n|Classified\n|1921\n|\n|-\n|Monument à l'Alsace et à la Lorraine d'Aix-les-Bains\n(Aix-les-Bains Monument to Alsace and Lorraine)\n|Aix-les-Bains\n|7 rue Claude-de-Seyssel\n|Aix-les-Bains Monument to Alsace and Lorraine\n|Registered\n|2019\n|\n|-\n|Monument aux morts d'Aix-les-Bains\n(Aix-les-Bains war memorial)\n|Aix-les-Bains\n|Square Alfred Boucher\n|Aix-les-Bains war memorial\n|Registered\n|2019\n|\n|-\n|Palais de Savoie\n(Savoy Palace)\n|Aix-les-Bains\n|Rue du Casino\n|Savoy Palace\n|Registered\nClassified\n|1975\n2013\n|\n|-\n|Parc floral des Thermes\n(Thermal Floral Park)\n|Aix-les-Bains\n|Avenue Lord-Revelstoke\n|Thermal Floral Park\n|Registered\n|2008\n|\n|-\n|Temple de Diane\n|Aix-les-Bains\n|Square du Temple de Diane\n|Temple de Diane\n|Classified\n|1875\n|\n|-\n|Thermes nationaux d'Aix-les-Bains\n(Aix-les-Bains national thermal baths)\n|Aix-les-Bains\n|Place Maurice Mollard\n|Aix-les-Bains national thermal baths\n|Registered\nRegistered\n|1986\n2016\n|\n|-\n|Villa Chanéac\n|Aix-les-Bains\n|57 Boulevard de Paris\n|Villa Chanéac\n|Classified\n|2017\n|\n|-\n|Château de Manuel\n(Manuel Castle)\n|Albertville\n|Conflans\n|Manuel Castle\n|Registered\n|1928\n|\n|-\n|Château Rouge\n(Red Castle)\n|Albertville\n|Conflans\n|Red Castle\n|Registered\n|1928\n|\n|-\n|Église Notre-Dame-de-l'Assomption de Conflans\n(Church of Notre-Dame-de-l'Assomption in Conflans)\n|Albertville\n|Conflans\n|Church of Notre-Dame-de-l'Assomption in Conflans\n|Registered\n|1989\n|\n|-\n|Fontaine de la Grande-Place\n(Grande-Place fountain)\n|Albertville\n|Grande-Place\n|Grande-Place fountain\n|Registered\n|1928\n|\n|-\n|Fontaine Anselme\n(Anselme fountain)\n|Albertville\n|Rue Gabriel Pérouse\n|Anselme fountain\n|Registered\n|1928\n|\n|-\n|Maison à tourelles (Turret house)\n|Albertville\n|Conflans\n|Turret house\n|Registered\n|1928\n|\n|-\n|Petit Palais de Conflans\n(Little Palace of Conflans)\n|Albertville\n|Conflans\n|Little Palace of Conflans\n|Classified\nClassified\n|1904\n1913\n|\n|-\n|Porte de Savoie\n|Albertville\n|Conflans\n|Porte de Savoie\n|Registered\n|1928\n|\n|-\n|Porte Tarine\n|Albertville\n|Conflans\n|Porte Tarine\n|Registered\n|1928\n|\n|-\n|Tour sarrazine d'Albertville\n(Albertville Sarrazine Tower)\n|Albertville\n|\n|Albertville Sarrazine Tower\n|Registered\n|1928\n|\n|-\n|Chapelle Notre-Dame-de-Grâce d'Albiez-Montrond\n(Notre-Dame-de-Grâce chapel in Albiez-Montrond)\n|Albiez-Montrond\n|Le Collet d'En bas\n|Notre-Dame-de-Grâce chapel\n|Registered\n|1988\n|\n|-\n|Chalet Charlotte Perriand\n|Les Allues\n|Route des Chalets\n|Chalet Charlotte Perriand\n|Registered\nClassified\n|2015\n2016\n|\n|-\n|Barrière de l'Esseillon\n(Esseillon barrier)\n|Aussois\n|\n|Esseillon barrier\n|Classified\n|1983\n|\n|-\n|Barrière de l'Esseillon\n(Esseillon barrier)\n|Aussois\n|\n|Esseillon barrier\n|Classified\n|1991\n|\n|-\n|Église Notre-Dame-de-l'Assomption d'Aussois\n(Notre-Dame-de-l'Assomption church in Aussois)\n|Aussois\n|\n|Notre-Dame-de-l'Assomption church\n|Registered\n|1971\n|\n|-\n|Gravures rupestres d'Aussois\n(Aussois rock engravings)\n|Aussois\n|\n|Aussois rock engravings\n|Registered\nRegistered\n|1996\n1999\n|\n|-\n|Colonne féodale des Avanchers\n(Avanchers feudal column)\n|Les Avanchers-Valmorel\n|D 95\n|Avanchers feudal column\n|Registered\n|1940\n|\n|-\n|Barrière de l'Esseillon\n(Esseillon barrier)\n|Avrieux\n|\n|Esseillon barrier\n|Classified\n|1991\n|\n|-\n|Chapelle Notre-Dame-des-Neiges d'Avrieux\n(Notre-Dame-des-Neiges chapel in Avrieux)\n|Avrieux\n|\n|Notre-Dame-des-Neiges chapel\n|Classified\n|1989\n|\n|-\n|Chapelle Saint-Benoît d'Avrieux\n(Saint-Benoît chapel in Avrieux)\n|Avrieux\n|\n|Saint-Benoît chapel\n|Classified\n|1991\n|\n|-\n|Église Saint-Thomas-Becket d'Avrieux\n(Saint-Thomas-Becket church in Avrieux)\n|Avrieux\n|\n|Saint-Thomas-Becket church\n|Classified\n|1989\n|\n|-\n|Château de la Bâtie\n(La Bâtie Castle)\n|Barby\n|\n|La Bâtie Castle\n|Registered\n|1972\n|\n|-\n|Centre hospitalier spécialisé de Bassens\n(Bassens specialist hospital)\n|Bassens\n|\n|Bassens specialist hospital\n|Registered\n|1984\n|\n|-\n|Chapelle Notre-Dame-de-la-Vie de Saint-Martin-de-Belleville\n(Notre-Dame-de-la-Vie chapel in Saint-Martin-de-Belleville)\n|Les Belleville\n|Saint-Martin-de-Belleville\n|Notre-Dame-de-la-Vie chapel\n|Classified\n|1949\n|\n|-\n|Croix de Saint-Martin-de-Belleville\n(Saint-Martin-de-Belleville cross)\n|Les Belleville\n|Saint-Martin-de-Belleville\n|Saint-Martin-de-Belleville cross\n|Classified\n|1944\n|\n|-\n|Chapelle Notre-Dame de Tierce\n(Notre-Dame chapel in Tierce)\n|Bessans\n|Tierce\nCrête de Tierce\n|Notre-Dame chapel\n|Registered\n|1996\n|\n|-\n|Chapelle Notre-Dame-des-Grâces de Bessans\n(Notre-Dame-des-Grâces chapel in Bessans)\n|Bessans\n|\n|Notre-Dame-des-Grâces chapel\n|Registered\n|1996\n|\n|-\n|Chapelle Saint-Antoine de Bessans\n(Saint-Antoine chapel in Bessans)\n|Bessans\n|\n|Saint-Antoine chapel\n|Classified\n|1987\n|\n|-\n|Chapelle Saint-Bernard-de-Menthon du Villaron\n(Saint-Bernard-de-Menthon chapel in Villaron)\n|Bessans\n|Le Villaron\n|Saint-Bernard-de-Menthon chapel\n|Registered\n|1996\n|\n|-\n|Chapelle Saint-Claude de Bessans\n(Saint-Claude chapel in Bessans)\n|Bessans\n|\n|Saint-Claude chapel\n|Registered\n|1996\n|\n|-\n|Chapelle Saint-Colomban du Villaron\n(Saint-Colomban chapel in Villaron)\n|Bessans\n|Le Villaron\n|Saint-Colomban chapel\n|Registered\n|1996\n|\n|-\n|Chapelle Sainte-Anne du Crey\n(Sainte-Anne chapel in Grey)\n|Bessans\n|Le Crey\nVallée d'Averolle\n|Sainte-Anne chapel\n|Registered\n|1996\n|\n|-\n|Chapelle Sainte-Anne de La Goulaz\n(Sainte-Anne chapel in La Goulaz)\n|Bessans\n|La Goulaz\n|Sainte-Anne chapel\n|Registered\n|1996\n|\n|-\n|Chapelle Sainte-Marie-Madeleine des Vincendières\n(Sainte-Marie-Madeleine chapel in Les Vincendières)\n|Bessans\n|Les Vincendières\n|Sainte-Marie-Madeleine chapel\n|Registered\n|1996\n|\n|-\n|Chapelle Saint-Étienne de Bessans\n(Saint-Étienne chapel in Bessans)\n|Bessans\n|\n|Saint-Étienne chapel\n|Registered\n|1996\n|\n|-\n|Chapelle Saint-Jean-Baptiste de Bessans\n(Saint-Jean-Baptiste chapel in Bessans)\n|Bessans\n|\n|Saint-Jean-Baptiste chapel\n|Registered\n|1996\n|\n|-\n|Chapelle Saint-Joseph-Saint-Clair de Bessans\n(Saint-Joseph-Saint-Clair chapel in Bessans)\n|Bessans\n|\n|Saint-Joseph-Saint-Clair chapel\n|Registered\n|1996\n|\n|-\n|Chapelle Saint-Maurice de La Chalpe\n(Saint-Maurice chapel in La Chalpe)\n|Bessans\n|La Chalpe\n|Saint-Maurice chapel\n|Registered\n|1996\n|\n|-\n|Chapelle Saint-Pierre d'Averole\n(Saint-Pierre chapel in Averole)\n|Bessans\n|Averole\n|Saint-Pierre chapel\n|Registered\n|1996\n|\n|-\n|Chapelle Saint-Sébastien de Bessans\n(Saint-Sébastien chapel in Bessans)\n|Bessans\n|\n|Saint-Sébastien chapel\n|Registered\n|1996\n|\n|-\n|Eglise Saint-Jean-Baptiste de Bessans\n(Saint-Jean-Baptiste chapel in Bessans)\n|Bessans\n|\n|Saint-Jean-Baptiste chapel\n|Registered\n|1996\n|\n|-\n|Église Saint-Jean-Baptiste de Bessans\n(Saint-Jean-Baptiste church in Bessans)\n|Bessans\n|\n|Saint-Jean-Baptiste church\n|Registered\n|1947\n|\n|-\n|Oratoire des Âmes-du-Purgatoire de La Chalpe\n(Oratory of the Souls of Purgatory in La Chalpe)\n|Bessans\n|La Chalpe\n|Oratory of the Souls of Purgatory\n|Registered\n|1996\n|\n|-\n|Oratoire Notre-Dame de l'Arcelette\n(Oratory of Notre-Dame in Arcelette)\n|Bessans\n|L'Arcelette\nVallée d'Averolle\n|Oratory of Notre-Dame\n|Registered\n|1996\n|\n|-\n|Oratoire Notre-Dame de l'Arcelle\n(Oratory of Notre-Dame in Arcelle)\n|Bessans\n|L'Arcelle\nVallée d'Averolle\n|Oratory of Notre-Dame\n|Registered\n|1996\n|\n|-\n|Oratoire Notre-Dame des Fossas\n|Bessans\n|Les Fossas\n|Oratory of Notre-Dame\n|Registered\n|1996\n|\n|-\n|Oratoire Saint-Antoine du Bechet\n(Oratory of Saint-Antoine in Béchet)\n|Bessans\n|Le Béchet\nVallée d'Averolle\n|Oratory of Saint-Antoine\n|Registered\n|1996\n|\n|-\n|Oratoire Saint-Antoine de l'Envers\n(Oratory of Saint-Antoine in Envers)\n|Bessans\n|L'Envers\nLa Lombarde\n|Oratory of Saint-Antoine\n|Registered\n|1996\n|\n|-\n|Oratoire Sainte-Anne de l'Arcelle\n(Oratory of Sainte-Anne in Arcelle)\n|Bessans\n|L'Arcelle\nVallée de Ribon\n|Oratory of Sainte-Anne\n|Registered\n|1996\n|\n|-\n|Oratoire Sainte-Anne de Bessans\n(Oratory of Sainte-Anne in Bessans)\n|Bessans\n|Vallée de Ribon\n|Oratory of Sainte-Anne\n|Registered\n|1996\n|\n|-\n|Oratoire Sainte-Anne de Plates de Sainte-Anne\n(Oratory of Sainte-Anne in Plates de Sainte-Anne)\n|Bessans\n|Plates de Sainte-Anne\n|Oratory of Sainte-Anne\n|Registered\n|1996\n|\n|-\n|Oratoire Sainte-Catherine de Sainte-Catherine\n(Oratory of Sainte-Catherine in Sainte-Catherine)\n|Bessans\n|Sainte-Catherine\nLa Goulaz\n|Oratory of Sainte-Catherine\n|Registered\n|1996\n|\n|-\n|Oratoire de la Sainte-Famille de La Chapelle\n(Oratory of Sainte-Famille in La Chapelle)\n|Bessans\n|La Chapelle\n|Oratory of Sainte-Famille\n|Registered\n|1996\n|\n|-\n|Oratoire Saint-Ignace de Derrière Saint-Ignace\n(Oratory of Saint-Ignace in Derrière Saint-Ignace)\n|Bessans\n|Derrière Saint-Ignace\nVallée d'Averolle\n|Oratory of Saint-Ignace\n|Registered\n|1996\n|\n|-\n|Oratoire Saint-Jean-Baptiste de La Richardière\n(Oratory in Saint-Jean-Baptiste in La Richardière)\n|Bessans\n|La Richardière\nAu-dessus des Vincendières\nVallée d'Averolle\n|Oratory in Saint-Jean-Baptiste\n|Registered\n|1996\n|\n|-\n|Oratoire Saint-Joseph de La Laveresse\n(Oratory of Saint-Joseph in La Laveresse)\n|Bessans\n|La Laveresse\nLa Goulaz\n|Oratory of Saint-Joseph\n|Registered\n|1996\n|\n|-\n|Château du Bettonnet\n(Bettonnet Castle)\n|Betton-Bettonet\n|\n|Bettonnet Castle\n|Registered\n|1996\n|\n|-\n|Bloc cupulaire de La Guettaz\n(Cupular block in La Guettaz)\n|Billième\n|La Guettaz\n|Cupular block\n|Classified\n|1939\n|\n|-\n|Bloc cupulaire de Lachat\n(Cupular block in Lachat)\n|Billième\n|Lachat\n|Cupular block\n|Classified\n|1939\n|\n|-\n|Blocs cupulaires de La Roche\n(Cupular blocks in La Roche)\n|Billième\n|La Roche\n|Cupular blocks\n|Classified\n|1939\n|\n|-\n|Bloc cupulaire de Santourin\n(Cupular block in Santourin)\n|Billième\n|Santourin\n|Cupular block\n|Classified\n|1939\n|\n|-\n|Blocs cupulaires du Rocher\n(Cupular blocks in Rocher)\n|Billième\n|Au Rocher\n|Cupular blocks\n|Classified\n|1939\n|\n|-\n|Chapelle Notre-Dame-des-Grâces de Bonneval-sur-Arc\n(Notre-Dame-des-Grâces chapel in Bonneval-sur-Arc)\n|Bonneval-sur-Arc\n|\n|Notre-Dame-des-Grâces chapel\n|Registered\n|1980\n|\n|-\n|Chapelle Saint-Antoine de Bonneval-sur-Arc\n(Saint-Antoine chapel in Bonneval-sur-Arc)\n|Bonneval-sur-Arc\n|\n|Saint-Antoine chapel\n|Registered\n|1980\n|\n|-\n|Chapelle Saint-Barthélemy de Bonneval-sur-Arc\n(Saint-Barthélemy chapel in Bonneval-sur-Arc)\n|Bonneval-sur-Arc\n|Vallon de la Lonta\n|Saint-Barthélemy chapel\n|Registered\n|1980\n|\n|-\n|Chapelle Sainte-Marguerite de Bonneval-sur-Arc\n(Sainte-Marguerite chapel in Bonneval-sur-Arc)\n|Bonneval-sur-Arc\n|L'Écot\n|Sainte-Marguerite chapel\n|Registered\n|1980\n|\n|-\n|Chapelle Saint-Sébastien de Bonneval-sur-Arc\n(Saint-Sébastien chapel in Bonneval-sur-Arc)\n|Bonneval-sur-Arc\n|\n|Saint-Sébastien chapel\n|Registered\n|1980\n|\n|-\n|Église Notre-Dame-de-l'Assomption de Bonneval-sur-Arc\n(Notre-Dame-de-l'Assomption church in Bonneval-sur-Arc)\n|Bonneval-sur-Arc\n|\n|Notre-Dame-de-l'Assomption church\n|Registered\n|1972\n|\n|-\n|Oratoire Notre-Dame-des-Sept-Douleurs de L'Écot\n(Oratory of Notre-Dame-des-Sept-Douleurs in L'Écot)\n|Bonneval-sur-Arc\n|L'Écot\n|Oratory of Notre-Dame-des-Sept-Douleurs\n|Registered\n|1980\n|\n|-\n|Oratoire de la Sainte-Trinité de Bonneval-sur-Arc\n(Oratory of Sainte-Trinité in Bonneval-sur-Arc)\n|Bonneval-sur-Arc\n|\n|Oratory of Sainte-Trinité\n|Registered\n|1980\n|\n|-\n|Oratoire Saint-Gras de Bonneval-sur-Arc\n(Oratory of Saint-Gras in Bonneval-sur-Arc)\n|Bonneval-sur-Arc\n|\n|Oratory of Saint-Gras\n|Registered\n|1980\n|\n|-\n|Oratoire Saint-Landry de Bonneval-sur-Arc\n(Oratory of Saint-Landry in Bonneval-sur-Arc)\n|Bonneval-sur-Arc\n|Route de l'Écot\n|Oratory of Saint-Landry\n|Registered\n|1980\n|\n|-\n|Oratoire Saint-Sébastien de Bonneval-sur-Arc\n(Oratory of Saint-Sébastien in Bonneval sur Arc)\n|Bonneval-sur-Arc\n|\n|Oratory of Saint-Sébastien\n|Registered\n|1980\n|\n|-\n|Vieux Pont et Pont de la Lame\n(Old Bridge and Lame Bridge)\n|Bonneval-sur-Arc\n|\n|Old Bridge and Lame Bridge\n|Registered\n|1980\n|\n|-\n|Château de la Serraz\n(Serraz Castle)\n|Le Bourget-du-Lac\n|\n|Serraz Castle\n|Registered\nRegistered\n|1989\n2007\n|\n|-\n|Château du Bourget\n(Bourget Castle)\n|Le Bourget-du-Lac\n|\n|Bourget Castle\n|Classified\n|1983\n|\n|-\n|Église Saint-Laurent du Bourget-du-Lac\n(Sainte-Laurent church in Bourget-du-Lac)\n|Le Bourget-du-Lac\n|\n|Sainte-Laurent church\n|Classified\n|1900\n|\n|-\n|Prieuré du Bourget\n(Bourget Priory)\n|Le Bourget-du-Lac\n|Route de Chambéry\n|Bourget Priory\n|Classified\nRegistered\n|1910\n2006\n|\n|-\n|Chapelle Saint-Grat de Vulmix\n(Saint-Grat chapel in Vulnix)\n|Bourg-Saint-Maurice\n|Vulnix\n|Saint-Grat chapel\n|Classified\nRegistered\n|1995\n1995\n|\n|-\n|Église Saint-Pierre d'Extravache\n(Saint-Pierre d'Extravache church)\n|Bramans\n|\n|Saint-Pierre d'Extravache church\n|Registered\n|1966\n|\n|-\n|Site archéologique de Grésine au Lac du Bourget\n(Grésine archaeological site at Lac du Bourget)\n|Brison-Saint-Innocent\n|\n|Grésine archaeological site\n|Classified\n|2011\n|\n|-\n|Tunnel de Brison\n(Brison tunnel)\n|Brison-Saint-Innocent\n|\n|Brison tunnel\n|Registered\n|1984\n|\n|-\n|Église Saint-Nicolas de Cevins\n(Saint-Nicolas church in Cevins)\n|Cevins\n|\n|Saint-Nicolas church\n|Registered\n|1976\n|\n|-\n|Collégiale Saint-Marcel de La Chambre\n(Saint-Marcel de La Chambre collegiate church)\n|La Chambre\n|\n|Saint-Marcel de La Chambre collegiate church\n|Classified\n|1939\n|\n|-\n|Église Saint-Maurice de Chamousset\n(Saint-Maurice church in Chamousset)\n|Chamousset\n|\n|Saint-Maurice church\n|Classified\n|1950\n|\n|-\n|Tunnel hydraulique du Gelon et pont Royal de Chamousset\n(Gelon hydraulic tunnel and Chamousset Royal Bridge)\n|Chamousset\n|\n|Gelon hydraulic tunnel and Chamousset Royal Bridge\n|Registered\n|1986\n|\n|-\n|Château de Chamoux\n(Castle in Chamoux)\n|Chamoux-sur-Gelon\n|\n|Castle in Chamoux\n|Registered\n|1977\n|\n|-\n|Maison forte de Chanaz\n(Chanaz fortified house)\n|Chanaz\n|\n|Chanaz fortified house\n|Registered\n|1980\n|\n|-\n|Ferme de Villarivon\n(Villarivon Farm)\n|Les Chapelles\n|Villarivon\n|Villarivon Farm\n|Registered\n|2006\n|\n|-\n|Pont Morens\n(Morens Bridge)\n|La Chavanne\n|\n|Morens Bridge\n|Registered\n|1985\n|\n|-\n|Tours de Chignin\n(Chignin Towers)\n|Chignin\n|\n|Chignin Towers\n|Registered\n|1991\n|\n|-\n|Château de Châtillon\n(Châtillon Castle)\n|Chindrieux\n|\n|Châtillon Castle\n|Registered\n|1991\n|\n|-\n|Site archéologique de Châtillonau Lac du Bourget\n(Châtillonau archeological site Lac du Bourget)\n|Chindrieux\n|\n|Châtillonau archeological site Lac du Bourget\n|Classified\n|2011\n|\n|-\n|Église Saint-Jean-Baptiste de Cléry\n(Saint-Jean-Baptiste church in Cléry)\n|Cléry\n|\n|Saint-Jean-Baptiste church\n|Classified\n|1930\n|\n|-\n|Château de Martinel\n(Martinel church)\n|Cognin\n|\n|Martinel church\n|Registered\n|1986\n|\n|-\n|Église Saint-Jean-Baptiste de Saint-Jean-Pied-Gauthier\n(Saint-Jean-Baptiste church in Saint-Jean-Pied-Gauthier)\n|Coise-Saint-Jean-Pied-Gauthier\n|Saint-Jean-Pied-Gauthier\n|Saint-Jean-Baptiste church in Saint-Jean-Pied-Gauthier\n|Registered\n|1932\n|\n|-\n|Site archéologique de Conjux-le-Port au Lac du Bourget\n(Conjux-le-Port archaeological site on Lac du Bourget)\n|Conjux\n|\n|Conjux-le-Port archaeological site\n|Classified\n|2011\n|\n|-\n|Église Saint-Bon de Saint-Bon-Tarentaise\n(Saint-Bon church in Saint-Bon-Tarentaise)\n|Courchevel\n|Saint-Bon-Tarentaise\n|Saint-Bon church\n|Registered\n|1972\n|\n|-\n|Chalet Joliot-Curie\n|Courchevel\n|Courchevel1850\nRue de Bellecôte\n|Chalet Joliot-Curie\n|Registered\n|2005\n|\n|-\n|Chalet le Petit Navire\n|Courchevel\n|Courchevel1850\nRue des Chenus\n|Chalet le Petit Navire\n|Registered\n|2005\n|\n|-\n|Chapelle Notre-Dame-de-l'Assomption de Courchevel\n(Notre-Dame-de-l'Assomption chapel in Courchevel)\n|Courchevel\n|Courchevel1850\nLes Tovets\nRue de l'Église\n|Notre-Dame-de-l'Assomption chapel\n|Registered\n|2005\n|\n|-\n|Grenier La Goupille\n(La Goupille attic)\n|Courchevel\n|Courchevel1850\nBellecôte\nLotissement des Greniers\n|La Goupille attic\n|Registered\n|2006\n|\n|-\n|Chalet Lang\n|Courchevel\n|Courchevel1850\nRue de Bellecôte\n|Chalet Lang\n|Registered\n|2012\n|\n|-\n|Pont Victor-Emmanuel\n(Victor-Emmanuel Bridge)\n|Cruet\n|\n|Victor-Emmanuel Bridge\n|Registered\n|1994\n|\n|-\n|Hôtel de ville des Échelles\n|Les Échelles\n|\n|Hôtel de ville des Échelles\n|Registered\n|1930\n|\n|-\n|Maison\n(House)\n|Les Échelles\n|Rue Stendhal\n|House\n|Registered\n|1930\n|\n|-\n|Vieux moulin aux Teppaz\n(Old mill at Teppaz)\n|Entremont-le-Vieux\nSaint-Pierre-d'Entremont\n|\n|Old mill at Teppaz\n|Registered\n|2015\n|\n|-\n|Chapelle Notre-Dame-de-la-Salette de Fontcouverte\n(Notre-Dame-de-la-Salette chapel)\n|Fontcouverte-la-Toussuire\n|\n|Notre-Dame-de-la-Salette chapel\n|Classified\n|1992\n|\n|-\n|Chapelle Notre-Dame-de-la-Visitation du Villard\n(Notre-Dame-de-la-Visitation chapel in Villard)\n|Fontcouverte-la-Toussuire\n|Le Villard\n|Notre-Dame-de-la-Visitation chapel\n|Registered\n|1990\n|\n|-\n|Église de l'Assomption de Fontcouverte-la Toussuire\n(Assumption church in Fontcouverte-la-Toussuire)\n|Fontcouverte-la-Toussuire\n|\n|Assumption church\n|Registered\n|1990\n|\n|-\n|Tunnel ferroviaire du Fréjus\n(Fréjus rail tunnel)\n|Fourneaux\n|\n|Fréjus rail tunnel\n|Registered\n|1926\n|\n|-\n|Château de Carron\n(Carron Castle)\n|Francin\n|\n|Carron Castle\n|Registered\n|1989\n|\n|-\n|Villa gallo-romaine de Champ Bouchard\n(Gallo-Roman villa at Champ Bouchard)\n|Gilly-sur-Isère\n|Champ Bouchard\n|Gallo-Roman villa\n|Registered\n|1984\n|\n|-\n|Église Saint-Martin de Villargerel\n(Saint-Martin church in Villargerel)\n|Grand-Aigueblanche\n|Aigueblanche\n|Saint-Martin church\n|Classified\n|1943\n|\n|-\n|Château de Loche\n(Loche Castle)\n|Grésy-sur-Aix\n|\n|Loche Castle\n|Registered\n|1964\n|\n|-\n|Église Saint-Étienne de Hautecour\n(Saint-Étienne church in Hautecour)\n|Hautecour\n|\n|Saint-Étienne church\n|Registered\n|1971\n|\n|-\n|Chapelle Notre-Dame-de-Belleville\n(Notre-Dame-de-Belleville chapel)\n|Hauteluce\n|\n|Notre-Dame-de-Belleville chapel\n|Classified\n|1938\n|\n|-\n|Église Saint-Jacques d'Hauteluce\n(Saint-Jacques church in Hauteluce)\n|Hauteluce\n|\n|Saint-Jacques church in Hauteluce\n|Classified\n|1943\n|\n|-\n|Chapelle Notre-Dame-des-Grâces de Jarrier\n(Notre-Dame-des-Grâces chapel in Jarrier)\n|Jarrier\n|Cheloup\n|Notre-Dame-des-Grâces chapel\n|Classified\n|1992\n|\n|-\n|Église Saint-Pierre de Jarrier\n(Saint-Pierre church in Jarrier)\n|Jarrier\n|\n|Saint-Pierre church\n|Registered\n|1990\n|\n|-\n|Blocs cupulaires de Follioules\n(Follioules cupular blocks)\n|Jongieux\n|Follioules\n|Follioules cupular blocks\n|Classified\n|1939\n|\n|-\n|Église Saint-Michel de Landry\n(Saint-Michel church in Landry)\n|Landry\n|\n|Saint-Michel church\n|Registered\n|1975\n|\n|-\n|Église de l'Assomption-de-la-Vierge de Lanslebourg-Mont-Cenis\n(Assumption-de-la-Vierge church in Lanslebourg-Mont-Cenis)\n|Lanslebourg-Mont-Cenis\n|\n|Assumption-de-la-Vierge church\n|Registered\n|1952\n|\n|-\n|Église Notre-Dame-de-l'Assomption de Lanslebourg-Mont-Cenis\n(Notre-Dame-de-l'Assomption church in Lanslebourg-Mont-Cenis)\n|Lanslebourg-Mont-Cenis\n|\n|Notre-Dame-de-l'Assomption church\n|Classified\n|1991\n|\n|-\n|Chapelle de la Madeleine du Collet\n(Madeleine chapel in Le Collet)\n|Lanslevillard (Val-Cenis)\n|Le Collet\n|Madeleine chapel\n|Registered\n|1994\n|\n|-\n|Chapelle Notre-Dame-de-la-Salette des Glières\n(Notre-Dame-de-la-Salette chapel in Les Glières)\n|Lanslevillard (Val-Cenis)\n|Les Glières\n|Notre-Dame-de-la-Salette chapel\n|Registered\n|1994\n|\n|-\n|Chapelle Saint-Antoine de La Fesse d'en Haut\n(Saint-Antoine chapel in La Fesse d'en Haut)\n|Lanslevillard (Val-Cenis)\n|La Fesse d'en Haut\n|Saint-Antoine chapel\n|Registered\n|1994\n|\n|-\n|Chapelle Sainte-Agathe de l'Arcelle Neuve\n(Sainte-Agathe chapel in Arcelle Neuve)\n|Lanslevillard (Val-Cenis)\n|L'Arcelle Neuve\n|Sainte-Agathe chapel\n|Registered\n|1994\n|\n|-\n|Chapelle Sainte-Anne de Lanslevillard l'Adroit\n(Sainte-Anne chapel in Lanlevillard l'Adroit)\n|Lanslevillard (Val-Cenis)\n|Lanslevillard l'Adroit\n|Sainte-Anne chapel\n|Registered\n|1994\n|\n|-\n|Chapelle Saint-Étienne de Saint-Étienne\n(Saint-Étienne chapel in Saint-Étienne)\n|Lanslevillard (Val-Cenis)\n|Saint-Étienne\n|Saint-Étienne chapel\n|Registered\n|1994\n|\n|-\n|Chapelle Saint-Genix de Saint-Genix\n(Saint-Genix chapel in Saint-Genix)\n|Lanslevillard (Val-Cenis)\n|Saint-Genix\n|Saint-Genix chapel\n|Registered\n|1994\n|\n|-\n|Chapelle Saint-Jean-Baptiste de Saint-Jean-Baptiste\n(Saint-Jean-Baptiste chapel in Saint-Jean-Baptiste)\n|Lanslevillard (Val-Cenis)\n|Saint-Jean-Baptiste\n|Saint-Jean-Baptiste chapel\n|Registered\n|1994\n|\n|-\n|Chapelle Saint-Laurent de Saint-Laurent\n(Saint-Laurent chapel in Saint-Laurent)\n|Lanslevillard (Val-Cenis)\n|Saint-Laurent\n|Saint-Laurent chapel\n|Registered\n|1994\n|\n|-\n|Chapelle Saint-Pierre de Saint-Pierre\n(Saint-Pierre chapel in Saint-Pierre)\n|Lanslevillard (Val-Cenis)\n|Saint-Pierre\n|Saint-Pierre chapel\n|Registered\n|1994\n|\n|-\n|Chapelle Saint-Roch de Lanslevillard Envers\n(Saint-Roch chapel in Lanslevillard)\n|Lanslevillard (Val-Cenis)\n|Lanslevillard Envers\n|Saint-Roch chapel\n|Registered\n|1994\n|\n|-\n|Chapelle Saint-Sébastien de Lanslevillard\n(Saint-Sébastien chapel in Lanslevillard)\n|Lanslevillard (Val-Cenis)\n|Rue des Rochers\n|Saint-Sébastien chapel\n|Classified\n|1897\n|\n|-\n|Église Saint-Michel de Lanslevillard\n(Saint-Michel church in Lanslevillard)\n|Lanslevillard (Val-Cenis)\n|Place de l'Église\n|Saint-Michel church\n|Classified\n|1991\n|\n|-\n|Pierre de Chantelouve\n(Chatelouve stone)\n|Lanslevillard (Val-Cenis)\n|\n|Chatelouve stone\n|Classified\n|1911\n|\n|-\n|Pont sur l'Arcelle Neuve\n(Bridge over Arcelle Neuve)\n|Lanslevillard (Val-Cenis)\n|Saint-Pierre\n|Bridge over Arcelle Neuve\n|Registered\n|1994\n|\n|-\n|Rocher aux Pieds\n|Lanslevillard (Val-Cenis)\n|\n|Rocher aux Pieds\n|Classified\n|1911\n|\n|-\n|Église Saint-André de Doucy\n(Saint-André church in Doucy)\n|La Léchère\n|Doucy\n|Saint-André church\n|Classified\n|1991\n|\n|-\n|Dolmen de Mâcot-la-Plagne\n|Mâcot-la-Plagne (La Plagne Tarentaise)\n|Nantfrozin\n|Dolmen de Mâcot-la-Plagne\n|Classified\n|1911\n|\n|-\n|Église Saint-Jean-Baptiste de Marthod\n(Saint-Jean-Baptiste church in Marthod)\n|Marthod\n|\n|Saint-Jean-Baptiste church\n|Classified\n|1950\n|\n|-\n|Taillanderie Busillet\n|Marthod\n|L'Epignier\n|Taillanderie Busillet\n|Registered\n|1995\n|\n|-\n|Château de Chevron\n(Chevron Castle)\n|Mercury\n|\n|Chevron Castle\n|Registered\n|1982\n|\n|-\n|Fontaine en granit de Modane\n(Modane granite fountain)\n|Modane\n|Rue de l'Église\n|[https://pop.culture.gouv.fr/notice/merimee/PA00118275 Modane granite fountain]\n|Registered\n|1951\n|\n|-\n|Rizerie des Alpes\n|Modane\n|Place du Marché\n|[https://pop.culture.gouv.fr/notice/merimee/PA00118276 Rizerie des Alpes]\n|Registered\n|1987\n|\n|-\n|Motte castrale de Montailleur\n|Montailleur\n|Le Château\n|[https://pop.culture.gouv.fr/notice/merimee/PA00118326 Motte castrale de Montailleur]\n|Registered\n|1989\n|\n|-\n|Chapelle Notre-Dame de Beaurevers\n(Notre-Dame de Beaurevers chapel)\n|Montaimont (Saint-François-Longchamp)\n|\n|[https://pop.culture.gouv.fr/notice/merimee/PA00118277 Notre-Dame de Beaurevers chapel]\n|Registered\n|1987\n|\n|-\n|Église Saint-Théodule de Montgellafrey\n(Saint-Théodule de Montgellafrey church)\n|Montgellafrey (Saint-François-Longchamp)\n|\n|[https://pop.culture.gouv.fr/notice/merimee/PA00132956 Saint-Théodule de Montgellafrey church]\n|Registered\n|1994\n|\n|-\n|Hôtel de ville de Montmélian\n|Montmélian\n|\n|[https://pop.culture.gouv.fr/notice/merimee/PA00118278 Hôtel de ville de Montmélian]\n|Registered\n|1949\n|\n|-\n|Pont Morens\n(Morens Bridge)\n|Montmélian\n|\n|[https://pop.culture.gouv.fr/notice/merimee/PA00118279 Morens Bridge]\n|Registered\n|1985\n|\n|-\n|Église Saint-Barthélémy de Montsapey\n(Saint-Berthélémy church in Montsapey)\n|Montsapey\n|\n|[https://pop.culture.gouv.fr/notice/merimee/PA00118280 Saint-Berthélémy church]\n|Registered\nClassified\n|1986\n1988\n|\n|-\n|Tour de la Cure\n(Cure Tower)\n|Montvalezan\n|\n|[https://pop.culture.gouv.fr/notice/merimee/PA00118281 Cure Tower]\n|Registered\n|1983\n|\n|-\n|Château Reinach\n(Reinach Castle)\n|La Motte-Servolex\n|\n|[https://pop.culture.gouv.fr/notice/merimee/PA73000005 Reinach Castle]\n|Registered\n|2003\n|\n|-\n|Église Saint-Jean-Baptiste de La Motte-Servolex\n(Saint-Jean-Baptiste church in La Motte-Servolex)\n|La Motte-Servolex\n|\n|[https://pop.culture.gouv.fr/notice/merimee/PA00118282 Saint-Jean-Baptiste church]\n|Registered\nClassified\n|1944\n1984\n|\n|-\n|Cathédrale Saint-Pierre de Moûtiers\n(Saint-Pierre Cathedral in Moûtiers)\n|Moûtiers\n|Place Saint-Pierre\n|[https://pop.culture.gouv.fr/notice/merimee/PA00118283 Saint-Pierre Cathedral]\n|Classified\nRegistered\nClassified\n|1906\n2014\n2015\n|\n|-\n|Palais épiscopal de Tarentaise\n(Tarentaise Episcopal Palace)\n|Moûtiers\n|\n|Tarentaise Episcopal Palace\n|Classified\nRegistered\n|1980\n1980\n|\n|-\n|Vieux-Pont\n(Old Bridge)\n|Moûtiers\n|\n|Old Bridge\n|Classified\n|1980\n|\n|-\n|Site archéologique du Gojat et Lac d'Aiguebelette\n(Gojat archaeological site and Lac d'Aiguebelette)\n|Novalaise\n|\n|Gojat archaeological site and Lac d'Aiguebelette\n|Classified\nClassified\n|2011\n2015\n|\n|-\n|Église de La Trinité de Peisey-Nancroix\n(La Trinité church in Peisey-Nancroix)\n|Peisey-Nancroix\n|\n|La Trinité church\n|Registered\n|1972\n|\n|-\n|Mine de Pont-Baudin\n(Pont-Baudin mine)\n|Peisey-Nancroix\n|Pont-Baudin\n|Pont-Baudin mine\n|Registered\n|1990\n|\n|-\n|Sanctuaire de Notre-Dame des Vernettes\n(Sanctuary of Notre-Dame des Vernettes)\n|Peisey-Nancroix\n|\n|Sanctuary of Notre-Dame des Vernettes\n|Registered\n|1983\n|\n|-\n|Église Saint-Michel de Montpascal\n(Saint-Michel church in Montpascal)\n|Pontamafrey-Montpascal\n|\n|Saint-Michel church\n|Registered\n|2015\n|\n|-\n|Église des Carmes du Pont-de-Beauvoisin\n(Carmes church in Pont-de-Beauvoisin)\n|Le Pont-de-Beauvoisin\n|\n|Carmes church\n|Classified\n|1992\n|\n|-\n|Maison Rivoire\n(Rivoire House)\n|Le Pont-de-Beauvoisin\n|Rue de l'Hôtel-de-Ville\n|Rivoire House\n|Registered\n|1991\n|\n|-\n|Maison forte du Grand Mercoras\n(Grand Mercoras fortified house)\n|Ruffieux\n|\n|Grand Mercoras fortified house\n|Registered\n|1969\n|\n|-\n|Oratoire Notre-Dame-de-Bon-Secours de Saint-Alban-Leysse\n(Oratory of Notre-Dame-de-Bon-Secours in Saint-Alban-Leysse)\n|Saint-Alban-Leysse\n|\n|Oratory of Notre-Dame-de-Bon-Secours\n|Registered\n|1936\n|\n|-\n|Église Notre-Dame du Villard\n(Notre-Dame church in Villard)\n|Saint-André\n|Le Villard\n|Notre-Dame church\n|Registered\n|2015\n|\n|-\n|Maison de l'Évêque\n(Bishop's House)\n|Saint-André\n|La Paraz\n|Bishop's House]\n|Registered\n|1998\n|\n|-\n|Château de Saint-Béron\n(Saint-Béron Castle)\n|Saint-Béron\n|\n|Saint-Béron Castle]\n|Registered\n|1987\n|\n|-\n|Monument à Charles-Emmanuel II de Savoie\n(Monument to Charles-Emmanuel II of Savoy)\n|Saint-Christophe\n|\n|Monument to Charles-Emmanuel II of Savoy\n|Registered\n|1952\n|\n|-\n|Chapelle Sainte-Brigitte de Sainte-Foy-Tarentaise\n(Sainte-Brigitte chapel in Sainte-Foy-Tarentaise)\n|Sainte-Foy-Tarentaise\n|Le Miroir\n|Sainte-Brigitte chapel\n|Registered\n|1992\n|\n|-\n|Château de Sainte-Hélène-sur-Isère\n(Saint-Hélène-sur-Isère Castle)\n|Sainte-Hélène-sur-Isère\n|\n|Saint-Hélène-sur-Isère Castle\n|Registered\n|1940\n|\n|-\n|Église Notre-Dame-de-l'Assomption de Sainte-Marie-de-Cuines\n(Notre-Dame-de-l'Assumption church in Sainte-Marie-de-Cuines)\n|Sainte-Marie-de-Cuines\n|\n|Notre-Dame-de-l'Assumption church\n|Registered\n|1949\n|\n|-\n|Abri de Saint-Jean-d'Arvey\n(Saint-Jean-d'Arvey shelter)\n|Saint-Jean-d'Arvey\n|Mont Peney\n|Saint-Jean-d'Arvey shelter\n|Classified\n|1974\n|\n|-\n|Château de La Forest\n(La Forest Castle)\n|Saint-Jean-de-Chevelu\n|\n|La Forest Castle\n|Registered\n|1995\n|\n|-\n|Cathédrale Saint-Jean-Baptiste de Saint-Jean-de-Maurienne\n(Saint-Jean-Baptiste Cathedral in Saint-Jean-de-Maurienne)\n|Saint-Jean-de-Maurienne\n|\n|Saint-Jean-Baptiste Cathedral\n|Classified\n|1906\n|\n|-\n|Cloître de Saint-Jean-de-Maurienne\n(Saint-Jean-de-Maurienne cloister)\n|Saint-Jean-de-Maurienne\n|\n|Saint-Jean-de-Maurienne cloister\n|Classified\nRegistered\n|1899\n1933\n|\n|-\n|Église Notre-Dame de Saint-Jean-de-Maurienne\n(Notre-Dame church in Saint-Jean-de-Maurienne)\n|Saint-Jean-de-Maurienne\n|Place de la Cathédrale\n|Notre-Dame church\n|Classified\n|1966\n|\n|-\n|Maison de Babylone\n(Babylon House)\n|Saint-Jean-de-Maurienne\n|105 rue du Collège\n|Babylon House\n|Registered\n|1992\n|\n|-\n|Palais épiscopal de Saint-Jean-de-Maurienne\n(Episcopal Palace of Saint-Jean-de-Maurienne)\n|Saint-Jean-de-Maurienne\n|\n|Episcopal Palace of Saint-Jean-de-Maurienne\n|Classified\n|1984\n|\n|-\n|Tour de la Correrie\n(Correrie Tower)\n|Saint-Jean-de-Maurienne\n|Rue de la République\n|Correrie Tower\n|Registered\n|2012\n|\n|-\n|Église Saint-Georges du Prieuré\n(Saint-Georges church in Prieuré)\n|Saint-Jeoire-Prieuré\n|Le Prieuré\n|Saint-Georges church\n|Registered\n|1952\n|\n|-\n|Pierre à cupules de Pré Nouveau\n(Cupule stone from Pré Nouveau)\n|Saint-Michel-de-Maurienne\n|Pré Nouveau\n|Cupule stone from Pré Nouveau\n|Classified\n|1954\n|\n|-\n|Église Saint-Nicolas\n(Saint-Nicolas church)\n|Saint-Nicolas-la-Chapelle\n|\n|Saint-Nicolas church\n|Registered\n|1989\n|\n|-\n|Château de Miolans\n(Miolans Castle)\n|Saint-Pierre-d'Albigny\n|\n|Miolans Castle\n|Classified\n|1944\n|\n|-\n|Abbaye d'Hautecombe\n(Hautecombe Abbey)\n|Saint-Pierre-de-Curtille\n|\n|Hautecombe Abbey\n|Classified\n|1875\n|\n|-\n|Site archéologique de Hautecombeet Lac du Bourget\n(Hautecombe archaeological site and Lac du Bourget)\n|Saint-Pierre-de-Curtille\n|\n|Hautecombe archaeological site and Lac du Bourget\n|Classified\n|2011\n|\n|-\n|Chapelle des Dix-Mille-Martyrs de Saint-Pierre-d'Entremont\n(Dix-Mille-Martyrs chapel in Saint-Pierre-d'Entremont)\n|Saint-Pierre-d'Entremont\n|\n|Dix-Mille-Martyrs chapel\n|Classified\n|1928\n|\n|-\n|Ancienne mairie de Saint-Sorlin-d'Arves\n(Former Saint-Sorlin-d'Arves town hall)\n|Saint-Sorlin-d'Arves\n|\n|Former Saint-Sorlin-d'Arves town hall\n|Registered\n|2004\n|\n|-\n|Chapelle Notre-Dame-de-la-Paix des Prés-Plans\n(Notre-Dame-de-la-Paix chapel in Prés-Plans)\n|Saint-Sorlin-d'Arves\n|Les Prés-Plans\n|Notre-Dame-de-la-Paix chapel\n|Registered\n|2004\n|\n|-\n|Chapelle Saint-Jean-Baptiste de Saint-Sorlin-d'Arves\n(Saint-Jean-Baptiste chapel in Saint-Sorlin-d'Arves)\n|Saint-Sorlin-d'Arves\n|\n|Saint-Jean-Baptiste chapel\n|Registered\n|2004\n|\n|-\n|Chapelle Saint-Joseph de Saint-Sorlin-d'Arves\n(Saint-Joseph chapel in Saint-Sorlin-d'Arves)\n|Saint-Sorlin-d'Arves\n|\n|Saint-Joseph chapel\n|Registered\n|2004\n|\n|-\n|Chapelle Saint-Pierre de Saint-Sorlin-d'Arves\n(Saint-Pierre chapel in Saint-Sorlin-d'Arves)\n|Saint-Sorlin-d'Arves\n|\n|Saint-Pierre chapel\n|Registered\n|2004\n|\n|-\n|Cimetière de Saint-Sorlin-d'Arves\n(Saint-Sorlin-d'Arves cemetery)\n|Saint-Sorlin-d'Arves\n|\n|Saint-Sorlin-d'Arves cemetery\n|Registered\n|2004\n|\n|-\n|Croix du col de la Croix de Fer\n|Saint-Sorlin-d'Arves\n|\n|Croix du col de la Croix de Fer\n|Registered\n|2004\n|\n|-\n|Croix de la Troche\n(Troche cross)\n|Saint-Sorlin-d'Arves\n|Chemin des Prés-Plans\n|Troche cross\n|Registered\n|2004\n|\n|-\n|Église Saint-Saturnin de Saint-Sorlin-d'Arves\n(Saint-Saturnin church in Saint-Sorlin-d'Arves)\n|Saint-Sorlin-d'Arves\n|\n|Saint-Saturnin church\n|Registered\n|2004\n|\n|-\n|Oratoire de la Tour\n(Oratory of the Tower)\n|Saint-Sorlin-d'Arves\n|\n|Oratory of the Tower\n|Registered\n|2004\n|\n|-\n|Cercle de pierres de Séez\n(Séez stone circle)\n|Séez\n|Col du Petit-Saint-Bernard\n|Séez stone circle\n|Classified\n|1956\n|\n|-\n|Rocher et grotte des Balmes\n(Balmes rock and cave)\n|Sollières-Sardières\n|Le Muleney\nLes Balmes\n|Balmes rock and cave\n|Classified\n|1978\n|\n|-\n|Château de Sonnaz\n(Sonnaz Castle)\n|Sonnaz\n|Route du Crêt\n|Sonnaz Castle\n|Registered\n|1979\n|\n|-\n|Chapelle Notre-Dame-de-la-Visitation de Termignon\n(Notre-Dame-de-la-Visitation chapel in Termignon)\n|Termignon\n|\n|Notre-Dame-de-la-Visitation chapel\n|Classified\n|1987\n|\n|-\n|Église Notre-Dame-de-l'Assomption de Termignon\n(Notre-Dame-de-l'Assomption church in Termignon)\n|Termignon (Val-Cenis)\n|\n|Notre-Dame-de-l'Assomption church\n|Registered\n|1986\n|\n|-\n|Monument aux morts de Termignon\n(Termignon war memorial)\n|Termignon (Val-Cenis)\n|\n|Termignon war memorial\n|Registered\n|2019\n|\n|-\n|Tour du Châtel\n(Châtel tower)\n|La Tour-en-Maurienne\n|Le Châtel\n|Châtel tower\n|Classified\n|1900\n|\n|-\n|Site archéologique du Saut et Lac du Bourget\n(Le Saut archaeological site and Lac du Bourget)\n|Tresserve\n|\n|Le Saut archaeological site and Lac du Bourget\n|Classified\n|2011\n|\n|-\n|Chalet de la Grande Ourse\n|Val-d'Isère\n|Rue des Leissières\n|Chalet de la Grande Ourse\n|Registered\n|1994\n|\n|-\n|Église Saint-Bernard-des-Alpes de Val-d'Isère\n(Saint-Bernard-des-Alpes church in Val-d'Isère)\n|Val-d'Isère\n|\n|Saint-Bernard-des-Alpes church\n|Registered\n|1951\n|\n|-\n|Église Notre-Dame-de-l'Assomption de Valloire\n(Notre-Dame-de-l'Assumption church in Valloire)\n|Valloire\n|\n|Notre-Dame-de-l'Assumption church\n|Classified\n|1945\n|\n|-\n|Château de Montmayeur\n(Montmayeur Castle)\n|Villard-Sallet\n|\n|Montmayeur Castle\n|Registered\n|1989\n|\n|-\n|Église Saint-Pierre du Bourget\n(Saint-Pierre church in Le Bourget)\n|Villarodin-Bourget\n|Le Bourget\n|Saint-Pierre church\n|Classified\n|1984\n|\n|-\n|Église Notre-Dame d'Yenne\n(Notre-Dame d'Yenne church)\n|Yenne\n|\n|Notre-Dame d'Yenne church\n|Classified\n|1987\n|\n|}\nSee also\n* Monument historique\nReferences"
    }
  ]
}