{
  "content": [
    {
      "type": "text",
      "text": "# List of World War II prisoner-of-war camps administered by France\n\nBy the end and in the aftermath of World War&nbsp;II, POW camps administered by France existed in the territory of France and the zones of French occupation in Germany and in Austria.\nResearcher  gives the following list of POW camp locations.\nAustria\nThe French established prisoner of war camps in the French occupation zone of Austria, namely Vorarlberg and the Tyrol.\n* Bregenz\n* Feldkirch\n* Gscheid (?)\n* Lustenau\n* Rum (near Innsbruck)\n* Sankt Peter am Wimberg\n* Wörgl\nGermany\n* Ailingen\n* Andernach\n* Baden-Baden\n* Ering\n* Friedrichshafen\n* Kehl\n* Koblenz\n* Lindau\n* Murnau\n* Offenburg\n* Ostheim\n* Saarbrücken\nFrance\n* Agde\n* Amboise\n* Attichy\n* Aubagne\n* Auberchicourt, Nord\n* Avignon\n* Bar-sur-Aube\n* Beaune-la-Rolande\n* Besançon\n* Béthune\n* Breisac\n* Brévannes\n* Brienne-le-Château\n* Brumath\n* Caen\n* Cahors\n* Camp de Livron, Caylus, Tarn-et-Garonne\n* Camp de Thoré\n* Camp des Anamites\n* Camp des Defends par Châteauroux\n* Camp des Sables-Fortet\n* Castres\n* Châlons-sur-Marne\n* Champenoise-Vigole\n* Châteauroux\n* Cherbourg\n* Clermont-Ferrand\n* Colmar\n* Colombes\n* Comper-en-Concoret\n* Cormeilles-en-Parisis\n* Cotentin\n* Damigny\n* Decise\n* Dieppe\n* Dijon\n* Draguignan\n* Épinal\n* Ergm\n* Espagot\n* Évron\n* Farges, Morbihan\n* Ferrières-la-Verrerie\n* Foix\n* Fort de Cormeilles-en-Parisis\n* Fort de Noisy-le-Sec, Romainville\n* Fort Moselle\n* Foucarville\n* Fontainebleau\n* Freisine\n* Givers\n* Grabyle\n* Graffenstaden\n* Grandville\n* Haguenau\n* Hatten\n* Hénin-Liétard\n* Hérault de Béziers\n* La Bégude\n* La Flèche\n* La Trémouille pres Tulle\n* Lamballe\n* Le Havre\n* Lens/Mericourt\n* Liévin/Calonne\n* Lille\n* Lisle-sur-Tarn\n* Lunéville\n* Lyon\n* Marckolsheim\n* Marseville\n* Märzwiller\n* Méricourt\n* Metz\n* Mitrachin\n* Montech\n* Montélier\n* Montier-en-Der\n* Montoir-de-Bretagne, Brittany\n* Mulhouse-St. Louis\n* Mutzig\n* N. Orléans\n* Nice\n* Nouvelle Annecy\n* Parche\n* Perpignan\n* Préchac-sur-Adour\n* Piemont\n* Poitiers\n* Quiéry-la-Motte\n* Rennes\n* Riquewihr\n* Rittershoffen\n* Rivesaltes\n* Rouen\n* Saint-Fons\n* Saint-Jean-d'Angély\n* Saint-Priest, Isère\n* Satonay, Sausheim\n* Sedan\n* Sepmes\n* Sermaize-les-Bains\n* Sète /Montpellier, Hérault\n* Strasbourg\n* Toulouse\n* Tours\n* Vénissieux, Lyon\n* Vernel\n* Le Vernet, Ariège\n* Versailles\n* Ville de Pau\n* Villemaur-sur-Vanne\n* Vitry-le-François\n* Voves\n* Vuilnemin, Douai\nReferences"
    }
  ]
}