{
  "content": [
    {
      "type": "text",
      "text": "# List of presidential proclamations by George W. Bush\n\nThis is a list of presidential proclamations by George W. Bush, the president of the United States from 2001 to 2009, which is a subset of the longer list of executive actions by George W. Bush.\nPresidential proclamations\n2001\n{| class=\"wikitable sortable\" style=\"text-align:center;\"\n|-\n!  #\n!  #\n! Title/Description\n! Date signed\n! Date published\n! FR Citation\n! FR  #\n! United States Code\n! class=\"unsortable\"|\n|-\n| 1\n| 7403\n| style=\"text-align:left;\" | National Day of Prayer and Thanksgiving, 2001\n| Jan 20, 2001\n| Jan 25, 2001\n| 66 FR 7859\n| 01-2400\n| }}\n| |\n|-\n| 2\n| 7404\n| style=\"text-align:left;\" | National African American History Month, 2001\n| Feb 1, 2001\n| Feb 5, 2001\n| 66 FR 9023\n| 01-3163\n|\n|\n|-\n| 3\n| 7405\n| style=\"text-align:left;\" | National Consumer Protection Week, 2001\n| Feb 5, 2001\n| Feb 8, 2001\n| 66 FR 9637\n| 01-3475\n|\n|\n|-\n| 4\n| 7406\n| style=\"text-align:left;\" | American Heart Month, 2001\n| Feb 7, 2001\n| Feb 9, 2001\n| 66 FR 9757\n| 01-3588\n| }}\n|\n|-\n| 5\n| 7407\n| style=\"text-align:left;\" | National Burn Awareness Week, 2001\n| Feb 7, 2001\n| Feb 9, 2001\n| 66 FR 9761\n| 01-3589\n|\n|\n|-\n| 6\n| 7408\n| style=\"text-align:left;\" | American Red Cross Month, 2001\n| Feb 26, 2001\n| Mar 1, 2001\n| 66 FR 12987\n| 01-5189\n|\n|\n|-\n| 7\n| 7409\n| style=\"text-align:left;\" | Irish-American Heritage Month, 2001\n| Feb 26, 2001\n| Mar 1, 2001\n| 66 FR 12991\n| 01-5190\n|\n|\n|-\n| 8\n| 7410\n| style=\"text-align:left;\" | Fortieth Anniversary of the Peace Corps\n| Feb 28, 2001\n| Mar 6, 2001\n| 66 FR 13637\n| 01-5669\n|\n|\n|-\n| 9\n| 7411\n| style=\"text-align:left;\" | Women's History Month, 2001\n| Mar 1, 2001\n| Mar 6, 2001\n| 66 FR 13641\n| 01-5670\n|\n|\n|-\n| 10\n| 7412\n| style=\"text-align:left;\" | National Poison Prevention Week, 2001\n| Mar 2, 2001\n| Mar 6, 2001\n| 66 FR 13643\n| 01-5671\n| }}\n|\n|-\n| 11\n| 7413\n| style=\"text-align:left;\" | Save Your Vision Week, 2001\n| Mar 5, 2001\n| Mar 8, 2001\n| 66 FR 14065\n| 01-6043\n| }}\n|\n|-\n| 12\n| 7414\n| style=\"text-align:left;\" | Greek Independence Day: A National Day of Celebration of Greek and American Democracy, 2001\n| Mar 5, 2001\n| Mar 8, 2001\n| 66 FR 14069\n| 01-6044\n|\n|\n|-\n| 13\n| 7453\n| style=\"text-align:left;\" | National Colorectal Cancer Awareness Month, 2001\n| Mar 8, 2001\n| Mar 12, 2001\n| 66 FR 14475\n| 01-6309\n|\n|\n|-\n| 14\n| 7416\n| style=\"text-align:left;\" | National Girl Scout Week, 2001\n| Mar 16, 2001\n| Mar 20, 2001\n| 66 FR 15781\n| 01-7091\n|\n|\n|-\n| 15\n| 7417\n| style=\"text-align:left;\" | Education and Sharing Day, U.S.A., 2001\n| Mar 22, 2001\n| Mar 26, 2001\n| 66 FR 16589\n| 01-7616\n|\n|\n|-\n| 16\n| 7418\n| style=\"text-align:left;\" | Cancer Control Month, 2001\n| Mar 28, 2001\n| Mar 29, 2001\n| 66 FR 17315\n| 01-8009\n| }}\n|\n|-\n| 17\n| 7419\n| style=\"text-align:left;\" | National Child Abuse Prevention Month, 2001\n| Mar 28, 2001\n| Mar 29, 2001\n| 66 FR 17319\n| 01-8010\n|\n|\n|-\n| 18\n| 7420\n| style=\"text-align:left;\" | Pan American Day and Pan American Week, 2001\n| Apr 2, 2001\n| Apr 5, 2001\n| 66 FR 18035\n| 01-8506\n| }}\n|\n|-\n| 19\n| 7421\n| style=\"text-align:left;\" | National Former Prisoner of War Recognition Day, 2001\n| Apr 2, 2001\n| Apr 5, 2001\n| 66 FR 18181\n| 01-8581\n|\n|\n|-\n| 20\n| 7422\n| style=\"text-align:left;\" | National Organ and Tissue Donor Awareness Week, 2001\n| Apr 4, 2001\n| Apr 9, 2001\n| 66 FR 18395\n| 01-8834\n|\n|\n|-\n| 21\n| 7423\n| style=\"text-align:left;\" | Jewish Heritage Week, 2001\n| Apr 9, 2001\n| Apr 11, 2001\n| 66 FR 18865\n| 01-9151\n|\n|\n|-\n| 22\n| 7424\n| style=\"text-align:left;\" | National Crime Victims' Rights Week, 2001\n| Apr 9, 2001\n| Apr 12, 2001\n| 66 FR 19075\n| 01-9343\n|\n|\n|-\n| 23\n| 7425\n| style=\"text-align:left;\" | National D.A.R.E. Day, 2001\n| Apr 10, 2001\n| Apr 12, 2001\n| 66 FR 19079\n| 01-9344\n|\n|\n|-\n| 24\n| 7426\n| style=\"text-align:left;\" | Thomas Jefferson Day, 2001\n| Apr 12, 2001\n| Apr 17, 2001\n| 66 FR 19843\n| 01-9675\n| }}\n|\n|-\n| 25\n| 7427\n| style=\"text-align:left;\" | National Volunteer Week, 2001\n| Apr 16, 2001\n| Apr 19, 2001\n| 66 FR 20081\n| 01-9871\n|\n|\n|-\n| 26\n| 7428\n| style=\"text-align:left;\" | National Park Week, 2001\n| Apr 17, 2001\n| Apr 20, 2001\n| 66 FR 20183\n| 01-9988\n|\n|\n|-\n| 27\n| 7429\n| style=\"text-align:left;\" | Loyalty Day, 2001\n| Apr 25, 2001\n| Apr 30, 2001\n|  66 FR 21627\n| 01-10935\n| }}\n|\n|-\n| 28\n| 7430\n| style=\"text-align:left;\" | National Day of Prayer, 2001\n| Apr 27, 2001\n| May 2, 2001\n| 66 FR 22101\n| 01-11209\n|\n|\n|-\n| 29\n| 7431\n| style=\"text-align:left;\" | Law Day, U.S.A., 2001\n| Apr 30, 2001\n| May 3, 2001\n| 66 FR 22421\n| 01-11359\n| }}\n|\n|-\n| 30\n| 7432\n| style=\"text-align:left;\" | Older Americans Month, 2001\n| May 4, 2001\n| May 9, 2001\n| 66 FR 23533\n| 01-11849\n|\n|\n|-\n| 31\n| 7433\n| style=\"text-align:left;\" | Small Business Week, 2001\n| May 4, 2001\n| May 9, 2001\n| 66 FR 23535\n| 01-11850\n|\n|\n|-\n| 32\n| 7434\n| style=\"text-align:left;\" | Asian/Pacific American Heritage Month, 2001\n| May 7, 2001\n| May 10, 2001\n| 66 FR 23831\n| 01-11913\n| }}\n|\n|-\n| 33\n| 7435\n| style=\"text-align:left;\" | Peace Officers Memorial Day and Police Week, 2001\n| May 8, 2001\n| May 11, 2001\n| 66 FR 24043\n| 01-12078\n|\n|\n|-\n| 34\n| 7436\n| style=\"text-align:left;\" | National Salvation Army Week, 2001\n| May 8, 2001\n| May 11, 2001\n| 66 FR 24045\n| 01-12079\n|\n|\n|-\n| 35\n| 7437\n| style=\"text-align:left;\" | Mother's Day, 2001\n| May 9, 2001\n| May 11, 2001\n| 66 FR 24046\n| 01-12080\n| }}\n|\n|-\n| 36\n| 7438\n| style=\"text-align:left;\" | National Biotechnology Week, 2001\n| May 16, 2001\n| May 21, 2001\n| 66 FR 28043\n| 01-12966\n|\n|\n|-\n| 37\n| 7439\n| style=\"text-align:left;\" | National Defense Transportation Day, 2001\n| May 16, 2001\n| May 21, 2001\n| 66 FR 28047\n| 01-12967\n| }}\n|\n|-\n| 38\n| 7440\n| style=\"text-align:left;\" | National Safe Boating Week, 2001\n| May 17, 2001\n| May 22, 2001\n| 66 FR 28049\n| 01-13056\n| }}\n|\n|-\n| 39\n| 7441\n| style=\"text-align:left;\" | World Trade Week, 2001\n|\n|\n|\n|\n|\n|\n|-\n| 40\n| 7442\n| style=\"text-align:left;\" | National Maritime Day, 2001\n| May 18, 2001\n| May 24, 2001\n| 66 FR 28639\n| 01-13296\n| }}\n|\n|-\n| 41\n| 7443\n| style=\"text-align:left;\" | National Hurricane Awareness Week, 2001\n| May 22, 2001\n| May 24, 2001\n| 66 FR 28823\n| 01-13367\n|\n|\n|-\n| 42\n| 7444\n| style=\"text-align:left;\" | Prayer for Peace, Memorial Day, 2001\n| May 25, 2001\n| May 31, 2001\n| 66 FR 29445\n| 01-13788\n| }}\n|\n|-\n| 43\n| 7445\n| style=\"text-align:left;\" | To Provide for the Efficient and Fair Administration of Action Taken With Regard to Imports of Lamb Meat and for Other Purposes\n| May 30, 2001\n| Jun 4, 2001\n| 66 FR 30051\n| 01-14193\n|\n|\n|-\n| 44\n| 7446\n| style=\"text-align:left;\" | National Child's Day, 2001\n| Jun 2, 2001\n| Jun 6, 2001\n| 66 FR 30287\n| 01-14407\n|\n|\n|-\n| 45\n| 7447\n| style=\"text-align:left;\" | Flag Day and National Flag Week, 2001\n| Jun 6, 2001\n| Jun 11, 2001\n| 66 FR 31365\n| 01-14854\n|\n|\n|-\n| 46\n| 7448\n| style=\"text-align:left;\" | Asiatic Fleet Memorial Day, 2001\n| Jun 7, 2001\n| Jun 11, 2001\n| 66 FR 31369\n| 01-14861\n|\n|\n|-\n| 47\n| 7449\n| style=\"text-align:left;\" | To Implement the Agreement Between the United States of America and the Socialist Republic of Vietnam on Trade Relations\n| Jun 8, 2001\n| Jun 12, 2001\n| 66 FR 31375\n| 01-14938\n|\n|\n|-\n| 48\n| 7450\n| style=\"text-align:left;\" | Great Outdoors Week, 2001\n| Jun 11, 2001\n| Jun 13, 2001\n| 66 FR 32203\n| 01-15117\n|\n|\n|-\n| 49\n| 7451\n| style=\"text-align:left;\" | Father's Day, 2001\n| Jun 15, 2001\n| Jun 19, 2001\n| 66 FR 32891\n| 01-15571\n| }}\n|\n|-\n| 50\n| 7452\n| style=\"text-align:left;\" | Suspension of Entry as Immigrants and Nonimmigrants of Persons Responsible for Actions That Threaten International Stabilization Efforts in the Western Balkans, and Persons Responsible for Wartime Atrocities in That Region\n| Jun 26, 2001\n| Jun 29, 2001\n| 66 FR 34773\n| 01-16667\n|\n|\n|-\n| 51\n| 7453\n| style=\"text-align:left;\" | Black Music Month, 2001\n| Jun 29, 2001\n| Jul 3, 2001\n| 66 FR 35359\n| 01-16911\n|\n|\n|-\n| 52\n| 7454\n| style=\"text-align:left;\" | To Modify Duty-Free Treatment Under the Generalized, 2001\n| Jun 29, 2001\n| Jul 5, 2001\n| 66 FR 35365\n| 01-16951\n|\n|\n|-\n| 53\n| 7455\n| style=\"text-align:left;\" | Captive Nations Week, 2001\n| Jul 12, 2001\n| Jul 17, 2001\n| 66 FR 37103\n| 01-17966\n|\n|\n|-\n| 54\n| 7456\n| style=\"text-align:left;\" | Parents' Day 2001\n| Jul 21, 2001\n| Jul 25, 2001\n| 66 FR 38887\n| 01-18734\n| }}\n|\n|-\n| 55\n| 7457\n| style=\"text-align:left;\" | National Korean War Veterans Armistice Day, 2001\n| Jul 25, 2001\n| Jul 30, 2001\n| 66 FR 39401\n| 01-19112\n| }}\n|\n|-\n| 56\n| 7458\n| style=\"text-align:left;\" | Women's Equality Day, 2001\n| Aug 24, 2001\n| Aug 29, 2001\n| 66 FR 45563\n| 01-21962\n|\n|\n|-\n| 57\n| 7459\n| style=\"text-align:left;\" | National Ovarian Cancer Awareness Month, 2001\n| Aug 30, 2001\n| Sep 5, 2001\n| 66 FR 46505\n| 01-22474\n|\n|\n|-\n| 58\n| 7460\n| style=\"text-align:left;\" | National Birmingham Pledge Week, 2001\n| Sep 8, 2001\n| Sep 12, 2001\n| 66 FR 47567\n| 01-23078\n|\n|\n|-\n| 59\n| 7461\n| style=\"text-align:left;\" | Honoring the Victims of the Incidents on Tuesday, Sep 11, 2001\n| Sep 11, 2001\n| Sep 14, 2001\n| 66 FR 47937\n| 01-23193\n|\n|\n|-\n| 60\n| 7462\n| style=\"text-align:left;\" | National Day of Prayer and Remembrance for the Victims of the Terrorist Attacks on Sep 11, 2001\n| Sep 13, 2001\n| Sep 14, 2001\n| 66 FR 47945\n| 01-23257\n|\n|\n|-\n| 61\n| 7463\n| style=\"text-align:left;\" | Declaration of National Emergency by Reason of Certain Terrorist Attacks\n| Sep 14, 2001\n| Sep 18, 2001\n| 66 FR 48197\n| 01-23358\n|\n|\n|-\n| 62\n| 7464\n| style=\"text-align:left;\" | Amendment to Proclamation 74461, Display of the Flag at Half-Staff as a Mark of Respect for the Victims of the Incidents on Tuesday, Sep 11, 2001\n| Sep 14, 2001\n| Sep 19, 2001\n| 66 FR 48203\n| 01-23473\n|\n|\n|-\n| 63\n| 7465\n| style=\"text-align:left;\" | National Farm and Ranch Safety and Health Week, 2001\n| Sep 17, 2001\n| Sep 19, 2001\n| 66 FR 48315\n| 01-23620\n|\n|\n|-\n| 64\n| 7466\n| style=\"text-align:left;\" | Citizenship Day and Constitution Week, 2001\n| Sep 17, 2001\n| Sep 19, 2001\n| 66 FR 48319\n| 01-23621\n|\n|\n|-\n| 65\n| 7467\n| style=\"text-align:left;\" | Minority Enterprise Development Week, 2001\n| Sep 17, 2001\n| Sep 19, 2001\n| 66 FR 48321\n| 01-23622\n|\n|\n|-\n| 66\n| 7468\n| style=\"text-align:left;\" | To Modify Duty-Free Treatment Under the Generalized System of Preferences, 2001\n| Sep 19, 2001\n| Sep 24, 2001\n| 66 FR 48945\n| 01-23984\n|\n|\n|-\n| 67\n| 7469\n| style=\"text-align:left;\" | National POW/MIA Recognition Day, 2001\n| Sep 21, 2001\n| Sep 25, 2001\n| 66 FR 48949\n| 01-24106\n|\n|\n|-\n| 68\n| 7470\n| style=\"text-align:left;\" | Family Day, 2001\n| Sep 24, 2001\n| Sep 27, 2001\n| 66 FR 49503\n| 01-24453\n|\n|\n|-\n| 69\n| 7471\n| style=\"text-align:left;\" | National Historically Black Colleges and Universities Week, 2001\n| Sep 28, 2001\n| Oct 2, 2001\n| 66 FR 50099\n| 01-24772\n|\n|\n|-\n| 70\n| 7472\n| style=\"text-align:left;\" | National Hispanic Heritage Month, 2001\n| Sep 28, 2001\n| Oct 2, 2001\n| 66 FR 50097\n| 01-24771\n| }}\n|\n|-\n| 71\n| 7473\n| style=\"text-align:left;\" | National Public Lands Day, 2001\n| Sep 28, 2001\n| Oct 3, 2001\n| 66 FR 50287\n| 01-24915\n|\n|\n|-\n| 72\n| 7474\n| style=\"text-align:left;\" | Gold Star Mother's Day, 2001\n| Sep 28, 2001\n| Oct 3, 2001\n| 66 FR 50289\n| 01-24916\n| }}\n|\n|-\n| 73\n| 7475\n| style=\"text-align:left;\" | National Domestic Violence Awareness Month, 2001\n| Oct 1, 2001\n| Oct 4, 2001\n| 66 FR 50525\n| 01-25040\n|\n|\n|-\n| 74\n| 7476\n| style=\"text-align:left;\" | Child Health Day, 2001\n| Oct 1, 2001\n| Oct 4, 2001\n| 66 FR 50527\n| 01-25041\n| }}\n|\n|-\n| 75\n| 7477\n| style=\"text-align:left;\" | National Breast Cancer Awareness Month, 2001\n| Oct 3, 2001\n| Oct 9, 2001\n| 66 FR 51295\n| 01-25439\n|\n|\n|-\n| 76\n| 7478\n| style=\"text-align:left;\" | National Disability Employment Awareness Month, 2001\n| Oct 3, 2001\n| Oct 9, 2001\n| 66 FR 51297\n| 01-25440\n| }}\n|\n|-\n| 77\n| 7479\n| style=\"text-align:left;\" | Death of Michael J. Mansfield\n| Oct 5, 2001\n| Oct 10, 2001\n| 66 FR 51805\n| 01-25674\n|\n|\n|-\n| 78\n| 7480\n| style=\"text-align:left;\" | Fire Prevention Week, 2001\n| Oct 5, 2001\n| Oct 10, 2001\n| 66 FR 51808\n| 01-25675\n|\n|\n|-\n| 79\n| 7481\n| style=\"text-align:left;\" | German-American Day, 2001\n| Oct 5, 2001\n| Oct 10, 2001\n| 66 FR 51810\n| 01-25676\n|\n|\n|-\n| 80\n| 74482\n| style=\"text-align:left;\" | Columbus Day, 2001\n| Oct 8, 2001\n| Oct 11, 2001\n| 66 FR 52009\n| 01-25787\n| }}\n|\n|-\n| 81\n| 7483\n| style=\"text-align:left;\" | Leif Erikson Day, 2001\n| Oct 9, 2001\n| Oct 12, 2001\n| 66 FR 52015\n| 01-25884\n| }}\n|\n|-\n| 82\n| 7484\n| style=\"text-align:left;\" | General Pulaski Memorial Day, 2001\n| Oct 10, 2001\n| Oct 12, 2001\n| 66 FR 52301\n| 01-25940\n|\n|\n|-\n| 83\n| 7485\n| style=\"text-align:left;\" | National School Lunch Week, 2001\n| Oct 15, 2001\n| Oct 17, 2001\n| 66 FR 52845\n| 01-26340\n| }}\n|\n|-\n| 84\n| 7486\n| style=\"text-align:left;\" | White Cane Safety Day, 2001\n| Oct 15, 2001\n| Oct 17, 2001\n| 66 FR 52847\n| 01-26341\n| }}\n|\n|-\n| 85\n| 7487\n| style=\"text-align:left;\" | National Forest Products Week, 2001\n| Oct 19, 2001\n| Oct 25, 2001\n| 66 FR 53943\n| 01-27060\n|\n|\n|-\n| 86\n| 7488\n| style=\"text-align:left;\" | National Character Counts Week, 2001\n| Oct 22, 2001\n| Oct 30, 2001\n| 66 FR 54901\n| 01-27443\n|\n|\n|-\n| 87\n| 7489\n| style=\"text-align:left;\" | United Nations Day, 2001\n| Oct 24, 2001\n| Oct 30, 2001\n| 66 FR 54907\n| 01-27445\n|\n|\n|-\n| 88\n| 7490\n| style=\"text-align:left;\" | National Red Ribbon Week for a Drug-Free America, 2001\n| Oct 24, 2001\n| Oct 30, 2001\n| 66 FR 54905\n| 01-27444\n|\n|\n|-\n| 89\n| 7491\n| style=\"text-align:left;\" | Veterans Day, 2001\n| Oct 30, 2001\n| Nov 2, 2001\n| 66 FR 55555\n| 01-27717\n| }}\n|\n|-\n| 90\n| 7492\n| style=\"text-align:left;\" | National Prostate Cancer Awareness Month, 2001\n| Nov 1, 2001\n| Nov 6, 2001\n| 66 FR 56031\n| 01-27989\n|\n|\n|-\n| 91\n| 7493\n| style=\"text-align:left;\" | National Adoption Month, 2001\n| Nov 5, 2001\n| Nov 8, 2001\n| 66 FR 56425\n| 01-28210\n|\n|\n|-\n| 92\n| 7494\n| style=\"text-align:left;\" | National Employer Support of the Guard and Reserve Week, 2001\n| Nov 9, 2001\n| Nov 15, 2001\n| 66 FR 57625\n| 01-28799\n|\n|\n|-\n| 93\n| 7495\n| style=\"text-align:left;\" | Chronic Obstructive Pulmonary Disease Month, 2001\n| Nov 9, 2001\n| Nov 15, 2001\n| 66 FR 57629\n| 01-28800\n|\n|\n|-\n| 94\n| 7496\n| style=\"text-align:left;\" | National Alcohol and Drug Addiction Recovery Month, 2001\n| Nov 9, 2001\n| Nov 15, 2001\n| 66 FR 57633\n| 01-28801\n|\n|\n|-\n| 95\n| 7497\n| style=\"text-align:left;\" | National Alzheimer's Disease Awareness Month, 2001\n| Nov 9, 2001\n| Nov 15, 2001\n| 66 FR 57635\n| 01-28802\n|\n|\n|-\n| 96\n| 7498\n| style=\"text-align:left;\" | National Family Caregivers Month, 2001\n| Nov 9, 2001\n| Nov 15, 2001\n| 66 FR 57637\n| 01-28803\n|\n|\n|-\n| 97\n| 7499\n| style=\"text-align:left;\" | World Freedom Day, 2001\n| Nov 9, 2001\n| Nov 15, 2001\n| 66 FR 57639\n| 01-28804\n|\n|\n|-\n| 98\n| 7500\n| style=\"text-align:left;\" | National American Indian Heritage Month, 2001\n| Nov 12, 2001\n| Nov 15, 2001\n| 66 FR 57641\n| 01-28805\n|\n|\n|-\n| 99\n| 7501\n| style=\"text-align:left;\" | National Farm-City Week, 2001\n| Nov 13, 2001\n| Nov 15, 2001\n| 66 FR 57643\n| 01-28806\n|\n|\n|-\n| 100\n| 7502\n| style=\"text-align:left;\" | To Provide for the Termination of Action Taken With Regard to Imports of Lamb Meat\n| Nov 14, 2001\n| Nov 19, 2001\n| 66 FR 57837\n| 01-28993\n|\n|\n|-\n| 101\n| 7503\n| style=\"text-align:left;\" | America Recycles Day, 2001\n| Nov 15, 2001\n| Nov 20, 2001\n| 66 FR 58049\n| 01-29158\n|\n|\n|-\n| 102\n| 7504\n| style=\"text-align:left;\" | Thanksgiving Day, 2001\n| Nov 15, 2001\n| Nov 20, 2001\n| 66 FR 58345\n| 01-29234\n|\n|\n|-\n| 103\n| 7505\n| style=\"text-align:left;\" | To Modify the Tariff-Rate Quota Applicable to Imports of Steel Wire Rod\n| Nov 21, 2001\n| Nov 28, 2001\n| 66 FR 59353\n| 01-29654\n|\n|\n|-\n| 104\n| 7506\n| style=\"text-align:left;\" | National Family Week, 2001\n| Nov 21, 2001\n| Nov 29, 2001\n| 66 FR 59529\n| 01-29809\n|\n|\n|-\n| 105\n| 7507\n| style=\"text-align:left;\" | National Diabetes Month, 2001\n| Nov 29, 2001\n| Dec 4, 2001\n| 66 FR 62907\n| 01-30145\n|\n|\n|-\n| 106\n| 7508\n| style=\"text-align:left;\" | National Hospice Month, 2001\n| Nov 29, 2001\n| Dec 4, 2001\n| 66 FR 62909\n| 01-30146\n|\n|\n|-\n| 107\n| 7509\n| style=\"text-align:left;\" | National Drunk and Drugged Driving Prevention Month, 2001\n| Nov 29, 2001\n| Dec 4, 2001\n| 66 FR 62911\n| 01-30147\n|\n|\n|-\n| 108\n| 7510\n| style=\"text-align:left;\" | World Aids Day, 2001\n| Nov 30, 2001\n| Dec 5, 2001\n| 66 FR 63149\n| 01-30279\n|\n|\n|-\n| 109\n| 7511\n| style=\"text-align:left;\" | National Pearl Harbor Remembrance Day, 2001\n| Dec 5, 2001\n| Dec 10, 2001\n| 66 FR 63897\n| 01-30660\n| }}\n|\n|-\n| 110\n| 7512\n| style=\"text-align:left;\" | To Implement the Agreement Between the United States of America and the Hashemite Kingdom of Jordan on the Establishment of a Free Trade Area\n| Dec 7, 2001\n| Dec 13, 2001\n| 66 FR 64495\n| 01-30785\n|\n|\n|-\n| 111\n| 7513\n| style=\"text-align:left;\" | Human Rights Day, Bill of Rights Day, and Human Rights Week, 2001\n| Dec 9, 2001\n| Dec 12, 2001\n| 66 FR 64095\n| 01-30834\n|\n|\n|-\n| 112\n| 7514\n| style=\"text-align:left;\" | Wright Brothers Day, 2001\n| Dec 13, 2001\n| Dec 17, 2001\n| 66 FR 65087\n| 01-31208\n| }}\n|\n|-\n| 113\n| 7515\n| style=\"text-align:left;\" | To Modify the Harmonized Tariff Schedule of the United States, To Provide Rules of Origin Under the North American Free Trade Agreement for Affected Goods, and for Other Purposes\n| Dec 18, 2001\n| Dec 26, 2001\n| 66 FR 66547\n| 01-31522\n|\n|\n|-\n| 114\n| 7516\n| style=\"text-align:left;\" | To Extend Nondiscriminatory Treatment (Normal Trade Relations Treatment) to the Products of the People's Republic of China\n| Dec 27, 2001\n| Jan 4, 2002\n| 67 FR 479\n| 02-326\n|\n|\n|-\n|}\n2002\n{| class=\"wikitable sortable\" style=\"text-align:center;\"\n|-\n!  #\n!  #\n! Title/Description\n! Date signed\n! Date published\n! FR Citation\n! FR  #\n! United States Code\n! class=\"unsortable\"|\n|-\n|-\n| 115\n| 7517\n| style=\"text-align:left;\" |Religious Freedom Day, 2002\n| Jan 15, 2002\n| Jan 18, 2002\n| 67 FR 2785\n| 02-1593\n|\n|\n|-\n| 116\n| 7518\n| style=\"text-align:left;\" | Martin Luther King, Jr., Federal Holiday, 2002\n| Jan 17, 2002\n| Jan 24, 2002\n| 67 FR 3573\n| 02-1969\n|\n|\n|-\n| 117\n| 7519\n| style=\"text-align:left;\" | National Mentoring Month, 2002\n| Jan 18, 2002\n| Jan 24, 2002\n| 67 FR 3577\n| 02-1970\n|\n|\n|-\n| 118\n| 7520\n| style=\"text-align:left;\" | National Sanctity of Human Life Day, 2002\n| Jan 18, 2002\n| Jan 24, 2002\n| 67 FR 3579\n| 02-1971\n|\n|\n|-\n| 119\n| 7521\n| style=\"text-align:left;\" | American Heart Month, 2002\n| Feb 1, 2002\n| Feb 6, 2002\n| 67 FR 5431\n| 02-3000\n| }}\n|\n|-\n| 120\n| 7522\n| style=\"text-align:left;\" | National African American History Month, 2002\n| Feb 1, 2002\n| Feb 6, 2002\n| 67 FR 5433\n| 02-3001\n|\n|\n|-\n| 121\n| 7523\n| style=\"text-align:left;\" | National Consumer Protection Week, 2002\n| Feb 4, 2002\n| Feb 7, 2002\n| 67 FR 5919\n| 02-3158\n|\n|\n|-\n| 122\n| 7524\n| style=\"text-align:left;\" | Suspension of Entry as Immigrants and Nonimmigrants of Persons Responsible for Actions That Threaten Zimbabwe's Democratic Institutions and Transition to a Multi-Party Democracy\n| Feb 22, 2002\n| Feb 26, 2002\n| 67 FR 8855\n| 02-4744\n|\n|\n|-\n| 123\n| 7525\n| style=\"text-align:left;\" | American Red Cross Month, 2002\n| Mar 2, 2002\n| Mar 6, 2002\n| 67 FR 10309\n| 02-5505\n|\n|\n|-\n| 124\n| 7526\n| style=\"text-align:left;\" | Irish-American Heritage Month, 2002\n| Mar 2, 2002\n| Mar 6, 2002\n| 67 FR 10313\n| 02-5506\n|\n|\n|-\n| 125\n| 7527\n| style=\"text-align:left;\" | National Colorectal Cancer Awareness Month, 2002\n| Mar 2, 2002\n| Mar 6, 2002\n| 67 FR 10315\n| 02-5507\n|\n|\n|-\n| 126\n| 7528\n| style=\"text-align:left;\" | Save Your Vision Week, 2002\n| Mar 2, 2002\n| Mar 6, 2002\n| 67 FR 10317\n| 02-5508\n| }}\n|\n|-\n| 127\n| 7529\n| style=\"text-align:left;\" | To Facilitate Positive Adjustment to Competition From Imports of Certain Steel Products\n| Mar 5, 2002\n| Mar 7, 2002\n| 67 FR 10551\n| 02-5711\n|\n|\n|-\n| 128\n| 7530\n| style=\"text-align:left;\" | Women's History Month, 2002\n| Mar 6, 2002\n| Mar 8, 2002\n| 67 FR 10823\n| 02-5830\n|\n|\n|-\n| 129\n| 7531\n| style=\"text-align:left;\" | Bicentennial Day of the United States Military Academy at West Point, 2002\n| Mar 11, 2002\n| Mar 13, 2002\n| 67 FR 11379\n| 02-6217\n|\n|\n|-\n| 130\n| 7532\n| style=\"text-align:left;\" | National Poison Prevention Week, 2002\n| Mar 14, 2002\n| Mar 19, 2002\n| 67 FR 12441\n| 02-6718\n| }}\n|\n|-\n| 131\n| 7533\n| style=\"text-align:left;\" | National Bone and Joint Decade, 2002-2011\n| Mar 21, 2002\n| Mar 26, 2002\n| 67 FR 13703\n| 02-7360\n|\n|\n|-\n| 132\n| 7534\n| style=\"text-align:left;\" | Education and Sharing Day, U.S.A., 2002\n| Mar 21, 2002\n| Mar 26, 2002\n| 67 FR 13705\n| 02-07361\n|\n|\n|-\n| 133\n| 7535\n| style=\"text-align:left;\" | Greek Independence Day: A National Day of Celebration of Greek and American Democracy, 2002\n| Mar 25, 2002\n| Mar 28, 2002\n| 67 FR 15091\n| 02-7754\n|\n|\n|-\n| 134\n| 7536\n| style=\"text-align:left;\" | Cancer Control Month, 2002\n| Apr 1, 2002\n| Apr 10, 2002\n| 67 FR 17597\n| 02-8856\n| }}\n|\n|-\n| 135\n| 7537\n| style=\"text-align:left;\" | National Child Abuse Prevention Month, 2002\n| Apr 1, 2002\n| Apr 10, 2002\n| 67 FR 17601\n| 02-8857\n|\n|\n|-\n| 136\n| 7538\n| style=\"text-align:left;\" | National Former Prisoner of War Recognition Day, 2002\n| Apr 4, 2002\n| Apr 12, 2002\n| 67 FR 17905\n| 02-9104\n|\n|\n|-\n| 138\n| 7539\n| style=\"text-align:left;\" | National D.A.R.E. Day, 2002\n| Apr 10, 2002\n| Apr 12, 2002\n| 67 FR 18081\n| 02-9174\n|\n|\n|-\n| 139\n| 7540\n| style=\"text-align:left;\" | Pan American Day and Pan American Week, 2002\n| Apr 10, 2002\n| Apr 17, 2002\n| 67 FR 19095\n| 02-9606\n| }}\n|\n|-\n| 140\n| 7541\n| style=\"text-align:left;\" | Jewish Heritage Week, 2002\n| Apr 12, 2002\n| Apr 17, 2002\n| 67 FR 19099\n| 02-9607\n|\n|\n|-\n| 141\n| 7542\n| style=\"text-align:left;\" | Death of Byron R. White\n| Apr 17, 2002\n| Apr 22, 2002\n| 67 FR 19631\n| 02-9979\n|\n|\n|-\n| 142\n| 7543\n| style=\"text-align:left;\" | National Crime Victims' Rights Week, 2002\n| Apr 18, 2002\n| Apr 23, 2002\n| 67 FR 19635\n| 02-10086\n|\n|\n|-\n| 143\n| 7544\n| style=\"text-align:left;\" | National Organ and Tissue Donor Awareness Week, 2002\n| Apr 19, 2002\n| Apr 24, 2002\n| 67 FR 20005\n| 02-10201\n|\n|\n|-\n| 144\n| 7545\n| style=\"text-align:left;\" | National Volunteer Week, 2002\n| Apr 19, 2002\n| Apr 24, 2002\n| 67 FR 20007\n| 02-10202\n|\n|\n|-\n| 145\n| 7546\n| style=\"text-align:left;\" | National Park Week, 2002\n| Apr 23, 2002\n| Apr 25, 2002\n| 67 FR 20603\n| 02-10424\n|\n|\n|-\n| 146\n| 7547\n| style=\"text-align:left;\" | National Day of Prayer, 2002\n| Apr 26, 2002\n| May 1, 2002\n| 67 FR 21559\n| 02-10959\n| }}\n|\n|-\n| 147\n| 7548\n| style=\"text-align:left;\" | Law Day, U.S.A., 2002\n| Apr 30, 2002\n| May 6, 2002\n| 67 FR 30307\n| 02-11245\n| }}\n|\n|-\n| 148\n| 7549\n| style=\"text-align:left;\" | Loyalty Day, 2002\n| Apr 30, 2002\n| May 6, 2002\n| 67 FR 30309\n| 02-11246\n| }}\n|\n|-\n| 149\n| 7550\n| style=\"text-align:left;\" | Asian/Pacific American Heritage Month, 2002\n| May 1, 2002\n| May 6, 2002\n| 67 FR 30311\n| 02-11293\n| }}\n|\n|-\n| 150\n| 7551\n| style=\"text-align:left;\" | Older Americans Month, 2002\n| May 1, 2002\n| May 6, 2002\n| 67 FR 30313\n| 02-11294\n|\n|\n|-\n| 151\n| 7555\n| style=\"text-align:left;\" | National Charter Schools Week, 2002\n| May 2, 2002\n| May 7, 2002\n| 67 FR 30533\n| 02-11486\n|\n|\n|-\n| 152\n| 7553\n| style=\"text-align:left;\" | To Restore Nondiscriminatory Trade Treatment (Normal Trade Relations Treatment) to the Products of Afghanistan\n| May 3, 2002\n| May 7, 2002\n| 67 FR 30535\n| 02-11487\n|\n|\n|-\n| 153\n| 7554\n| style=\"text-align:left;\" | To Extend Duty-Free Treatment for Certain Agricultural Products of Israel, 2002\n| May 3, 2002\n| May 7, 2002\n| 67 FR 30537\n| 02-11488\n|\n|\n|-\n| 154\n| 7555\n| style=\"text-align:left;\" | Small Business Week, 2002\n| May 3, 2002\n| May 9, 2002\n| 67 FR 31105\n| 02-11780\n|\n|\n|-\n| 155\n| 7556\n| style=\"text-align:left;\" | National Tourism Week, 2002\n| May 6, 2002\n| May 9, 2002\n| 67 FR 31108\n| 02-11781\n|\n|\n|-\n| 156\n| 7557\n| style=\"text-align:left;\" | Mother's Day, 2002\n| May 9, 2002\n| May 14, 2002\n| 67 FR 34581\n| 02-12230\n| }}\n|\n|-\n| 157\n| 7558\n| style=\"text-align:left;\" | Peace Officers Memorial Day and Police Week, 2002\n| May 10, 2002\n| May 15, 2002\n| 67 FR 34585\n| 02-12297\n|\n|\n|-\n| 158\n| 7559\n| style=\"text-align:left;\" | National Defense Transportation Day, 2002 and National Transportation Week, 2002\n| May 10, 2002\n| May 15, 2002\n| 67 FR 34587\n| 02-12298\n|\n|\n|-\n| 159\n| 7560\n| style=\"text-align:left;\" | National Hurricane Awareness Week, 2002\n|\n|\n|\n|\n|\n|\n|-\n| 160\n| 7561\n| style=\"text-align:left;\" | To Designate the Republic of Côte d'Ivoire as a Beneficiary Sub-Saharan African Country\n| May 16, 2002\n| May 21, 2002\n| 67 FR 35705\n| 02-12859\n|\n|\n|-\n| 161\n| 7562\n| style=\"text-align:left;\" | Armed Forces Day, 2002\n| May 16, 2002\n| May 21, 2002\n| 67 FR 35707\n| 02-12860\n|\n|\n|-\n| 162\n| 7563\n| style=\"text-align:left;\" | National Safe Boating Week, 2002\n| May 17, 2002\n| May 22, 2002\n| 67 FR 35891\n| 02-13029\n| }}\n|\n|-\n| 163\n| 7564\n| style=\"text-align:left;\" | World Trade Week, 2002\n| May 17, 2002\n| May 22, 2002\n| 67 FR 35893\n| 02-13030\n|\n|\n|-\n| 164\n| 7565\n| style=\"text-align:left;\" | National Maritime Day, 2002\n| May 21, 2002\n| May 24, 2002\n| 67 FR 36495\n| 02-13267\n| }}\n|\n|-\n| 165\n| 7566\n| style=\"text-align:left;\" | National Missing Children's Day, 2002\n| May 21, 2002\n| May 24, 2002\n| 67 FR 36497\n| 02-13268\n|\n|\n|-\n| 166\n| 7567\n| style=\"text-align:left;\" | Prayer for Peace, Memorial Day, 2002\n| May 21, 2002\n| May 24, 2002\n| 67 FR 36499\n| 02-13269\n| }}\n|\n|-\n| 167\n| 7568\n| style=\"text-align:left;\" | Black Music Month, 2002\n| May 31, 2002\n| Jun 5, 2002\n| 67 FR 38583\n| 02-14239\n|\n|\n|-\n| 168\n| 7569\n| style=\"text-align:left;\" | National Fishing and Boating Week, 2002\n| May 31, 2002\n| Jun 5, 2002\n| 67 FR 38585\n| 02-14240\n|\n|\n|-\n| 169\n| 7570\n| style=\"text-align:left;\" | National Homeownership Month, 2002\n| Jun 4, 2002\n| Jun 7, 2002\n| 67 FR 39241\n| 02-14534\n|\n|\n|-\n| 170\n| 7571\n| style=\"text-align:left;\" | National Child's Day, 2002\n| Jun 5, 2002\n| Jun 10, 2002\n| 67 FR 39595\n| 02-14648\n|\n|\n|-\n| 171\n| 7572\n| style=\"text-align:left;\" | Great Outdoors Week, 2002\n| Jun 7, 2002\n| Jun 12, 2002\n| 67 FR 40137\n| 02-14974\n|\n|\n|-\n| 172\n| 7573\n| style=\"text-align:left;\" | Flag Day and National Flag Week, 2002\n| Jun 7, 2002\n| Jun 12, 2002\n| 67 FR 40139\n| 02-14975\n|\n|\n|-\n| 173\n| 7574\n| style=\"text-align:left;\" | Father's Day, 2002\n| Jun 14, 2002\n| Jun 20, 2002\n| 67 FR 42175\n| 02-15823\n| }}\n|\n|-\n| 174\n| 7575\n| style=\"text-align:left;\" | Lewis and Clark Bicentennial\n| Jun 28, 2002\n| Jul 3, 2002\n| 67 FR 44753\n| 02-16965\n|\n|\n|-\n| 175\n| 7576\n| style=\"text-align:left;\" | To Provide for the Efficient and Fair Administration of Safeguard Measures on Imports of Certain Steel Products\n| Jul 3, 2002\n| Jul 8, 2002\n| 67 FR 45283\n| 02-17272\n|\n|\n|-\n| 176\n| 7577\n| style=\"text-align:left;\" | Captive Nations Week, 2002\n| Jul 17, 2002\n| Jul 19, 2002\n| 67 FR 47675\n| 02-18556\n|\n|\n|-\n| 177\n| 7578\n| style=\"text-align:left;\" | National Korean War Veterans Armistice Day, 2002\n| Jul 26, 2002\n| Jul 30, 2002\n| 67 FR 47675\n| 02-18556\n| }}\n|\n|-\n| 178\n| 7579\n| style=\"text-align:left;\" | Anniversary of the Americans with Disabilities Act, 2002\n| Jul 26, 2002\n| Jul 30, 2002\n| 67 FR 49553\n| 02-19401\n|\n|\n|-\n| 179\n| 7580\n| style=\"text-align:left;\" | Parents' Day, 2002\n| Jul 26, 2002\n| Jul 31, 2002\n| 67 FR 49557\n| 02-19484\n| }}\n|\n|-\n| 180\n| 7581\n| style=\"text-align:left;\" | The Bicentennial of the United States Patent and Trademark Office, 2002\n| Jul 29, 2002\n| Jul 31, 2002\n| 67 FR 49559\n| 02-19485\n|\n|\n|-\n| 181\n| 7582\n| style=\"text-align:left;\" | National Airborne Day, 2002\n| Aug 14, 2002\n| Aug 19, 2002\n| 67 FR 53723\n| 02-21212\n|\n|\n|-\n| 182\n| 7583\n| style=\"text-align:left;\" | National Health Center Week, 2002\n| Aug 16, 2002\n| Aug 20, 2002\n| 67 FR 53873\n| 02-21341\n|\n|\n|-\n| 183\n| 7584\n| style=\"text-align:left;\" | Women's Equality Day, 2002\n| Aug 23, 2002\n| Aug 28, 2002\n| 67 FR 55315\n| 02-22163\n|\n|\n|-\n| 184\n| 7585\n| style=\"text-align:left;\" | To Implement an Agreement Regarding Imports of Line Pipe Under Section 203 of the Trade Act of 1974\n| Aug 28, 2002\n| Aug 30, 2002\n| 67 FR 56205\n| 02-22502\n|\n|\n|-\n| 185\n| 7586\n| style=\"text-align:left;\" | To Modify Duty-Free Treatment Under the Generalized, 2002\n| Aug 28, 2002\n| Sep 3, 2002\n| 67 FR 56211\n| 02-22527\n|\n|\n|-\n| 186\n| 7587\n| style=\"text-align:left;\" | National Ovarian Cancer Awareness Month, 2002\n| Aug 30, 2002\n| Sep 5, 2002\n| 67 FR 56745\n| 02-22748\n|\n|\n|-\n| 187\n| 7588\n| style=\"text-align:left;\" | National Days of Prayer and Remembrance, 2002\n| Aug 31, 2002\n| Sep 5, 2002\n| 67 FR 56891\n| 02-22779\n|\n|\n|-\n| 187\n| 7589\n| style=\"text-align:left;\" | National Alcohol and Drug Addiction Recovery Month, 2002\n| Sep 4, 2002\n| Sep 9, 2002\n| 67 FR 57123\n| 02-23006\n|\n|\n|-\n| 188\n| 7590\n| style=\"text-align:left;\" | Patriot Day, 2002\n| Sep 4, 2002\n| Sep 9, 2002\n| 67 FR 57125\n| 02-23007\n| }}\n|\n|-\n| 189\n| 7591\n| style=\"text-align:left;\" | National Hispanic Heritage Month, 2002\n| Sep 13, 2002\n| Sep 19, 2002\n| 67 FR 58955\n| 02-23997\n|\n|\n|-\n| 190\n| 7592\n| style=\"text-align:left;\" | National Farm Safety and Health Week, 2002\n| Sep 13, 2002\n| Sep 19, 2002\n| 67 FR 58957\n| 02-23998\n|\n|\n|-\n| 191\n| 7593\n| style=\"text-align:left;\" | National Historically Black Colleges and Universities Week, 2002\n| Sep 13, 2002\n| Sep 19, 2002\n| 67 FR 58959\n| 02-23999\n|\n|\n|-\n| 192\n| 7594\n| style=\"text-align:left;\" | Citizenship Day and Constitution Week, 2002\n| Sep 16, 2002\n| Sep 20, 2002\n| 67 FR 59133\n| 02-24158\n|\n|\n|-\n| 193\n| 7595\n| style=\"text-align:left;\" | National POW/MIA Recognition Day, 2002\n| Sep 19, 2002\n| Sep 25, 2002\n| 67 FR 59133\n| 02-24158\n|\n|\n|-\n| 194\n| 7596\n| style=\"text-align:left;\" | Minority Enterprise Development Week, 2002\n| Sep 20, 2002\n| Sep 25, 2002\n| 67 FR 60101\n| 02-24465\n|\n|\n|-\n| 195\n| 7597\n| style=\"text-align:left;\" | Family Day, 2002\n| Sep 20, 2002\n| Sep 25, 2002\n| 67 FR 60103\n| 02-24466\n|\n|\n|-\n| 196\n| 7598\n| style=\"text-align:left;\" | Gold Star Mother's Day, 2002\n| Sep 27, 2002\n| Oct 3, 2002\n| 67 FR 62159\n| 02-25367\n|\n|\n|-\n| 196\n| 7599\n| style=\"text-align:left;\" | National Breast Cancer Awareness Month, 2002\n| Oct 1, 2002\n| Oct 4, 2002\n| 67 FR 62165\n| 02-25466\n|\n|\n|-\n| 197\n| 7600\n| style=\"text-align:left;\" | National Disability Employment Awareness Month, 2002\n| Oct 1, 2002\n| Oct 4, 2002\n| 67 FR 62167\n| 02-25467\n|\n|\n|-\n| 198\n| 7601\n| style=\"text-align:left;\" | National Domestic Violence Awareness Month, 2002\n| Oct 1, 2002\n| Oct 4, 2002\n| 67 FR 62169\n| 02-25468\n|\n|\n|-\n| 199\n| 7602\n| style=\"text-align:left;\" | Fire Prevention Week, 2002\n| Oct 4, 2002\n| Oct 9, 2002\n| 67 FR 62863\n| 02-25897\n|\n|\n|-\n| 200\n| 7603\n| style=\"text-align:left;\" | Child Health Day, 2002\n| Oct 4, 2002\n| Oct 9, 2002\n| 67 FR 62865\n| 02-25898\n| }}\n|\n|-\n| 201\n| 7604\n| style=\"text-align:left;\" | German-American Day, 2002\n| Oct 4, 2002\n| Oct 9, 2002\n| 67 FR 62867\n| 02-25899\n|\n|\n|-\n| 202\n| 7605\n| style=\"text-align:left;\" | Leif Erikson Day, 2002\n| Oct 8, 2002\n| Oct 11, 2002\n| 67 FR 63525\n| 02-26242\n| }}\n|\n|-\n| 203\n| 7606\n| style=\"text-align:left;\" | Columbus Day, 2002\n| Oct 9, 2002\n| Oct 15, 2002\n| 67 FR 63809\n| 02-26373\n| }}\n|\n|-\n| 204\n| 7607\n| style=\"text-align:left;\" | General Pulaski Memorial Day, 2002\n| Oct 10, 2002\n| Oct 16, 2002\n| 67 FR 64023\n| 02-26521\n|\n|\n|-\n| 205\n| 7608\n| style=\"text-align:left;\" | National Cystic Fibrosis Awareness Week, 2002\n| Oct 11, 2002\n| Oct 17, 2002\n| 67 FR 64027\n| 02-26628\n|\n|\n|-\n| 206\n| 7609\n| style=\"text-align:left;\" | National School Lunch Week, 2002\n| Oct 11, 2002\n| Oct 17, 2002\n| 67 FR 64029\n| 02-26629\n| }}\n|\n|-\n| 207\n| 7610\n| style=\"text-align:left;\" | White Cane Safety Day, 2002\n| Oct 11, 2002\n| Oct 17, 2002\n| 67 FR 64031\n| 02-26630\n| }}\n|\n|-\n| 208\n| 7611\n| style=\"text-align:left;\" | Year of Clean Water, 2002-2003\n| Oct 17, 2002\n| Oct 22, 2002\n| 67 FR 64031\n| 02-26630\n|\n|\n|-\n| 209\n| 7612\n| style=\"text-align:left;\" | National Character Counts Week, 2002\n| Oct 18, 2002\n| Oct 23, 2002\n| 67 FR 65279\n| 02-27192\n|\n|\n|-\n| 210\n| 7613\n| style=\"text-align:left;\" | National Forest Products Week, 2002\n| Oct 18, 2002\n| Oct 23, 2002\n| 67 FR 65283\n| 02-27193\n|\n|\n|-\n| 211\n| 7614\n| style=\"text-align:left;\" | United Nations Day, 2002\n| Oct 23, 2002\n| Oct 28, 2002\n| 67 FR 65867\n| 02-27547\n|\n|\n|-\n| 212\n| 7615\n| style=\"text-align:left;\" | National Family Caregivers Month, 2002\n| Oct 29, 2002\n| Nov 1, 2002\n| 67 FR 67085\n| 02-28058\n|\n|\n|-\n| 213\n| 7616\n| style=\"text-align:left;\" | To Implement the Andean Trade Promotion and Drug Eradication Act\n| Oct 31, 2002\n| Nov 5, 2002\n| 67 FR 67283\n| 02-28258\n|\n|\n|-\n| 214\n| 7617\n| style=\"text-align:left;\" | National Alzheimer's Disease Awareness Month, 2002\n| Oct 31, 2002\n| Nov 5, 2002\n| 67 FR 67293\n| 02-28259\n|\n|\n|-\n| 215\n| 7618\n| style=\"text-align:left;\" | National Diabetes Month, 2002\n| Oct 31, 2002\n| Nov 5, 2002\n| 67 FR 67295\n| 02-28260\n|\n|\n|-\n| 216\n| 7619\n| style=\"text-align:left;\" | National Adoption Month, 2002\n| Nov 1, 2002\n| Nov 6, 2002\n| 67 FR 67769\n| 02-28432\n|\n|\n|-\n| 217\n| 7620\n| style=\"text-align:left;\" | National American Indian Heritage Month, 2002\n| Nov 1, 2002\n| Nov 6, 2002\n| 67 FR 67773\n| 02-28433\n|\n|\n|-\n| 218\n| 7621\n| style=\"text-align:left;\" | National Hospice Month, 2002\n| Nov 1, 2002\n| Nov 6, 2002\n| 67 FR 67775\n| 02-28434\n|\n|\n|-\n| 219\n| 7622\n| style=\"text-align:left;\" | In Celebration of the Centennial of the West Wing of the White House, 2002\n| Nov 5, 2002\n| Nov 8, 2002\n| 67 FR 68017\n| 02-28711\n|\n|\n|-\n| 220\n| 7623\n| style=\"text-align:left;\" | Veterans Day, 2002\n| Nov 6, 2002\n| Nov 12, 2002\n| 67 FR 68749\n| 02-28892\n| }}\n|\n|-\n| 221\n| 7624\n| style=\"text-align:left;\" | National Employer Support of the Guard and Reserve Week, 2002\n| Nov 8, 2002\n| Nov 13, 2002\n| 67 FR 68919\n| 02-28995\n|\n|\n|-\n|}\n2008\n{| class=\"wikitable sortable\" style=\"text-align:center;\"\n|-\n!  #\n!  #\n! Title/Description\n! Date signed\n! Date published\n! FR Citation\n! FR  #\n! United States Code\n! class=\"unsortable\"|\n|-\n|-\n| 222\n| 8315\n| style=\"text-align:left;\" | National Adoption Month, 2008\n| Oct 31, 2008\n| Nov 5, 2008\n| 73 FR 65959\n| E8-26522\n|\n|\n|-\n| 223\n| 8316\n| style=\"text-align:left;\" | National Hospice Month, 2008\n| Oct 31, 2008\n| Nov 5, 2008\n| 73 FR 65961\n| E8-26524\n|\n|\n|-\n| 224\n| 8317\n| style=\"text-align:left;\" | Veterans Day, 2008\n| Oct 31, 2008\n| Nov 5, 2008\n| 73 FR 65963\n| E8-26526\n| }}\n|\n|-\n| 225\n| 8318\n| style=\"text-align:left;\" | World Freedom Day, 2008\n| Nov 7, 2008\n| Nov 12, 2008\n| 73 FR 66713\n| E8-26989\n| }}\n|\n|-\n| 226\n| 8319\n| style=\"text-align:left;\" | America Recycles Day, 2008\n| Nov 14, 2008\n| Nov 19, 2008\n| 73 FR 69519\n| E8-27642\n|\n|\n|-\n| 227\n| 8320\n| style=\"text-align:left;\" | National Farm-City Week, 2008\n| Nov 19, 2008\n| Nov 24, 2008\n| 73 FR 70857\n| E8-28002\n|\n|\n|-\n| 228\n| 8321\n| style=\"text-align:left;\" | National Family Week, 2008\n| Nov 20, 2008\n| Nov 24, 2008\n| 73 FR 70859\n| E8-27997\n|\n|\n|-\n| 229\n| 8322\n| style=\"text-align:left;\" | Thanksgiving Day, 2008\n| Nov 21, 2008\n| Nov 26, 2008\n| 73 FR 72301\n| E8-28415\n|\n|\n|-\n| 230\n| 8323\n| style=\"text-align:left;\" | To Provide for Duty-Free Treatment Under the Earned Import Allowance Program, and for Other Purposes, 2008\n| Nov 25, 2008\n| Nov 28, 2008\n| 73 FR 72677\n| E8-28537\n|\n|\n|-\n| 231\n| 8324\n| style=\"text-align:left;\" | National Drunk and Drugged Driving Prevention Month, 2008\n| Nov 26, 2008\n| Dec 2, 2008\n| 73 FR 73149\n| E8-28687\n|\n|\n|-\n| 232\n| 8325\n| style=\"text-align:left;\" | World AIDS Day, 2008\n| Nov 26, 2008\n| Dec 2, 2008\n| 73 FR 73151\n| E8-28691\n|\n|\n|-\n| 233\n| 8326\n| style=\"text-align:left;\" | National Pearl Harbor Remembrance Day, 2008\n| Dec 5, 2008\n| Dec 9, 2008\n| 73 FR 74925\n| E8-29315\n| }}\n|\n|-\n| 234\n| 8327\n| style=\"text-align:left;\" | Establishment of the World War II Valor in the Pacific National Monument\n| Dec 5, 2008\n| Dec 10, 2008\n| 73 FR 75293\n| E8-29344\n|\n|\n|-\n| 235\n| 8328\n| style=\"text-align:left;\" | Human Rights Day, Bill of Rights Day, and Human Rights Week, 2008\n| Dec 9, 2008\n| Dec 12, 2008\n| 73 FR 75925\n| E8-29704\n| }}\n|\n|-\n| 236\n| 8329\n| style=\"text-align:left;\" | Wright Brothers Day, 2008\n|\n|\n|\n|\n| }}\n|\n|-\n| 237\n| 8330\n| style=\"text-align:left;\" | To Take Certain Actions Under the African Growth and Opportunity Act and the Generalized System of Preferences\n| Dec 19, 2008\n| Dec 23, 2008\n| 73 FR 78913\n| E8-30765\n|\n|\n|-\n| 238\n| 8331\n| style=\"text-align:left;\" | To Implement the Dominican Republic-Central America-United States Free Trade Agreement with Respect to Costa Rica and for Other Purposes\n| Dec 23, 2008\n| Dec 30, 2008\n| 73 FR 79585\n| E8-31137\n|\n|\n|-\n| 239\n| 8332\n| style=\"text-align:left;\" | To Implement the United States-Oman Free Trade Agreement\n| Dec 29, 2008\n| Dec 31, 2008\n| 73 FR 80289\n| E8-31234\n|\n|\n|-\n| 240\n| 8333\n| style=\"text-align:left;\" | National Mentoring Month, 2009\n| Dec 30, 2008\n| Jan 7, 2009\n| 74 FR 609\n| E9-113\n|\n|\n|-\n| 241\n| 8334\n| style=\"text-align:left;\" | To Extend Duty-Free Treatment for Certain Agricultural Products of Israel and for Other Purposes, 2008\n| Dec 31, 2008\n| Jan 7, 2009\n| 74 FR 611\n| E9-115\n|\n|\n|-\n|}\n2009\n{| class=\"wikitable sortable\" style=\"text-align:center;\"\n|-\n!  #\n!  #\n! Title/Description\n! Date signed\n! Date published\n! FR Citation\n! FR  #\n! United States Code\n! class=\"unsortable\"|\n|-\n|-\n| 242\n| 8335\n| style=\"text-align:left;\" | Establishment of the Marianas Trench Marine National Monument\n| Jan 6, 2009\n| Jan 12, 2009\n| 74 FR 1555\n| E9-496\n|\n|\n|-\n| 243\n| 8336\n| style=\"text-align:left;\" | Establishment—the Pacific Remote Islands Marine National Monument\n| Jan 6, 2009\n| Jan 12, 2009\n| 74 FR 1565\n| E9-500\n|\n|\n|-\n| 244\n| 8337\n| style=\"text-align:left;\" | Establishment of the Rose Atoll Marine National Monument\n| Jan 6, 2009\n| Jan 12, 2009\n| 74 FR 1577\n| E9-505\n|\n|\n|-\n| 245\n| 8338\n| style=\"text-align:left;\" | Religious Freedom Day, 2009\n| Jan 13, 2009\n| Jan 15, 2009\n| 74 FR 2753\n| E9-1032\n|\n|\n|-\n| 246\n| 8339\n| style=\"text-align:left;\" | National Sanctity of Human Life Day, 2009\n| Jan 15, 2009\n| Jan 21, 2009\n| 74 FR 3953\n| E9-1361\n|\n|\n|-\n| 247\n| 8340\n| style=\"text-align:left;\" | Martin Luther King, Jr., Federal Holiday, 2009\n|\n|\n|\n|\n|\n|\n|-\n| 248\n| 8341\n| style=\"text-align:left;\" | To Implement the United States-Peru Trade Promotion Agreement and for Other Purposes, 2009\n|\n|\n|\n|\n|\n|\n|-\n| 249\n| 8342\n| style=\"text-align:left;\" | To Suspend Entry As Immigrants And Nonimmigrants of Foreign Government Officials Responsible for Failing To Combat Trafficking In Persons\n| Jan 16, 2009\n| Jan 22, 2009\n| 74 FR 1555\n| E9-496\n|\n|\n|-\n|}\nSee also\n* List of executive actions by Bill Clinton, EO #12834–13197 (1993–2001)\n* List of executive actions by Barack Obama, EO #13489–13764 (2009–2017)\n* List of executive actions by George W. Bush\nReferences\nSources\n*\n*\n*\n*\n*\n*\n*\n*\n*\n*\n*\n*\n*\n*\n*\n*\n*\n*\n*\n*\nExternal links\n* [https://www.archives.gov/federal-register/executive-orders/wbush.html Federal Archives]\n* [https://www.federalregister.gov/executive-orders Federal Register]\n* [http://www.gpo.gov/fdsys/bulkdata/ GPO's Federal Digital System (FDsys) - Bulk Data], Download multiple issues of the Federal Register or latest Code of Federal Regulations in XML.\n* George W. Bush Presidential Center"
    }
  ]
}