{
  "content": [
    {
      "type": "text",
      "text": "# List of ancient Greek cities__disambig_1\n\nThis is an incomplete list of ancient Greek cities, including colonies outside Greece, and including settlements that were not sovereign poleis.\nMany colonies outside Greece were soon assimilated to some other language, but a city is included here if at any time its population or the dominant stratum within it spoke Greek. Also included are some cities that were not Greek-speaking or Hellenic, but contributed to the Hellenic culture of the region.\nA\n{| class=\"wikitable\" width=\"100%\"\n| width=\"15%\" bgcolor=\"#FEEBAD\" | Ancient name\n| width=\"25%\" bgcolor=\"#FFEBAD\" | Location\n| width=\"15%\" bgcolor=\"#FFEBAD\" | Modern name\n| width=\"45%\" bgcolor=\"#FFEBAD\" | Also known as\n|-\n|Abdera\n| Thrace (near Xanthi), Greece\n|Avdira\n|\n|-\n|Abila\n|13&nbsp;km north-northeast of Irbid, Jordan\n|Harta or Hartha\n|Abila Dekapoleos, Abila (Greek: Ἄβιλα), Seleucia (Greek: Σελεύκεια), Seleuceia, Seleukeia, Seleukheia, Ancient Raphana\n|-\n|Abydos\n|North of Çanakkale, East Bank of Hellespont\n|Nağara, pronounced Nara\n|Abydus\n|-\n|Acanthus\n|Athos\n|Ierissos\n|Erisso\n|-\n|Acharnae\n|near Acharnes and Ano Liosia, about 10&nbsp;km north of Athens\n|Acharnes\n|Menidi\n|-\n|Actium\n|mouth of the Ambracian Gulf\n|Punta, abandoned\n|\n|-\n|Adramyttium\n|Edremit (Town), Balıkesir\n|Edremit (Town)\n|Adramyttion, Adramytteion, Atramyttion\n|-\n|Aegae\n|Central Macedonia, near modern Vergina, Greece\n|abandoned\n|Aigai\n|-\n|Aegina\n|island in the Saronic Gulf,  from Athens\n|Aegina\n|\n|-\n|Aegium\n|Achaea, Greece\n|Aigio (Αίγιο)\n|Egio, Egion\n|-\n|Aenea\n|Chalcidice, northern Greece\n|abandoned\n|Ainea\n|-\n|Aenus\n|Turkish Thrace\n|Enez\n|Poltyobria, Poltymbria\n|-\n|Agrinion\n|Aetolia-Acarnania, 3&nbsp;km south-west of modern Agrinio\n|abandoned\n|Agrinium\n|-\n|Aigosthena\n|Attica\n|abandoned\n|Egosthena\n|-\n|Akragas (Akragasta)\n|Sicily (Italio)\n|Agrigento\n|Agrigentum, Kerkent, Girgenti\n|-\n|Akrai\n|Sicily\n|Palazzolo Acreide\n|Acrae\n|-\n|Akrillai\n|Hyblaean Mountains, south-eastern Sicily\n|Chiaramonte Gulfi\n|Acrillae, Gulfi\n|-\n|Akroinon\n|western Turkey\n|Afyonkarahisar\n|Hapanuwa, Nicopolis, Kara Hissar, Afyon, Karahisar-i Sahip, Afium-Kara-hissar, Afyon Karahisar\n|-\n|Akrotiri (Ακρωτήρι)\n|Thera/Santorini, Greece\n|Akrotiri\n|-\n|Alalcomenae\n|Ithaca\n|abandoned\n|\n|-\n|Alalia\n|Corsica\n|Aléria\n|Aleria, Alaliē (Ἀλαλίη)\n|-\n|Alexándreia (Ἀλεξάνδρεια)\n|northern Egypt\n|Alexandria\n|al-Iskandariyya, Rakotə, Eskendereyya (اسكندريه)\n|-\n|Alexandretta\n|southern Turkey\n|İskenderun\n|al-'İskandarūn (الإسكندرون)\n|-\n|Alexandria Arachosia\n|southern Afghanistan\n|Qandahar\n|\n|-\n|Alexandria Ariana\n|western Afghanistan\n|Herat\n|\n|-\n|Alexandria Asiana\n|Iran\n|\n|\n|-\n|Alexandria Bucephalous\n|Pakistan\n|Jhelum, or more likely Phalia\n|\n|-\n|Alexandria in the Caucasus\n|near modern Bagram, Afghanistan\n|\n|Kapisa\n|-\n|Alexandria Eschate\n|Fergana Valley\n|Khujand\n|Alexandria the Furthest, Khüjand, Khodzhent, Khudchand, Chodjend, Ispisar, Leninabad, Leninobod\n|-\n|Alexandria on the Indus\n|at the confluence of the Indus and Chenab rivers, Pakistan, 13&nbsp;km from modern Uch\n|abandoned\n|Uch, Uch Sharif, Alexandria at the Head of the Punjab\n|-\n|Alexandria on the Oxus\n|near Kunduz, northern Afghanistan\n|abandoned\n|Ai-Khanoum, Ay Khanum, possibly Eucratidia\n|-\n|Alexandria Troas\n|Troad region of Turkey\n|\n|Alexandria of the Troad, Sigia, Antigonia Troas,\n|-\n|Alinda\n|near Karpuzlu, Turkey\n|abandoned\n|possibly Alexandria by the Latmos\n|-\n|Amarynthos\n|Euboea, Greece\n|Amarynthos\n|Vathia (Médiéval name)\n|-\n|Amaseia\n|Yeşilırmak River, northern Turkey\n|Amasya\n|Amáseia (Αμάσεια)\n|-\n|Ambracia\n|Epirus\n|\n|\n|-\n|Amida\n|banks of the River Tigris, south-eastern Turkey\n|Diyarbakır\n|Diyâr-ı Bekr, Amed, Āmîḏ (ܐܡܝܕ)\n|-\n|Amisos\n|Black Sea coast, Turkey\n|Samsun\n|Amisus, Eis Amison, Samsunta, Samsus, Samson, Samsounta\n|-\n|Amnisos\n|Crete, Greece\n|\n|Phocis, Greece\n|-\n|Amphicaea\n|Boeotia, Greece\n|Amfikleia\n|Amphicleia\n|-\n|Amphigeneia\n|Peloponnese, southern Greece\n|abandoned\n|\n|-\n|Amphipolis\n|Central Macedonia, Greece\n|Amfipoli\n|\n|-\n|Amphissa\n|Phocis, Greece\n|Amfissa\n|Salona\n|-\n|Ankon (Ἀγκών)\n|Adriatic coast of central Italy\n|Ancona\n|\n|-\n|Antigonea\n|Chaonia, southern Albania\n|abandoned\n|\n|-\n|Antipatrea\n|Illyria, southern Albania\n|Berat\n|Beligrad\n|-\n|Antioch on the Maeander\n|south western Turkey, near Kuyucak\n|abandoned\n|Antiochia on the Maeander, Antiochia ad Mæandrum, Pythopolis\n|-\n|Antioch, Mygdonia\n|south eastern Turkey\n|Nusaybin\n|Soba, Nisibis\n|-\n|Antioch on the Orontes\n|eastern side of the Orontes River, near modern Antakya, Turkey\n|\n|Antiochia ad Orontem, Great Antioch, Syrian Antioch\n|-\n|Antioch, Pisidia\n|1&nbsp;km northeast of Yalvaç, Isparta Province, Turkey\n|\n|Antiochia in Pisidia, Pisidian Antioch (Greek: Ἀντιόχεια τῆς Πισιδίας), Antiochia Caesareia, Antiochia Caesaria, Antiochia in Phrygia\n|-\n|Antiochia ad Taurum\n|near Gaziantep, Turkey\n|abandoned\n|Antiochia in the Taurus\n|-\n|Andros\n|Cyclades, approximately  south east of Euboea\n|\n|\n|-\n|Apamea\n|on the Orontes River, about 55&nbsp;km northwest of Hama, Syria\n|abandoned\n|Apameia (Απάμεια), Afamia (أفاميا or آفاميا)\n|-\n|Apamea\n|near the confluence of the Tigris and Euphrates, in Iraq\n|abandoned\n|Apameia (Απάμεια)\n|-\n|Apamea\n|Sittacene, Iraq, surrounded by the Tigris\n|abandoned\n|Apameia (Απάμεια)\n|-\n|Apamea\n|near Nahavand, Iran\n|abandoned\n|Apameia (Απάμεια)\n|-\n|Apamea Myrlea\n|on the Sea of Marmara, south of Mudanya, Turkey\n|abandoned\n|Apamea Myrleon, Apameia Myrleanos, Brylleion, Myrlea (Μύρλεια), Murleia, Myrleia, Colonia Iulia Concordia, Apamena.\n|-\n|Apamea\n|lake formed by the Birecik Dam, Şanlıurfa Province, Turkey\n|abandoned\n|Apameia (Απάμεια)\n|-\n|Apamea\n|Phrygia, Turkey\n|Dinar\n|Apameia (Απάμεια), Kibotos (κιβωτός), hê Kibôtos, Cibotus\n|-\n|Apamea Ragiana\n|Media, Iran\n|abandoned\n|Apamea Rhagiana, Apamea Raphiana, Apameia Rhagiane, Arsace, Khuvar, Choara\n|-\n|Aphidnae\n|Attica, Greece, about 28&nbsp;km north of Athens\n|Afidnes (Αφιδνές, Αφίδναι)\n|Afidnai\n|-\n|Apollonia\n|Illyria, southernAlbania\n|abandoned\n|\n|-\n|Apollonia\n|Mygdonia, northern Greece\n|abandoned\n|\n|-\n|Apollonia\n|Pirgos Apollonias, northern Greece, opposite Thasos\n|abandoned\n|\n|-\n|Apollonia\n|Chalcidice, northern Greece\n|abandoned\n|\n|-\n|Apollonia\n|Aetolia, north western Greece\n|abandoned\n|\n|-\n|Apollonia\n|Acte peninsular, northern Greece\n|abandoned\n|\n|-\n|Apollonia\n|north coast of Crete, near Knossos\n|abandoned\n|\n|-\n|Apollonia\n|south coast of Crete\n|abandoned\n|\n|-\n|Apollonia\n|Sicily\n|possibly Pollina\n|\n|-\n|Apollonia\n|Cyrenaica, Libya\n|abandoned\n|\n|-\n|Apollonia\n|Mysia, western Turkey\n|abandoned\n|\n|-\n|Apollonia ad Rhyndacum\n|Mysia, western Turkey\n|abandoned\n|\n|-\n|Apollonia Pontica\n|Black Sea coast of Bulgaria\n|Sozopol\n|Antheia, Apollonia, Apollonia Magna\n|-\n|Apsaros\n|Autonomous Republic of Adjara, Georgia\n|Gonio\n|Apsyrtos (Ἄψυρτος)\n|-\n|Argos\n|Peloponnese, Greece\n|\n|\n|-\n|Arsuf\n|15&nbsp;km north of Tel al-Rabeea, Palestine\n|abandoned\n|Arsur, Apollonia\n|-\n|Artanes\n|on the Danube, north west Bulgaria\n|Lom\n|Almus, Lom Palanka\n|-\n|Artemita\n|Babylonia, in the district of Apolloniatis (modern Iraq)\n|abandoned\n|Ἀρτεμίτα\n|-\n|Argyroupoli\n|northern Turkey\n|Gümüşhane\n|\n|-\n|Asine\n|Argolis, Greece\n|destroyed\n|\n|-\n|Asine\n|Messenia, Greece\n|\n|\n|-\n|Asine\n|Laconia, southern Greece\n|Skoutari\n|\n|-\n|Asine\n|Cyprus\n|Asinou (Ασίνου)\n|\n|-\n|Asklepios\n|northern Turkey\n|İskilip\n|Iskila, Aesculapius, Andrapa, Andrapolis, Blocium, Bloacium, Neoclaudiopolis, Neopolis, İmad, Iskelib, İskelib, Direklibel\n|-\n|Aspendos\n|Antalya, southern Turkey\n|abandoned\n|\n|-\n|Assus\n|Çanakkale, Turkey\n|Behramkale\n|Assos\n|-\n|Astacus\n|western Turkey\n|İzmit\n|Nicomedea, Olbia\n|-\n|Athens\n|Attica, southern Greece\n|\n|Athenai, Athena (Αθήνα)\n|-\n|Athmonia\n| north of Athens, Greece\n|abandoned\n|\n|-\n|Aulon\n|Illyria, southern Albania\n|Vlorë\n|Aulona, Vlona, Valona\n|-\n|Aytos\n|eastern Bulgaria\n|Aytos\n|Aetos, Ajtos, Astos, Idos, Akvilia\n|}\nB\n{| class=\"wikitable\" width=\"100%\"\n| width=\"15%\" bgcolor=\"#FFEBAD\" | Ancient name\n| width=\"20%\" bgcolor=\"#FFEBAD\" | Location\n| width=\"15%\" bgcolor=\"#FFEBAD\" | Modern name\n| width=\"50%\" bgcolor=\"#FFEBAD\" | Also known as\n|-\n|Baris\n|south western Turkey\n|Isparta\n|\n|-\n|Bhrytos\n|Lebanon\n|Beirut\n|\n|-\n|Borysthenes\n|Ukrainian Black Sea coast\n|Berezan Island\n|Berezan'\n|-\n|Berge\n|Serres, Greece\n|Berge\n|Bergi\n|-\n|Boura\n|Achaea, Greece\n|\n|\n|-\n|Bouthroton (Βουθρωτόν)\n|southern Albania\n|abandoned\n|Butrint, Bouthrotios (Βουθρώτιος), Buthrotum\n|-\n|Brauron\n|Attica, Greece\n|abandoned\n|Vravrona, Vravronas\n|-\n|Byblos\n|Lebanon\n|Byblos\n|Byblos, Gubla, Gebal, Jbeil\n|-\n|Byzantium\n|Bosphorus Strait, western Turkey\n|Istanbul\n|Constantinople, Byzantion\n|-\n|Bithynium\n|western Turkey\n|Bolu\n|Vithinion (Βιθύνιον), Bithynium, Claudiopolis\n|}\nC\n{| class=\"wikitable\" width=\"100%\"\n| width=\"15%\" bgcolor=\"#FFEBAD\" | Ancient name\n| width=\"20%\" bgcolor=\"#FFEBAD\" | Location\n| width=\"15%\" bgcolor=\"#FFEBAD\" | Modern name\n| width=\"50%\" bgcolor=\"#FFEBAD\" | Also known as\n|-\n|Callatis\n|Northern Dobruja, Romania\n|Mangalia\n|(Greek) Κάλλατις/Καλλατίς; (Turkish) Mankalya; Pangalla, Pancalia, Callata\n|-\n|Callipolis\n|Canakkale, Hellespont\n|Gelibolu\n|Kallipolis, Gallipoli\n|-\n|Calydon\n|Aetolia, Greece\n|\n|\n|-\n|Caphyae\n|Arkadia, Greece\n|Chotoussa :el:Χωτούσσα Αρκαδίας\n|Kaphyai\n|-\n|Carystus\n|near modern Karystos, Euboea, Greece\n|\n|\n|-\n|Cassandreia\n|Central Macedonia, Greece\n|Kassandreia\n|\n|-\n|Cebrene\n|Troad region of Turkey\n|\n|Kebrene, Kevrin, Alexandria (Greek: Αλεξάνδρεια), Antiochia in Troad (Greek: Αντιόχεια της Τρωάδας)\n|-\n|Celenderis\n|Ancient Cilicia\n|Aydıncık\n|Kalenderis, Kelenderis\n|-\n|Chalcedon\n|opposite Byzantium, south of Scutari (modern Üsküdar)\n|Kadıköy\n|Chalkedon, Calchedon (Καλχήδων)\n|-\n|Chalcis\n|Euboea, Greece\n|\n|Chalkida, Halkida, Halkis, Chalkis\n|-\n|Chamaizi\n|Crete, Greece\n|[Chamaizi is later Turkish name; ancient name unknown]\n|[Hill is known locally as Souvloto Mouri, ancient Minoan site but possibly not a city]\n|-\n|Chersonesos\n|near Sevastopol, Crimea\n|\n|Korsun, Khersones, Chersonese, Chersonesos, Cherson\n|-\n|Chimaira\n|Chaonia, southern Albania\n|Himara, Himare\n|Cheimara, Cheimaera, Chimaera\n|-\n|Chios\n|in the island with the same name, Greece\n|\n|\n|-\n|Chytri\n|Cyprus\n|Kythrea\n|Chytroi (Χύτροι)\n|-\n|Clazomenae\n|near İzmir, in Turkey\n|Kilizman\n|Clazomenae (Κλαζομεναί)\n|-\n|Cleonae\n|Argolis, Greece\n|Archaies Kleones\n|Kontostavlos\n|-\n|Cnidus\n|situated on Datça peninsula, southwestern Turkey\n|Tekir\n|Knidos (Κνίδος)\n|-\n|Colosse\n|Phrygia, Asia Minor (modern Turkey)\n|abandoned\n|Κολλοσσαί, Colossae, Chonae, Kona\n|-\n|Corcyra\n|Corfu island, Greece\n|Corfu\n|Κέρκυρα, Κόρκυρα, Corcyra, Corfu, Corfù, Kérkyra\n|-\n|Corcyra Melaena\n|Korčula island, Dalmatia (part of modern Croatia)\n|Korčula\n|Κόρκυρα Μέλαινα, Kórkyra Mélaina, Corcyra Nigra\n|-\n|Corcyra\n|Kirkuk Gοvernorate, Mesopotamia (modern Iraq)\n|Kirkuk\n|Kórkura, Kirkoúk\n|-\n|Corinth\n|Corinthia\n|Corinth\n|\n|-\n|Croton\n|Calabria, southern Italy\n|Crotone\n|Crotona, Cotrone\n|-\n|Cyme\n|Aeolis, Turkey\n|Namurt\n|Kymi, Phriconis\n|-\n|Cyrene\n|near Shahhat, Cyrenaica, Libya\n|abandoned\n|\n|-\n|Cythera\n|Ionian Islands, Greece\n|\n|\n|}\nD\n{| class=\"wikitable\" width=\"100%\"\n| width=\"15%\" bgcolor=\"#FFEBAD\" | Ancient name\n| width=\"20%\" bgcolor=\"#FFEBAD\" | Location\n| width=\"15%\" bgcolor=\"#FFEBAD\" | Modern name\n| width=\"50%\" bgcolor=\"#FFEBAD\" | Also known as\n|-\n|Decelea (Δεκέλεια)\n|Attica, Greece\n|\n|Dekeleia, Dekelia, Deceleia, Decelia, Tatoi\n|-\n|Delos\n|Cyclades, Greece\n|\n|Dhilos (Δήλος)\n|-\n|Delphi\n|Mount Parnassus, Greece\n|\n|\n|-\n|Demetrias\n|Magnesia, northern Greece\n|abandoned\n|Dimitrias\n|-\n|Dicaea\n|Chalcidice, northern Greece\n|abandoned\n|\n|-\n|Dicaea\n|Thrace\n|abandoned\n|\n|-\n|Dicaearchia\n|Campania, Italy\n|Pozzuoli\n|Pezzulo, Puteoli, Pozzuoli\n|-\n|Didyma\n|western Turkey\n|Didim\n|\n|-\n|Dion\n|Mount Olympus, Pieria, northern Greece\n|Dio (Δίο)\n|Dium\n|-\n|Dioscurias\n|Black Sea coast of Abkhazia, Georgia\n|Sukhumi\n|\n|-\n|Dodona\n|Epirus, Greece\n|abandoned\n|Dòdònè (Δωδώνη)\n|-\n|Dorylaion\n|near Eskişehir, Turkey\n|abandoned\n|Dorylaeum\n|-\n|Dyme\n|Achaea, Greece\n|abandoned\n|\n|}\nE\n{| class=\"wikitable\" width=\"100%\"\n| width=\"15%\" bgcolor=\"#FFEBAD\" | Ancient name\n| width=\"20%\" bgcolor=\"#FFEBAD\" | Location\n| width=\"15%\" bgcolor=\"#FFEBAD\" | Modern name\n| width=\"50%\" bgcolor=\"#FFEBAD\" | Also known as\n|-\n|Edessa\n|Pella, northern Greece\n|\n|Voden, Vodine, Vodina, Vudena, Vodena\n|-\n|Edessa\n|Mesopotamia, southern Turkey\n|Şanlıurfa\n|Orrha, Orrhoa, Orhāy, Ourhoï, Urha, Ourha, Er Roha, Ar-Ruha, Orfa, Urfa, Ourfa, Sanli Urfa\n|-\n|Elateia\n|Phocis, Greece\n|\n|\n|-\n|Eleusis\n|Attica, Greece\n|\n|\n|-\n|Eleutherna\n|25&nbsp;km southeast of Rethymno, Crete\n|\n|Apollonia (Ἀπολλωνία)\n|-\n|Emporion\n|Catalonia, Spain\n|Empúries\n|Palaiapolis, Neapolis\n|-\n|Ephesus\n|Ionia, western Turkey\n|Efes\n|\n|-\n|Ephyra\n|Thesprotia, Greece\n|\n|Kichyros - Κίχυρος\n|-\n|Epidamnos\n|coastal Albania\n|Durrës\n|Epidamnos (Επίδαμνος), Dyrhacchion (Δυρράχιον), Dyrrachium, Drach, Drač (Драч), Dıraç. Durazzo\n|-\n|Epidauros\n|Argolis, Greece\n|\n|Epidavros\n|-\n|Eresos\n|Lesbos, Greece\n|Skala Eresou\n|\n|-\n|Eretria\n|Euboea, Greece\n|Eretria\n|Nea Psara (1823-1960)\n|-\n|Erythrae\n|Ionia, western Turkey\n|Ildiri\n|Erythrai (Ἐρυθραί), Litri\n|-\n|Eubea\n|Sicily\n|Licodia Eubea\n|\n|}\nG\n{| class=\"wikitable\" width=\"100%\"\n| width=\"15%\" bgcolor=\"#FFEBAD\" | Ancient name\n| width=\"20%\" bgcolor=\"#FFEBAD\" | Location\n| width=\"15%\" bgcolor=\"#FFEBAD\" | Modern name\n| width=\"50%\" bgcolor=\"#FFEBAD\" | Also known as\n|-\n|Gangra\n|Çankırı, Turkey\n|Çankırı\n|Germanicopolis (Γερμανικόπολις), Germanopolis (Γερμανόπολις), Changra, Kandari, Kanghari\n|-\n|Gaza\n|Gaza Strip, Palestine\n|Gaza\n|\n|-\n|Gela\n|southern Sicily, Italy\n|Gela\n|Terranova di Sicilia\n|-\n|\n|Cyprus\n|Athienou\n|Golgoi (Γόλγοι)\n|-\n|Gonnos\n|Larissa regional unit, Greece\n|Gonnoi\n|Gonni (Γόννοι), Gonnus\n|-\n|Gorgippia\n|Black Sea coast of Krasnodar Krai, Russia\n|Anapa (Ана́па)\n|Sinda\n|-\n|Gournia\n|Crete, Greece\n|\n|\n|-\n|Gortyn\n|Crete\n|destroyed\n|Gortyna (Γόρτυνα, Γόρτυς, or Γόρτυν)\n|-\n|Gythium\n|Laconia, Greece\n|Gytheio\n|Gýtheion (Γύθειον), Gythio, Githio, Yithion\n|-\n|}\nH\n{| class=\"wikitable\" width=\"100%\"\n| width=\"15%\" bgcolor=\"#FFEBAD\" | Ancient name\n| width=\"20%\" bgcolor=\"#FFEBAD\" | Location\n| width=\"15%\" bgcolor=\"#FFEBAD\" | Modern name\n| width=\"50%\" bgcolor=\"#FFEBAD\" | Also known as\n|-\n|Hagios Onouphrios\n|Crete, Greece\n|abandoned\n|\n|-\n|Hagia Triada\n|Crete, Greece\n|Ayias Triadha\n|\n|-\n|Halicarnassus\n|Caria, Turkey\n|Bodrum\n|Halikarnassós, Alikarnassós (Ἁλικαρνασσός), Halikarnas, Petronium (Πετρώνιον)\n|-\n|Halieis\n|Porto Heli, Argolis\n|abandoned\n|\n|-\n|Helike\n|Achaea, Greece\n|submerged\n|\n|-\n|Heliopolis\n|Lebanon\n|Baalbek\n|Heliopolis, Baalbek, Ἡλιούπολις\n|-\n|Hellespontos\n|Turkey\n|Dardanelles\n|\n|-\n|Helorus\n|south-east coast of Sicily\n|abandoned\n|Heloros, Helorum, Elorus, Ἔλωρος, Ἕλωρος, Eloro\n|-\n|Hēmeroskopeion\n|Province of Alicante, Spain\n|Dénia\n|Ἡμεροσκοπεῖον, Dianium\n|-\n|Heraclea Perinthus\n|western Turkey\n|Marmara Ereğli\n|Heraclea Thraciae, Heraclea (Ἡράκλεια), Heraclea\n|-\n|Heraclea\n|Lucania, Italy\n|abandoned\n|Anglona\n|-\n|Heraclea\n|Dalmatian Coast, Hvar\n|Hvar\n|Heraclea, Heracleia, Heraclia\n|-\n|Heraclea by Latmus\n|near Lake Bafa, Muğla Province, Turkey\n|Kapıkırı\n|Latmus, Λάτμος\n|-\n|Heraclea Cybistra\n|near Ereğli, Turkey\n|abandoned\n|\n|-\n|Heraclea Lyncestis\n|Pelagonia, near modern Bitola, North Macedonia\n|abandoned\n|Herakleia Lynkestis\n|-\n|Heraclea Minoa\n|near Montallegro, south coast of Sicily\n|abandoned\n|Hêrakleia Minôia, Rhachlôtês, Heracliensis\n|-\n|Heraclea Pontica\n|Bithynia, Turkey\n|Karadeniz Ereğli\n|\n|-\n|Heraclea Sintica\n|Rupite, Bulgaria\n|abandoned\n|\n|-\n|Heraclea Trachis\n|Central Greece, Greece\n|Heraclea\n|Trachis, Heraclea Trachinia\n|-\n|Hermione\n|Peloponnese, Greece\n|Ermioni (Ερμιόνη)\n|\n|-\n|Hermonassa\n|Taman peninsula, Krasnodar Krai, Russia\n|Tmutarakan (Тмутаракань)\n|\n|-\n|Hierapetra\n|Southern Crete, Greece\n|Ierapetra\n|\n|-\n|Hierapolis\n|Pamukkale, western Turkey\n|abandoned\n|Hierapolis (Ἱεράπολις)\n|-\n|Himera\n|northern coast of Sicily\n|abandoned, site subsequently re-settled\n|Thermae, Therma, Thermae Himerenses\n|-\n|Histria\n|Black Sea coast of Romania\n|abandoned\n|Istros (Ιστριη)\n|-\n|Hubla Minor\n|Sicily, Italy\n|abandoned\n|\n|-\n|Hubla Gereatis\n|southern slope of Mount Etna, Sicily\n|abandoned\n|\n|-\n|Hubla Heraea\n|Hyblaean Mountains, south-eastern Sicily\n|Ragusa\n|Hibla, Heresium, Rogos, Rakkusa\n|-\n|Hyele\n|Campania, Italy\n|Velia\n|Elea\n|-\n|}\nI\n{| class=\"wikitable\" width=\"100%\"\n| width=\"15%\" bgcolor=\"#FFEBAD\" | Ancient name\n| width=\"20%\" bgcolor=\"#FFEBAD\" | Location\n| width=\"15%\" bgcolor=\"#FFEBAD\" | Modern name\n| width=\"50%\" bgcolor=\"#FFEBAD\" | Also known as\n|-\n|Ialysos\n|Rhodes\n|\n|\n|-\n|Iasus\n|Caria, south-west Turkey\n|abandoned\n|Iassus (Iασoς, Iασσoς), Askem, Asýn Kalessi\n|-\n|Idalium\n|Cyprus\n|Dali\n|Idalion (Ιδάλιον)\n|-\n|Imbros\n|Greek island in northern Aegean Sea\n|Gökçeada\n|İmroz, Imvros (Ίμβρος)\n|-\n|Iolcus\n|Thessaly, eastern Greece\n|\n|Iolkos (Ιωλκός)\n|-\n|Issa\n|Vis, Croatia\n|Vis\n|Vis, Lissa, Issa (Ἴσσα)\n|-\n|Itanos\n|North-eastern Crete\n|Erimopolis\n|\n|-\n|Ithaca\n|island in the Ionian Sea\n|Ithaka, Ithaki, (Ιθάκη)\n|\n|}\nJ\n{| class=\"wikitable\" width=\"100%\"\n| width=\"15%\" bgcolor=\"#FFEBAD\" | Ancient name\n| width=\"20%\" bgcolor=\"#FFEBAD\" | Location\n| width=\"15%\" bgcolor=\"#FFEBAD\" | Modern name\n| width=\"50%\" bgcolor=\"#FFEBAD\" | Also known as\n|-\n|Juktas\n|Crete, Greece\n|\n|\n|}\nK\n{| class=\"wikitable\" width=\"100%\"\n| width=\"15%\" bgcolor=\"#FFEBAD\" | Ancient name\n| width=\"20%\" bgcolor=\"#FFEBAD\" | Location\n| width=\"15%\" bgcolor=\"#FFEBAD\" | Modern name\n| width=\"50%\" bgcolor=\"#FFEBAD\" | Also known as\n|-\n|Kaiete\n|Campania, Italy\n|Gaeta\n|Caiete, Caieta, Kaieta\n|-\n|Kallipolis\n|Caria, south-western Turkey\n|\n|\n|-\n|Kallipolis\n|Hellespont, north-western Turkey\n|Gelibolu\n|Gallipoli\n|-\n|Kallipolis\n|Apulia, southern Italy\n|Gallipoli\n|Callipolis\n|-\n|Kalos Limen\n|Crimea, Ukraine\n|Chornomorske\n|\n|-\n|Kamares\n|Crete, Greece\n|\n|\n|-\n|Kameiros\n|Rhodes, Greece\n|\n|\n|-\n|Kannia\n|Crete, Greece\n|\n|\n|-\n|Kamarina\n|south-eastern coast of Sicily\n|abandoned\n|Camarina, Kamerina\n|-\n|Kasmenai\n|Hyblaean Mountains, south-eastern Sicily\n|abandoned (Buscemi)\n|Casmenae, Casmene, Kasmenai, Kasmene, Κασμέναι (Kasménai), Κασμένη (Kasménē)\n|-\n|Katane\n|east coast of Sicily\n|Catania\n|Katánē (Κατάνη), Catăna, Catĭna, Balad-al-Fil, Medinat-al-Fil, Wadi Musa, Qataniyah\n|-\n|Kerkinitida\n|Crimea, Ukraine\n|Yevpatoria\n|Eupatoria (Євпаторія, Евпатория), Kezlev, Kerkinitis, Gözleve\n|-\n|Kepoi\n|Taman Peninsula, Krasnodar Krai, Russia\n|abandoned, submerged\n|Cepoi (Κήποι, Кепы)\n|-\n|Kimmerikon\n|Kerch Peninsula, Crimea\n|abandoned\n|Cimmericum Crimea\n|-\n|Kios\n|Sea of Marmara, Bithynia, north-western Turkey\n|abandoned\n|Cius-Kios (Kίος, Kείος), Keios, Prusa, Prusias, Prusias ad Mare\n|-\n|Klazomenai\n|Ionia, Western Turkey\n|Urla\n|Clazomenae\n|-\n|Knidos\n|Caria\n|\n|\n|-\n|Knossos\n|Crete\n|abandoned\n|Knossus, Cnossus (Κνωσός)\n|-\n|Kommos\n| Crete, Greece\n| Kommos is the modern name; ancient name unknown\n| Komos, Komo\n|-\n|Korinthos\n|Korinthia, Greece\n|Archea Korinthos\n|\n|-\n|Kos\n|island of the Dodecanese, off Bodrum\n|\n|Cos (Κως), İstanköy, Coo, Stanchio\n|-\n|Kourion\n|Cyprus\n|\n|Curium, Curias (Κούριον)\n|-\n|Kúmē\n|Campania, Italy\n|abandoned\n|\n|-\n|Kydonia\n| Crete, Greece\n| Chania\n| Cydonia\n|-\n|Kynos\n|Boeotia, Greece\n|Livanates\n|Cynus, Kunos\n|-\n|Kyrenia\n|Cyprus\n|\n|Girne\n|}\nL\n{| class=\"wikitable\" width=\"100%\"\n| width=\"15%\" bgcolor=\"#FFEBAD\" | Ancient name\n| width=\"20%\" bgcolor=\"#FFEBAD\" | Location\n| width=\"15%\" bgcolor=\"#FFEBAD\" | Modern name\n| width=\"50%\" bgcolor=\"#FFEBAD\" | Also known as\n|-\n|Lamia\n|central Greece\n|\n|Zetounion (Ζητούνιον), Zitouni (Ζητούνι), Zirtounion, Zitonion, Girton, El Cito\n|-\n|Lampsacus\n|Troad, Turkey\n|Lapseki\n|Lampsakos (Λάμψακος), Pityusa, Pityussa, Pituousa (Πιτυουσα), Pituoussa (Πιτυουσσα)\n|-\n|Laodicea in Syria\n|Syrian coast\n|Latakia\n|Laodicea ad Mare, Latakiyah, Al-Ladhiqiyah, Laodikeia, Laodiceia, Lazkiye, Laodicea ad Mare\n|-\n|Laodicea on the Lycus\n|Lydia, Turkey\n|destroyed\n|Diospolis, Rhoas, Claudiolaodicea, Laodicea ad Lycum, Laodiceia, Laodikeia\n|-\n|Laodicea in Media\n|western Iran\n|Nahavand\n|Laodicea in Persis, Antiochia Nahavand, Nahāvand (نهاوند), Nahavend, Nahawand, Nehavand, Nihavand, Nehavend, Mah-Nahavand, Laodicea (Λαοδικεια), Ladhiqiyya, Laodiceia, Laodikeia, Laodicea in Media, Antiochia in Persis, Antiochia of Chosroes (Αντιόχεια του Χοσρόη), Antiochia in Media (Αντιόχεια της Μηδίας), Nemavand, Niphaunda\n|-\n|Laodicea Combusta\n|Lycaonia, Turkey\n|abandoned\n|Laodicea Catacecaumene, Laodiceia, Laodikeia, Laodikeia Katakekaumenê, Claudiolaodicea\n|-\n|Laodicea ad Libanum\n|Coele-Syria\n|abandoned\n|Laodiceia, Laodikeia, Cabrosa, Scabrosa, Cabiosa Laodiceia\n|-\n|Laodicea\n|Arcadia, Greece\n|\n|Laodiceia, Laodikeia\n|-\n|Laodicea Pontica\n|Pontus, north-eastern Turkey\n|\n|Laodiceia and Laodikeia\n|-\n|Laodicea\n|Mesopotamia, Iraq\n|lost\n|Laodikeia, Laodiceia\n|-\n|Laodicea in Phoenicia\n|Lebanon\n|Beirut\n|Laodicea in Canaan, Berytus\n|-\n|Lapithos\n|Cyprus\n|\n|Lapta\n|-\n|Larissa\n|Thessaly, Greece\n|\n|Lárisa\n|-\n|Larissa\n|Troad, Turkey\n|abandoned\n|\n|-\n|Lato\n|Crete, Greece\n|\n|\n|-\n|Laüs\n|Lucania, southern Italy\n|abandoned\n|Laus, Laos (Λᾶος)\n|-\n|Lebena\n|Crete, Greece\n|\n|\n|-\n|Lefkada\n|island in the Ionian Sea\n|\n|\n|-\n|Lekhaion\n|Corinthia, Greece\n|\n|\n|-\n|Leibethra\n|Central Macedonia, near modern Skotina, Greece\n|\n|\n|-\n|Leontinoi\n|southeastern Sicily\n|Lentini\n|Lintini, Leontinoi, Leontini and Leontium\n|-\n|Lepreum\n|Elis, Greece\n|abandoned\n|Lepreon, Lepreus\n|-\n|Lessa\n|Epidauria, Greece\n|abandoned\n|\n|-\n|Lilaea\n|Boeotia, Greece\n|Lilaea\n|\n|-\n|Lindus\n|Rhodes\n|Lindos\n|\n|-\n|Lissus\n|Crete, Greece\n|abandoned\n|\n|-\n|Lychnidos\n|Southwestern Region, North Macedonia\n|Ohrid\n|\n|-\n|Epizephyrian Locris\n|Calabria, southern Italy\n|destroyed\n|Locri\n|}\nM\n{| class=\"wikitable\" width=\"100%\"\n| width=\"15%\" bgcolor=\"#FFEBAD\" | Ancient name\n| width=\"20%\" bgcolor=\"#FFEBAD\" | Location\n| width=\"15%\" bgcolor=\"#FFEBAD\" | Modern name\n| width=\"50%\" bgcolor=\"#FFEBAD\" | Also known as\n|-\n|Madytos\n|Eceabat (Town)\n|abandoned\n|Maitos, Madyta,\n|-\n|Magnesia on the Maeander\n|Ionia, western Turkey, on the Maeander river\n|abandoned\n|Magnesia ad Maeandrum\n|-\n|Magnesia ad Sipylum\n|Lydia, western Turkey\n|Manisa\n|Magnesia on the Sipylum\n|-\n|Malia\n|Crete, Greece\n|\n|\n|-\n|Mantineia\n|Arcadia, Greece\n|abandoned\n|Mantinea, Antigonia (Αντιγόνεια)\n|-\n|Marathon\n|Attica, Greece\n|\n|Marathónas (Μαραθώνας), Marathōn (Μαραθών)\n|-\n|Marmara\n|Balıkesir, Western Turkey\n|Marmara\n|\n|-\n|Maroneia\n|Maroneia, Eastern Thrace\n|Maroneia\n|Maronya\n|-\n|Masis\n|Epidauria, Greece\n|Kranidi\n|\n|-\n|Massalia\n|southern France\n|Marseille\n|Massilia\n|-\n|Megalopolis\n|Arcadia, Greece\n|\n|Sinanou (Σινάνο)\n|-\n|Megara\n|Attica, Greece\n|\n|\n|-\n|Megara Hublaea\n|near Augusta, eastern Sicily\n|destroyed\n|\n|-\n|Mesembria\n|Black Sea coast of Bulgaria\n|Nesebar\n|Menebria, Mesimvria (Μεσήμβρια), Mesimvria\n|-\n|Messene\n|southern Greece\n|\n|\n|-\n|Metapontum\n|Lucania, southern Italy\n|abandoned\n|Metapontium (Μεταπόντιον)\n|-\n|Methana\n|Epidauria, Greece\n|Vathy\n|\n|-\n|Methone\n|Central Macedonia, Greece\n|abandoned\n|\n|-\n|Methone\n|Messenia, southern Greece\n|\n|Mothoni (Μοθώνη), Modon\n|-\n|Methumna\n|Lesbos, in the Aegean Sea\n|\n|Mithymna (Μήθυμνα), Molyvos, Molivos\n|-\n|Miletos\n|Aydin, Turkey, Balat\n|abandoned\n|Milētos, Millawanda, Milawata, Miletus, Milet\n|-\n|Misenum\n|Campania, Italy\n|Miseno\n|\n|-\n|Mochlos\n|Crete, Greece\n|\n|\n|-\n|Monastiraki\n|Crete, Greece\n|abandoned\n|\n|-\n|Morgantina\n|central Sicily\n|abandoned\n|Murgantia, Morgantium, Μοργάντιον, Μοργαντίνη, Murgentia, Morgentia\n|-\n|Mulai\n|Sicily, Italy\n|Milazzo\n|\n|-\n|Mukenai\n|north-eastern Argolis, near Mykines\n|abandoned\n|Mykēnē, Mykēnai\n|-\n|Mylasa\n|Caria, south-western Turkey\n|Milas\n|\n|-\n|Myndus\n|Caria, western Turkey\n|Gümüşlük\n|Myndos (Μύνδος)\n|-\n|Myonia\n|Phocis, Greece\n|Agia Efthymia\n|Myania, Mynia\n|-\n|Myra\n|Lycia, Turkey\n|Demre\n|Kale\n|-\n|Myrmekion\n|Crimea, Ukraine\n|abandoned\n|Myrmēkion (Μυρμηκιων, Мирмекий)\n|-\n|Mutilene\n|Lesbos, in the Aegean Sea\n|\n|\n|-\n|Myos\n|Ionia, Anatolia\n|abandoned\n|\n|}\nN\n{| class=\"wikitable\" width=\"100%\"\n| width=\"15%\" bgcolor=\"#FFEBAD\" | Ancient name\n| width=\"20%\" bgcolor=\"#FFEBAD\" | Location\n| width=\"15%\" bgcolor=\"#FFEBAD\" | Modern name\n| width=\"50%\" bgcolor=\"#FFEBAD\" | Also known as\n|-\n|Nauplíos\n|Nafplio, Argolis\n|Nafpion\n|Nafpio, Nauplia, Navplion, Naupliē, Nauplia, Náfplion, Anáplion, Anáplia, Napoli di Romania, Mora Yenişehir, Anabolı, Yeni şehir, Náfplion\n|-\n|Naucratis\n|Nile Delta, Egypt\n|\n|Naukratis (Ναύκρατις)\n|-\n|Naupactus\n|Aetolia-Acarnania, Greece\n|\n|Nafpaktos (Ναύπακτος, Έπαχτος), Naupactos, İnebahtı, Lepanto\n|-\n|Naxos\n|Crete\n|abandoned\n|\n|-\n|Naxos\n|Sicily\n|Giardini Naxos\n|Giaddini\n|-\n|Neapoli\n|northern Greece\n|Kavala\n|Christoupolis, Morunets\n|-\n|Neapolis\n|Pallene, Chalcidice, Greece\n|Polychrono\n|Polyhrono, Polichrono, Polihrono (Πολύχρονο), Polyhronon, Polihronon\n|-\n|Neapolis\n|Apulia, Italy\n|Polignano a Mare\n|-\n|Neapolis\n|Campania, Italy\n|Naples\n|Napoli, Napule\n|-\n|Nemea\n|Archaia Nemea, Argolis\n|abandoned\n|\n|-\n|Nicaea\n|Bithynia, north-western Turkey\n|Iznik\n|Ancore, Helicore, Antigoneia (Αντιγόνεια), Nikaia, Nicæa\n|-\n|Nicaea\n|southern France\n|Nice\n|Niça, Nissa, Nizza, Nizza Marittima\n|-\n|Nicopolis\n|Epirus, Greece\n|abandoned\n|Actia Nicopolis, Palaia Preveza\n|-\n|Nikonion\n|Dniester Estuary near Ukrainian Black Sea coast\n|Roksolany\n|\n|-\n|Nirou Hani\n|Crete, Greece\n|Minoan city\n|\n|-\n|Nymphaion\n|Crimea, Ukraine\n|\n|Nymphaeum\n|-\n|Nymphaion\n|Illyria, Albania\n|\n|Nymphaeum\n|-\n|Nysa\n|western Turkey\n|abandoned\n|\n|}\nO\n{| class=\"wikitable\" width=\"100%\"\n| width=\"15%\" bgcolor=\"#FFEBAD\" | Ancient name\n| width=\"20%\" bgcolor=\"#FFEBAD\" | Location\n| width=\"15%\" bgcolor=\"#FFEBAD\" | Modern name\n| width=\"50%\" bgcolor=\"#FFEBAD\" | Also known as\n|-\n|Oenoe (Οινόη)\n|northern Turkey\n|Ünye\n|Oene\n|-\n|Oenoe\n|Argolis, Greece\n|\n|Oene\n|-\n|Oenoe\n|Attica, Greece\n|\n|Oene\n|-\n|Oenus\n|Laconia, Greece\n|\n|\n|-\n|Odessos\n|coastal Bulgaria\n|Varna\n|\n|-\n|Olbia\n|Sardinia\n|\n|Civita, Terranova Pausania\n|-\n|Olbia\n|Ukrainian Black Sea coast\n|abandoned\n|Pontic Olbia, Olvia\n|-\n|Olous\n|near Elounda, Crete\n|drowned\n|Olus (Ὄλους, Ὄλουλις)\n|-\n|Olympia\n|Elis, Greece\n|abandoned\n|Olympí'a (Ολυμπία), Olýmpia (Ολύμπια), Olimpia, Olimbia\n|-\n|Olynthus\n|Chalcidice, northern Greece\n|destroyed\n|\n|-\n|Opus\n|Boeotia, Greece\n|Atalanti\n|Opous\n|-\n|Orchomenus\n|Arcadia, Greece\n|Orchomenos near Levidi\n|Kalpaki (Médiéval name)\n|-\n| Orchomenus\n| Boeotia, Greece\n|\n|\n|-\n|Oricos\n|Illyria/Epirus, near Vlorë, Albania\n|abandoned\n|\n|-\n|Orestias\n|Turkish Thrace\n|abandoned\n|\n|-\n|Oreus\n|northern Euboea\n|\n|\n|-\n|Oropus\n|Attica, Greece\n|\n|Oropos (Ωρωπός)\n|-\n|Onchesmos\n|Epirus, southern Albania\n|Sarandë\n|Anchiasmos, Άγιοι Σαράντα, Agioi Saranda, Turkish: Aya Sarandi\n|}\nP\n{| class=\"wikitable\" width=\"100%\"\n| width=\"15%\" bgcolor=\"#FFEBAD\" | Ancient name\n| width=\"20%\" bgcolor=\"#FFEBAD\" | Location\n| width=\"15%\" bgcolor=\"#FFEBAD\" | Modern name\n| width=\"50%\" bgcolor=\"#FFEBAD\" | Also known as\n|-\n|Pactye\n|Thracian Chersonesos, Turkey\n|abandoned\n|\n|-\n|Pagasae\n|Magnesia, central Greece\n|Platanos, central Greece\n|\n|-\n|Palaikastro\n|Crete, Greece\n|Minoan city\n|\n|-\n|Pandosia\n|Epirus, Greece\n|abandoned\n|\n|-\n|Pandosia\n|Bruttium, Italy\n|castellibero\n|castrofranco\n|-\n|Pandosia\n|Lucania, Italy\n|abandoned\n|\n|-\n|Panticapaeum\n|Taurica, eastern Crimea, Ukraine\n|Kerch\n|Pantikápaion |Παντικάπαιον\n|-\n|Paphos\n|Cyprus\n|\n|\n|-\n|Parium\n|Mysia, Hellespont\n|Kemer (Town)\n|Parion, Adrasteia, Adrastea\n|-\n|Paros\n|Greek island in Aegean Sea\n|Paros\n|Plateia, Pactia, Demetrias, Strongyli, Hyria, Hyleessa, Minoa, Cabarnis\n|-\n|Parthenope\n|Port of Neapolis, Campania\n|Naples\n|\n|-\n|Patrae\n|Achaea, Greece\n|Patrai\n|Pátra (Πάτρα) Patrae\n|-\n|Pavlopetri\n|Laconia, Greece\n|submerged\n|\n|-\n|Pegai\n|Megaris, Greece\n|abandoned\n|\n|-\n|Peiraieús\n|Attica, Greece\n|Piraeus\n|Peiraiás, Peiraieús (Πειραιεύς)\n|-\n|Pella\n|Central Macedonia, Greece\n|abandoned\n|\n|-\n|Percote\n|Asian Hellespont, Northeast of Troy\n|abandoned\n|Percope\n|-\n|Perga\n|15&nbsp;km east of Antalya, Turkey\n|abandoned\n|-\n|Pergamum\n|Mysia, Turkey\n|Bergama\n|Pergamon (Πέργαμος)\n|-\n|Petsofas\n|Crete, Greece\n|Minoan city\n|\n|-\n|Phaistos\n|Crete, Greece\n|\n|\n|-\n|Phálēron\n|Attica, Greece\n|Palaio Faliro\n|Phaleron, Phalerum\n|-\n|Phanagoria\n|Cimmerian Bosporus, Ukraine\n|abandoned\n|Matrega\n|-\n|Pharae\n|\n|\n|\n|-\n|Pharae (Messenia)\n|\n|\n|\n|-\n|Pharnacia\n|northern Turkey\n|Giresun\n|\n|-\n|Pharos\n|Croatian island\n|Hvar\n|Hvor, For, Pharina, Lesina\n|-\n|Phaselis\n|Lycia, Turkey\n|abandoned\n|\n|-\n|Phasis\n|Samegrelo-Zemo Svaneti, Georgia\n|Poti\n|\n|-\n| Philippi\n| Eastern Macedonia and Thrace, near Kavala, Greece\n| Filippoi\n|\n|-\n|Pithekussa\n|island in Tyrrhenian Sea, Italy\n|Ischia\n|\n|-\n|Philippopolis\n|southern Bulgaria\n|Plovdiv\n|Pulpudeva (reconstructed Thracian, uncertain), Eumolpias, Philippoupoli, Philippoupolis (Φιλιππούπολη, Φιλιππούπολις), Trimontium, Paldin (Пълдин). Plavdiv (Плъвдив), Filibe\n|-\n|Platanos\n|Crete, Greece\n|Minoan city\n|\n|-\n|Phlius\n|Argolid, Greece\n|abandoned\n|\n|-\n|Pherae\n|Thessaly, Greece\n|abandoned\n|\n|-\n|Pherae (Aetolia)\n|\n|\n|\n|-\n|Phocaea\n|western Turkey\n|Foça\n|Phokaia (Φώκαια)\n|-\n|Phoenice\n|Chaonia, southern Albania\n|Finiq\n|\n|-\n|Pinara\n|Lycia, Turkey\n|abandoned\n|Pilleñni (τὰ Πίναρα)\n|-\n|Pisa\n|Elis, Greece\n|\n|\n|-\n|Pitane\n|Çandarlı, Turkey\n|abandoned\n|\n|-\n|Pitiunt\n|Abkhazia, Black Sea coast\n|Pitsunda\n|Bichvinta, Pezonda\n|-\n|Pixous\n|Campania, Italy\n|Policastro Bussentino\n|Pixunte\n|-\n|Plataea\n|Boeotia, Greece\n|destroyed\n|Plataeae\n|-\n|Poseidonia\n|Campania, Italy\n|Paestum\n|Paestum\n|-\n|Potidaea\n|Chalcidice, Greece\n|Nea Poteidaia\n|Potidaia (Ποτίδαια), Potidea\n|-\n|Priapus\n|Canakkale, western Turkey\n|Karabiga\n|\n|-\n|Priene\n|Ionia, western Turkey\n|abandoned\n|\n|-\n|Prousa\n|north-western Turkey\n|Bursa\n|Prussa (Προύσα), Brusa\n|-\n|Pseira\n|Crete, Greece\n|Minoan city\n|\n|-\n|Psychro\n|Crete, Greece\n|Minoan city\n|\n|-\n|Pteleum\n|Thessaly, Greece\n|destroyed\n|\n|-\n|Pydna\n|Central Macedonia, Greece\n|Pydna\n|Púdna (Πύδνα)\n|-\n|Pylos\n|western Peloponnese, Greece\n|\n|Pílos (Πύλος), Navarino, Avarino (Αβαρίνος), Zonklon, Anavarin, Neokastron, Avarmus, Abarinus, Albarinos, Albaxinus, Avarinos, Coryphasium, Iverin, Nelea, Port de Jonc, Porto Giunco, Zunchio.\n|-\n|Pyrgos\n|Black Sea coast of Bulgaria\n|Burgas\n|\n|-\n|Pyrgos\n|Northern Crete, Greece\n|Minoan city\n|\n|}\nR\n{| class=\"wikitable\" width=\"100%\"\n| width=\"15%\" bgcolor=\"#FFEBAD\" | Ancient name\n| width=\"20%\" bgcolor=\"#FFEBAD\" | Location\n| width=\"15%\" bgcolor=\"#FFEBAD\" | Modern name\n| width=\"50%\" bgcolor=\"#FFEBAD\" | Also known as\n|-\n|Rhamnus\n|northern Attica, Greece\n|abandoned\n|Rhamnous\n|-\n|Rhegion (Ρήγιoν)\n|\"toe of Italy\", Calabria, southern Italy\n|Reggio Calabria\n|Erythrà (Ερυθρά), Rhegium Julium\n|-\n|Rhithymna\n|Northern Crete, Greece\n|Rethymon\n|\n|-\n|Rhode\n|Catalonia, Spain\n|Roses, Girona\n|-\n|Rhodes\n|Rhodes, Greece\n|\n|Ródos (Ρόδος),\n|-\n|Rhypes, (Ῥύπες)\n|Achaia, Greece\n|destroyed\n|\n|-\n|Rizinia\n|Crete\n|abandoned\n|Prinias, Rize, Rhizenia\n|}\nS\n{| class=\"wikitable\" width=\"100%\"\n| width=\"15%\" bgcolor=\"#FFEBAD\" | Ancient name\n| width=\"20%\" bgcolor=\"#FFEBAD\" | Location\n| width=\"15%\" bgcolor=\"#FFEBAD\" | Modern name\n| width=\"50%\" bgcolor=\"#FFEBAD\" | Also known as\n|-\n|Salamis\n|Cyprus\n|abandoned\n|\n|-\n|Same (Σάμη)\n|island in the Ionian Sea, Greece\n|\n|\n|-\n|Samos\n|in the island with the same name, Greece\n|\n|\n|-\n|Scyllaeum\n|Calabria, Italy\n|Scilla\n|\n|\n|-\n|Scolacium (Σκυλλήτιον)\n|near Catanzaro, Calabria, Italy\n|Squillace\n|\n|\n|-\n|Selinus\n|south-west coast of Sicily, Italy\n|abandoned-Marinella di Selinunte\n|Selinunte\n|-\n|Seleucia Pieria (Σελεύκεια Πιερία)\n|south-eastern Turkey\n|Çevlik\n|Seleukia Pieria, Seleukia\n|-\n|Semasus\n|Paphlagonia, northern Turkey\n|Amasra\n|Cromna, Amastris\n|-\n|Sestos\n|[https://www.google.com/maps/place/TABYALAR/@40.2172868,26.3873168,15z/data=!4m5!3m4!1s0x14b1a7bf91908543:0x71d4d796a82a89e4!8m2!3d40.2172868!4d26.3938755 Eceabat], Turkey, North of Abydos\n|\n|Sestus\n|-\n|Scidrus (Σκίδρος)\n|Lucania, Italy\n|location uncertain\n|\n|-\n|Sicyon (Σικυών)\n|northern Peloponnese, Greece\n|abandoned\n|\n|-\n|Side\n|Pamphylia, Turkey\n|abandoned\n|Eski Adalia, Old Antalya\n|-\n|Sidon\n|Lebanon\n|Sidon\n|Σιδών, Sidon, Saïda\n|-\n|Siteia\n|Crete, Greece\n|\n|\n|-\n|Sinope (Σινώπη)\n|Paphlagonia, northern Turkey\n|Sinop\n|\n|-\n|Siris\n|Central Macedonia, Greece\n|Serres\n|Serrai (Katharevousa), Serras (local dialect, archaic form), Sirra (Roman era and Theopompus), Serez or Siroz (in Turkish), Ser (in Serbian and Bulgarian), Syar (in Bulgarian)\n|-\n|Sklavokampos\n|Crete, Greece\n|\n|\n|-\n|Smyrna\n|near İzmir, western Turkey\n|abandoned\n|Old Smyrna\n|-\n|Soli\n|Cyprus\n|abandoned\n|Soloi\n|-\n|Sozopolis\n|Pisidia, Turkey\n|abandoned\n|Apollonia\n|-\n|Sparta\n|southern part of the Peloponnese, Greece\n|Sparti\n|Lakedaimon (Λακεδαίμων), Lakedaimonia (Λακεδαιμωνία), Σπάρτα, Σπάρτη, Spartē.\n|-\n|Stagirus\n|Chalcidice, Greece\n|abandoned\n|Stageira (Στάγειρα), Stagira (Στάγιρα), Stagiros (Στάγιρος), Stageiros (Στάγειρος)\n|-\n|Stratos\n|Western Greece\n|Stratos\n|\n|-\n|Stymphalos\n|Corinthia, Greece\n|Stymfalia\n|\n|-\n|Sybaris\n|near Sibari, Gulf of Taranto, Italy\n|destroyed\n|\n|-\n|Syrakousai\n|east-coast of Sicily, Italy\n|Syracuse\n|Siracusai, Aretusa.\n|}\nT\n{| class=\"wikitable\" width=\"100%\"\n| width=\"15%\" bgcolor=\"#FFEBAD\" | Ancient name\n| width=\"20%\" bgcolor=\"#FFEBAD\" | Location\n| width=\"15%\" bgcolor=\"#FFEBAD\" | Modern name\n| width=\"50%\" bgcolor=\"#FFEBAD\" | Also known as\n|-\n|Taras (Τάρᾱς)\n|southern Italy\n|Taranto\n|Tarentum, Tarantas (Τάραντας)\n|-\n|Tanagra\n|Boeotia, Greece\n|\n|Poimandria\n|-\n|Tanais\n|north-eastern Sea of Azov, Russia\n|\n|Tánaïs (Τάναϊς)\n|-\n|Tauromenion (Ταυρομένιον)\n|east coast of Sicily\n|Taormina\n|Taurmina, Tauromenium\n|-\n|Tegea\n|Arcadia, Greece\n|Alea\n|\n|-\n|Temnos\n|Aeolis, Turkey\n|abandoned\n|\n|-\n|Tenedos\n|Turkish island in northern Aegean Sea\n|Bozcaada\n|Bozca ada, Tenedhos (Τένεδος)\n|-\n|Tenea\n|Corinthia, Peloponnese\n|Municipal unit of Tenea\n|-\n|Teos (Τέως)\n|Ionia, western Turkey\n|abandoned\n|Teo\n|-\n|Termessos (Τερμησσός)\n|Ionia, western Turkey\n|abandoned\n|Termissós\n|-\n|Thapsos\n|Sicily, Italy\n|abandoned\n|\n|-\n|Thassos (Θάσος)\n|Eastern Macedonia and Thrace, Greece\n|Thassos\n|Limenas, Λιμένας\n|-\n|Thebes\n|Boeotia, Greece\n||Thēbai (Θῆβαι), Thiva (Θήβα)\n|-\n|Theodosia (Θεοδοσία)\n|Crimea, Ukraine\n|Feodosia (Феодосія, Феодосия)\n|Kefe, Feodosia\n|-\n|Therma\n|Mygdonia, Central Macedonia, Greece\n|Thessaloniki\n|Therme (Θέρμα, Θέρμη)\n|-\n|Thespiae\n|Boeotia, Greece\n|abandoned\n|Thespiai (Θεσπιαι)\n|-\n|Thronium\n|Illyria/Epirus, near Vlorë, Albania\n|abandoned\n|Thronium\n|-\n|Thoricus\n|southern Attica, Greece\n|abandoned\n|Thorico\n|-\n|Thurii (Θούριοι)\n|Magna Graecia, southern Italy\n|abandoned\n|Thurium (Θούριον), Copia, Copiae, Turios, Thurio Magna Graecia\n|-\n|Thyreum\n|\n|\n|\n|-\n|Thyria\n|South of İzmir, Turkey\n|Tire\n|\n|-\n|Tiruns\n|Argolis, Peloponnese\n|abandoned\n|\n|-\n|Tithoraea\n|Boeotia, Greece\n|Kato Tithorea\n|\n|-\n|Tomis\n|Black Sea coast of Romania\n|Constanţa\n|Konstantia, Köstence\n|-\n|Toróne\n|Chalcidice, Greece\n|Toroni\n|\n|-\n|Tragurion\n|Dalmatian coast, Croatia\n|Trogir\n|Traù, Tragurium, Trau\n|-\n|Trapeze\n|Crete, Greece\n|\n|\n|-\n|Trapezus, Arcadia\n|Black Sea coast of north-eastern Turkey\n|Trabzon\n|Trapezounta (Τραπεζούντα)\n|-\n|Tripolis (Τρίπολις)\n|Lebanon\n|Tripoli\n|\n|-\n|Tripolis (Τρίπολις)\n|Libya\n|Tripoli\n|\n|-\n|Tripolis (Τρίπολις)\n|Pontus, north-eastern Turkey\n|Tirebolu\n|Ischopolis\n|-\n|Tripolis (Τρίπολις)\n|Thessaly, Greece\n|\n|Tripolis Larisaia\n|-\n|Tripolis (Τρίπολις)\n|Phrygia\n|abandoned\n|Neapolis, Apollonia, Antoninopolis\n|-\n|Troizen (Τροιζήν)\n|northeastern Peloponnese, Greece\n|abandoned\n|Troizina, Trizina\n|-\n|Troliton\n|Sicily, Italy\n|abandoned\n|\n|-\n|Troy\n|Dardanelles, north-eastern Turkey\n|Truva\n|Troia (Τροία), Ilion (Ἴλιον), Īlium, Wilusa, Truwisa, Hisarlık\n|-\n|Tylissos\n|Crete, Greece\n|\n|\n|-\n|Tyras\n|Dniester Estuary near Ukrainian Black Sea coast\n|Bilhorod-Dnistrovskyi\n|Maurokastron, Bilhorod, Cetatea Albă, Moncastro, Akkerman\n|-\n|Tyros\n|Lebanon\n|Tyre\n|Τύρος, Tyre, Sur\n|-\n|Tyritake (Τυριτάκη)\n|Crimea, Cimmerian Bosporus\n|abandoned\n|\n|}\nV\n{| class=\"wikitable\" width=\"100%\"\n| width=\"15%\" bgcolor=\"#FFEBAD\" | Ancient name\n| width=\"20%\" bgcolor=\"#FFEBAD\" | Location\n| width=\"15%\" bgcolor=\"#FFEBAD\" | Modern name\n| width=\"50%\" bgcolor=\"#FFEBAD\" | Also known as\n|-\n|Vasiliki\n|Minoan city in Crete, Greece\n|\n|\n|-\n|Vathypetros\n|Minoan city in Crete, Greece\n|\n|\n|}\nZ\n{| class=\"wikitable\" width=\"100%\"\n| width=\"15%\" bgcolor=\"#FFEBAD\" | Ancient name\n| width=\"20%\" bgcolor=\"#FFEBAD\" | Location\n| width=\"15%\" bgcolor=\"#FFEBAD\" | Modern name\n| width=\"50%\" bgcolor=\"#FFEBAD\" | Also known as\n|-\n|Zakynthos\n|Zante\n|\n|\n|-\n|Zakros\n|Crete, Greece\n|Minoan city\n|Zakro\n|-\n|Zankle\n|Strait of Messina, Sicily, Italy\n|Messina\n|Messene, Messana\n|}\nSee also\n* Greek colonisation\n* Adjectival and demonymic forms of regions in Greco-Roman antiquity\n* List of cities in ancient Epirus\n* Greek cities in Thrace and Dacia\n* Greek cities in Illyria\n* Towns of ancient Greece\n* List of cities in ancient Acarnania\n*Regions of ancient Greece\nReferences"
    }
  ]
}