{
  "content": [
    {
      "type": "text",
      "text": "# List of counties of the United Kingdom\n\nThis is a list of the counties of the United Kingdom. The history of local government in the United Kingdom differs between England, Northern Ireland, Scotland and Wales, and the subnational divisions within these which have been called counties have varied over time and by purpose. The county has formed the upper tier of local government over much of the United Kingdom at one time or another, and has been used for a variety of other purposes, such as for Lord Lieutenants, land registration and postal delivery. This list of 184 counties is split by constituent country, time period and purpose.\n{| class=\"wikitable\"\n!Colour key in tables below\n|-\n|\n|-\n|\n|}\nEngland\nChanges between the 1990s and 2009 subdivided the short-lived non-metropolitan counties of Cleveland and Humberside into unitary authorities, but the former county names continue for fire services and police forces (see ). Similarly the short-lived county of Avon provides part of the area and name of Avon and Somerset Police and its area is roughly that of the Avon Fire and Rescue Service.\nThe historic counties of Yorkshire, Cumberland, Westmorland, Huntingdonshire and Middlesex are the five defunct ceremonial counties which were historically counties. With their abolition as ceremonial counties, Yorkshire is divided for that purpose into the East Riding of Yorkshire, North Yorkshire, South Yorkshire and West Yorkshire. Cumberland and Westmorland were combined with a former exclave of Lancashire to form Cumbria, Huntingdonshire merged into Cambridgeshire, and the vastly greater part of Middlesex became part of Greater London.\nContemporary reference to the Isle of Ely and nearby Soke of Peterborough has been very rare since the early 20th century and they have scant public resonance. The counties in italics below are neither ceremonial nor historic.\nThe list does not include the 61 county boroughs (1889–1974) or the 18 counties corporate (before 1889), each of which was an administrative county for a single town or city, within a larger \"county-at-large\".\n{| class=\"wikitable sortable\"\n! rowspan=\"2\" | County\n! rowspan=\"2\" | Currentceremonial\n! colspan=\"2\" | From 1974\n! rowspan=\"2\" | Postal1974–1996\n! colspan=\"2\" | 1889–1974\n! rowspan=\"2\" | Before 1889\n|-\n! Metropolitan\n! Non-metropolitan\n! County\n! Administrative\n|-\n| Avon || ||  ||  ||  ||  || ||\n|-\n| Bath and North East Somerset || || ||  ||  ||  ||  ||\n|-\n| Bedfordshire ||  ||  ||  ||  ||  ||  ||\n|-\n| Bedford || || ||  ||  ||  ||  ||\n|-\n| Berkshire ||  ||  ||   ||  ||  ||  ||\n|-\n| Blackburn with Darwen || || ||  ||  ||  ||  ||\n|-\n| Blackpool || || ||  ||  ||  ||  ||\n|-\n| Bournemouth, Christchurch and Poole || || ||  ||  ||  ||  ||\n|-\n| Bournemouth || || ||  ||  ||  ||  ||\n|-\n| Brighton and Hove ||  || ||  ||  ||  ||  ||\n|-\n| Bristol ||  ||  ||  || Special post town||  || County borough || County corporate\n|-\n| Buckinghamshire ||  ||  ||   ||  ||  ||  ||\n|-\n| Cambridgeshire ||  ||  ||  ||  ||  1889–1965 ||  1889–1965 ||\n|-\n| Cambridgeshire and Isle of Ely || ||  ||  || ||  1965–1974 ||  1965–1974  ||\n|-\n| Central Bedfordshire ||  || ||  ||  ||  ||  ||\n|-\n| Cheshire ||  ||  ||  ||  ||  ||  ||\n|-\n| Cheshire East ||  || ||  ||  ||  ||  ||\n|-\n| Cheshire West and Chester ||  || ||  ||  ||  ||  ||\n|-\n| Cleveland || ||  ||  ||  ||  || ||\n|-\n| Cornwall ||  ||  ||   ||  ||  ||  ||\n|-\n| Cumberland ||  ||  ||  || ||  ||  ||\n|-\n| Cumbria ||  ||  ||  ||  ||  ||  ||\n|-\n| Darlington ||  || ||  ||  ||  ||  ||\n|-\n| Derbyshire ||  ||  ||  ||  ||  ||  ||\n|-\n| Derby ||  || ||  ||  ||  ||  ||\n|-\n| Devon ||  ||  ||  ||  ||  ||  ||\n|-\n| Dorset ||  ||  ||   ||  ||  ||  ||\n|-\n| Durham (County Durham)||  ||  ||   ||  ||  ||  ||\n|-\n| East Suffolk ||  ||  ||  || ||  ||  || Division\n|-\n| East Sussex ||  ||  ||  ||  ||  ||  || Division\n|-\n| Essex ||  ||  ||  ||  ||  ||  ||\n|-\n| Gloucestershire ||  ||  ||  ||  ||  ||  ||\n|-\n| Greater London ||  ||  colspan=\"2\" style=\"text-align:center\"| County ||  ||||  1965–1974 ||\n|-\n| Greater Manchester ||  ||  ||  || ||  ||  ||\n|-\n| Hampshire ||  ||  ||  ||  ||  ||  ||\n|-\n| Halton ||  || ||  ||  ||  ||  ||\n|-\n| Hartlepool ||  || ||  ||  ||  ||  ||\n|-\n| Hereford and Worcester || ||  ||  || ||  || ||\n|-\n| Herefordshire ||  ||  ||  ||  ||  ||  ||\n|-\n| Hertfordshire ||  ||  ||  ||  ||  ||  ||\n|-\n| Humberside || ||  ||  || ||  || ||\n|-\n| Huntingdon and Peterborough ||  ||  ||  || ||  1965–1974 ||  1965–1974 ||\n|-\n| Huntingdonshire ||  ||  ||  || ||  1889–1965 ||  1889–1965 ||\n|-\n| Isle of Ely || ||  ||  || ||  ||  1889–1965  || Division\n|-\n| Isle of Wight ||  ||  ||   ||  || ||  1890–1974 ||\n|-\n| Kent ||  ||  ||  ||  ||  ||  ||\n|-\n| Kingston upon Hull ||  || ||  ||  ||  ||  ||\n|-\n| Lancashire ||  ||  ||  ||  ||  ||  ||\n|-\n| Leicestershire ||  ||  ||  ||  ||  ||  ||\n|-\n| Leicester ||  || ||  ||  ||  ||  ||\n|-\n| Lincolnshire ||  ||  ||  ||  ||  ||  ||\n|-\n| Lincolnshire, Parts of Holland || ||  || ||||  ||   || Division\n|-\n| Lincolnshire, Parts of Kesteven || ||  || || || ||    || Division\n|-\n| Lincolnshire, Parts of Lindsey || ||  || ||||  ||  || Division\n|-\n| London||  || || || Special post town ||  1889–1965 ||  1889–1965 ||  The Metropolis\n|-\n| City of London ||  ||  ||  || ||  ||  || County corporate\n|-\n| Luton ||  || ||  ||  ||  ||  ||\n|-\n| Medway ||  || ||  ||  ||  ||  ||\n|-\n| Merseyside ||  ||  ||  ||  ||  ||  ||\n|-\n| Middlesbrough ||  || ||  ||  ||  ||  ||\n|-\n| Middlesex || ||  ||  ||  ||  ||  ||\n|-\n| Milton Keynes ||  || ||  ||  ||  ||  ||\n|-\n| Norfolk ||  ||  ||  ||  ||  ||  ||\n|-\n| Northamptonshire ||  ||  ||  ||  ||  ||  ||\n|-\n| North East Lincolnshire ||  || ||  ||  ||  ||  ||\n|-\n| North Humberside || || || ||  || || ||\n|-\n| North Lincolnshire ||  || ||  ||  ||  ||  ||\n|-\n| North Northamptonshire ||  || ||  ||  ||  ||  ||\n|-\n| North Somerset ||  || ||  ||  ||  ||  ||\n|-\n| Northumberland ||  ||  ||   ||  ||  ||  ||\n|-\n| North Yorkshire ||  ||  ||   ||  ||  ||  ||\n|-\n| Nottinghamshire ||  ||  ||  ||  ||  ||  ||\n|-\n| Nottingham ||  || ||  ||  ||  ||  ||\n|-\n| Oxfordshire ||  ||  ||  ||  ||  ||  ||\n|-\n| Soke of Peterborough || ||  ||  ||||  ||  1889–1965 || Liberty\n|-\n| Peterborough ||  || ||  ||  ||  ||  ||\n|-\n| Plymouth ||  || ||  ||  ||  ||  ||\n|-\n| Poole || || ||  ||  ||  ||  ||\n|-\n| Portsmouth ||  || ||  ||  ||  ||  ||\n|-\n| Redcar and Cleveland ||  || ||  ||  ||  ||  ||\n|-\n| Rutland ||  ||  ||  ||  2008+||  ||  ||\n|-\n| Shropshire||  ||  ||   ||  ||  ||  ||\n|-\n| Somerset ||  ||  ||   ||  ||  ||  ||\n|-\n| Southampton ||  || ||  ||  ||  ||  ||\n|-\n| Southend-on-Sea ||  || ||  ||  ||  ||  ||\n|-\n| South Humberside || || || ||  || || ||\n|-\n| South Gloucestershire ||  || ||  ||  ||  ||  ||\n|-\n| South Yorkshire ||  ||  ||  ||  ||  ||  ||\n|-\n| Staffordshire ||  ||  ||  ||  ||  ||  ||\n|-\n| Stockton-on-Tees ||  || ||  ||  ||  ||  ||\n|-\n| Stoke-on-Trent ||  || ||  ||  ||  ||  ||\n|-\n| Suffolk ||  ||  ||  ||  ||  || ||\n|-\n| Surrey ||  ||  ||  ||  ||  ||  ||\n|-\n| Sussex || ||  || ||||  || ||\n|-\n| Swindon ||  || ||  ||  ||  ||  ||\n|-\n| Telford and Wrekin ||  || ||  ||  ||  ||  ||\n|-\n| Thurrock ||  || ||  ||  ||  ||  ||\n|-\n| Torbay ||  || ||  ||  ||  ||  ||\n|-\n| Tyne and Wear ||  ||  ||  ||  ||  ||  ||\n|-\n| Warrington ||  || ||  ||  ||  ||  ||\n|-\n| Warwickshire ||  ||  ||  ||  ||  ||  ||\n|-\n| West Midlands ||  ||  ||  ||  ||  ||  ||\n|-\n| Westmorland ||  ||  ||  ||||  ||  ||\n|-\n| Westmorland and Furness ||  || ||  ||  ||  ||  ||\n|-\n| West Northamptonshire ||  || ||  ||  ||  ||  ||\n|-\n| West Suffolk ||  ||  ||  ||||  ||  || Division\n|-\n| West Sussex ||  ||  ||  ||  ||  ||  || Division\n|-\n| West Yorkshire ||  ||  ||  ||  ||  ||  ||\n|-\n| Wiltshire ||  ||  ||   ||  ||  ||  ||\n|-\n| Worcestershire ||  ||  ||  1998+ ||  ||  ||  ||\n|-\n| Yorkshire || ||  || ||||  ||  ||\n|-\n| Yorkshire, East Riding ||  ||  ||  |||| L ||  || Division\n|-\n| Yorkshire, North Riding || ||  ||  ||||  L ||  || Division\n|-\n| Yorkshire, West Riding ||  ||  ||  |||| L ||  || Division\n|-\n| York ||  || ||  ||  ||  ||  ||\n|}\nNorthern Ireland\n{| class=\"wikitable sortable\"\n! rowspan=\"2\" | County\n! rowspan=\"2\" | Currentlieutenancy\n! rowspan=\"2\" | Postalbefore 1996\n! colspan=\"2\" | 1899–1973\n! rowspan=\"2\" | Before 1899\n|-\n! County\n! Administrative\n|-\n| Antrim\n|\n|\n|\n|\n|\n|-\n| Armagh\n|\n|\n|\n|\n|\n|-\n| City of Belfast\n|\n| Special post town\n|  CB\n|\n| Part of counties Antrim and Down\n|-\n| Down\n|\n|\n|\n|\n|\n|-\n| Fermanagh\n|\n|\n|\n|\n|\n|-\n| Londonderry\n|\n|\n|\n|\n|\n|-\n| City of Derry\n|\n| Special post town\n|  CB\n|\n| Part of County Londonderry\n|-\n| Tyrone\n|\n|\n|\n|\n|\n|}\nScotland\n{| class=\"wikitable sortable\"\n! County\n! Lieutenancy\n! Registration\n! Postalbefore 1996\n! 1890–1975\n! Before 1890\n|-\n| City of Aberdeen\n|\n|\n| Special post town\n|  1900\n|\n|-\n| Aberdeenshire\n|\n|\n|\n|\n|\n|-\n| Angus (Forfarshire)\n|\n|\n|\n|\n|\n|-\n| Argyll\n|\n|\n|\n|\n|\n|-\n| Ayrshire\n|\n|\n|\n|\n|\n|-\n| Banffshire\n|\n|\n|\n|\n|\n|-\n| Berwickshire\n|\n|\n|\n|\n|\n|-\n| Bute\n|\n|\n|\n|\n|\n|-\n| Caithness\n|\n|\n|\n|\n|\n|-\n| Clackmannanshire\n|\n|\n|\n|\n|\n|-\n| Cromartyshire\n|\n|\n|\n|\n|\n|-\n| Dumfriesshire\n|\n|\n|\n|\n|\n|-\n| Dunbartonshire (Dumbarton)\n|\n|\n|\n|\n|\n|-\n| City of Dundee\n|\n|\n| Special post town\n|  1894\n|\n|-\n| East Lothian (Haddingtonshire)\n|\n|\n|\n|\n|\n|-\n| City of Edinburgh\n|\n|\n| Special post town\n|\n|\n|-\n| Fife\n|\n|\n|\n|\n|\n|-\n| City of Glasgow\n|\n|\n| Special post town\n|  1893\n|\n|-\n| Inverness-shire\n|\n|\n|\n|\n|\n|-\n| Kincardineshire\n|\n|\n|\n|\n|\n|-\n| Kinross-shire\n|\n|\n|\n|\n|\n|-\n| Kirkcudbrightshire\n|\n|\n|\n|\n|\n|-\n| Lanarkshire\n|\n|\n|\n|\n|\n|-\n| Midlothian (County of Edinburgh)\n|\n|\n|\n|\n|\n|-\n| Moray (Elginshire)\n|\n|\n|\n|\n|\n|-\n| Nairnshire\n|\n|\n|\n|\n|\n|-\n| Orkney\n|\n|\n|\n|\n|\n|-\n| Peeblesshire\n|\n|\n|\n|\n|\n|-\n| Perthshire\n|\n|\n|\n|\n|\n|-\n| Renfrewshire\n|\n|\n|\n|\n|\n|-\n| Ross and Cromarty\n|\n|\n|\n|\n|\n|-\n| Ross-shire\n|\n|\n|\n|\n|\n|-\n| Roxburghshire\n|\n|\n|\n|\n|\n|-\n| Selkirkshire\n|\n|\n|\n|\n|\n|-\n| Shetland (Zetland)\n|\n|\n|\n|\n|\n|-\n| Stirlingshire\n|\n|\n|\n|\n|\n|-\n| Sutherland\n|\n|\n|\n|\n|\n|-\n| West Lothian  (Linlithgowshire)\n|\n|\n|\n|\n|\n|-\n| Wigtownshire\n|\n|\n|\n|\n|\n|}\nWales\n{| class=\"wikitable sortable\"\n! rowspan=\"2\" | County\n! colspan=\"2\" | 1996+\n! rowspan=\"2\" | Postal1974–1996\n! rowspan=\"2\" | 1974–1996\n! rowspan=\"2\" | 1889–1974\n! rowspan=\"2\" | Before 1889\n|-\n! Preserved\n! County\n|-\n| Anglesey\n|\n|  Isle of Anglesey\n|\n|\n|\n|\n|-\n| Brecknockshire\n|\n|\n|\n|\n|\n|\n|-\n| Caernarfonshire\n|\n|\n|\n|\n|\n|\n|-\n| Cardiganshire\n|\n|  Ceredigion\n|\n|\n|\n|\n|-\n| Carmarthenshire\n|\n|\n|\n|\n|\n|\n|-\n| Clwyd\n|\n|\n|\n|\n|\n|\n|-\n| Denbighshire\n|\n|\n|\n|\n|\n|\n|-\n| Dyfed\n|\n|\n|\n|\n|\n|\n|-\n| Flintshire\n|\n|\n|\n|\n|\n|\n|-\n| Glamorgan\n|\n|\n|\n|\n|\n|\n|-\n| Gwent\n|\n|\n|\n|\n|\n|\n|-\n| Gwynedd\n|\n|\n|\n|\n|\n|\n|-\n| Merionethshire\n|\n|\n|\n|\n|\n|\n|-\n| Mid Glamorgan\n|\n|\n|\n|\n|\n|\n|-\n| Monmouthshire\n|\n|\n|\n|\n|\n|\n|-\n| Montgomeryshire\n|\n|\n|\n|\n|\n|\n|-\n| Pembrokeshire\n|\n|\n|\n|\n|\n|\n|-\n| Powys\n|\n|\n|\n|\n|\n|\n|-\n| Radnorshire\n|\n|\n|\n|\n|\n|\n|-\n| South Glamorgan\n|\n|\n|\n|\n|\n|\n|-\n| West Glamorgan\n|\n|\n|\n|\n|\n|\n|-\n| Wrexham\n|\n|\n|\n|\n|\n|\n|}\nSee also\n*List of United Kingdom county nicknames\n*Counties of Ireland\n* Alias Data\nReferences"
    }
  ]
}