{
  "content": [
    {
      "type": "text",
      "text": "# List of United States Air Force aircraft control and warning squadrons__disambig_1\n\nThis Article is a list of United States Air Force aircraft control and warning squadrons active, inactive, and historical. The purpose of an aircraft control and warning squadron is to provide an airborne radar picket to detect vessels, planes, and vehicles before they enter an area of operations, as well as providing command and control in an engagement by directing aircraft strikes. Additionally they may be used to carry out surveillance, including over ground targets.\nSite codes\nSites within the United States\n* DC-xx Semi-Automatic Ground Environment (SAGE) Direction Center/Combat Center.\n* F-xx Alaskan air defense sites.\n* H-0x Hawaiian air defense sites.\n* L-xx Original Air Defense Command (ADC) 1946 \"Lashup\" Radar Network of temporary sites to provide detection at designated important locations using radar sets left over from World War II.\n* LP-xx \"Lashup\" site which was incorporated into the first ADC permanent radar network in 1949.\n* P-xx Original 75 permanent stations established in 1949.\n* RP-xx Sites that replaced a permanent 1949 station.\n* M-xx 1952 Phase I Mobile Radar station.\n* SM-xx 1955 Phase II Mobile Radar Station.\n* TM-xx 1959 Phase III Mobile station.\n* TT-x Texas Towers, radar tower rigs off the East Coast of the United States, named because of their resemblance to oil drilling rigs in the Gulf of Mexico.\n* Z-xx NORAD designation for sites after 31 July 1963.  P, M, SM, and TM stations active after that date retained their numbers, but were designated \"Z-xx\".\nSites outside the United States\n* C-xx ADC and Royal Canadian Air Force (RCAF) manned sites on the Canadian Pinetree Line.\n* G-xx Sites in Greenland established by Northeast Air Command (NEAC) reassigned to ADC in 1957.  became N Sites, then C Sites, retaining their numbers.\n* H-xx Air defense sites in Iceland.\n* J-xx Sites in Japan. (includes main bases)\n* K-xx Sites in Korea. (includes main bases)\n* N-xx Pinetree Line sites in Newfoundland. Became C Sites, retaining their numbers.  Reassigned from NEAC to ADC in 1957.\n* R-xx At least two sites in the Southern Pacific.\n* W-xx sites in Spain.\n* Y-xx sites in Morocco.\nAircraft control and warning squadrons\n{| class=\"wikitable\"\n!Squadron!!Emblem!!Location!!Perm. ID!!Notes\n|-\n| 601st Aircraft Control and Warning Squadron |||| Rothwesten AS, GermanyPforzheim AS, Germany Rothwesten AS, Germany||  || 1 Dec 1948-31 Jul 195531 Jul 1955-20 Jul 195620 Jul 1956-18 Nov 1960 Was 601st Tac Control Sq, to 601st Tac Control Sq\n|-\n| 602d Aircraft Control and Warning Squadron |||| Darmstadt AS, GermanyBirkenfeld, GermanyGiebelstadt, Germany||  || 22 Nov 1948–ca. 1949ca. 1949-unknownunknown-after Nov 1968 Was 602d Tac Control Sq, to 602d Tac Control Sq. Became 602 Air Control Sqd in 1991 when it reactivated at Wueschheim Air Station, Germany (former GLCM site) near Hahn Air Base.\n|-\n| 603d Aircraft Control and Warning Squadron |||| Neustadt-Aisch Airport, Germany||  || 1 Dec 1945–1946 To 603d Tac Control Sq\n|-\n| 604th Aircraft Control and Warning Squadron |||| Freising, Germany||  || 1 Dec 1948-1 Dec 1957Was 604th Tac Control Sq\n|-\n| 606th Aircraft Control and Warning Squadron |||| Biggs Field, TXShaw AFB, SCPope AFB, NCShaw AFB, SC Pusan AB, South KoreaTaegu AB, South KoreaPusan AB, South KoreaPyongtaek AS, South KoreaKimpo AB, South KoreaKangnung Adme, South Korea|| K-1K-2K-1K-6K-14K-18 || 30 Jan 1946-13 Jan 194713 Jan 1947 – Feb 1948Feb 1948 – Dec 1949Dec 1949-27 Aug 1950ca. Sep 1950–ca. 3 Oct 1950ca. 14 Oct 1950–ca. 16 Dec 1950ca. 16 Dec 1950 – Mar 1951Mar 1951 – Jun 1951Jun 1951 – Oct 1954Oct 1954-1 Oct 1957Was 606th Tac Control Sq, to 606th Tac Control Sq\n|-\n| 607th Aircraft Control and Warning Squadron |||| Biggs Field, TXMyrtle Beach AFB, SCTurner AFB, GAPusan AB, South KoreaKimpo AB, South KoreaPusan AB, South KoreaYoju Airstrip, South KoreaPyongtaek AS, South KoreaMalmstrom AFB, MT||K-1K-14K-1K-45K-6||30 Jan 1946-13 Jan 194713 Jan 1947-28 Oct 194728 Oct 1947 – Aug 1950ca. Sep 1950–ca. 3 Oct 1950ca. 10 Oct 1950–ca. 10 Dec 1950ca. 10 Dec 1950 – Mar 1951Mar 1951 – Mar 1952Mar 1952-1 Oct 19578 Dec 57-29 Jul 1958Was 607th Tac Control Sq, to 607th Tac Control Sq\n|-\n| 608th Aircraft Control and Warning Squadron |||| Biggs AFB, TXMarch AFB, CATaegu AB, South KoreaKangnung Adme, South KoreaSeoul, South KoreaKimpo AB, South KoreaPaengyong-do Afld, North KoreaCh'o-do island, South KoreaChinchon-ni, South Korea||K-2K-18K-16K-14K-53K-54||30 Jan 1946-17 Jan 194717 Jan 1947-28 Mar 194921 Nov 1951 – Nov 1951Nov 1951 – Oct 1952Oct 1952 – Dec 1954Dec 1954 – Dec 1956Dec 1956 – Feb 1957Feb 1957-1 Oct 1957Was 608th Acft Control Sq, to 608th Tac Control Sq\n|-\n| 609th Aircraft Control and Warning Squadron ||||March AFB, CADobbins AFB, GAEufaula AFS, AL ||TM-199||29 Aug 1947-28 Mar 19498 Dec 1957-15 Jul 195815 Jul 1958-1 Oct 1959Was 609th Tac Control Sq (inactive), to 609th Radar Sq\n|-\n| 610th Aircraft Control and Warning Squadron |||| Itazuke AB, JapanSaitozako, JapanItazuke AB, JapanSeburi Yama AS, JapanItazuke Air Base, Japan||J-13J-13J-13|| 15 Jul 1946-15 Jul 194815 Jul 1948-20 Oct 195120 Oct 1951-8 Sep 19568 Sep 1956-6 Jan 19586 Jan 1958-8 Sep 1960 To 610th Air Control Flt\n|-\n| 611th Aircraft Control and Warning Squadron |||| Mineoka, Japan||  || unknown-8 Sep 1960\n|-\n| 612th Aircraft Control and Warning Squadron ||||Kirtland AFB, NMAjo AFS, AZGila Bend AFS, AZ|| TM-181||8 Mar 1957-12 Feb 195812 Feb 1958 – Oct 1959Oct 1959-15 Oct 1961To 612th Radar Sq\n|-\n| 613th Aircraft Control and Warning Squadron |||| Johnson AB, JapanMisawa AB, JapanTomari AS, JapanMisawa Air Base, Japan ||J-16J-57J-57  || 15 Jul 1946–ca. 30 Sep 1946ca. 30 Sep 1946-6 Jan 19576 Jan 1957-6 Jan 19586 Jan 1958 – 8 Sep 1960\n|-\n| 614th Aircraft Control and Warning Squadron |||| Fort Shafter, HIHickam AFB, HIGrenier Field, NHDobbins AFB, GAAndrews AFB, MDCherry Point MCAS, NC||M-116|| 1946-7 Feb 19497 Feb 1949-1 Jul 19521 Jul 1952-24 Dec 195324 Dec 1953-15 May 195615 May 1956-16 Apr 195716 Apr 1957-1 Mar 1963To 614th Radar Sq\n|-\n| 615th Aircraft Control and Warning Squadron |||| Hanawahua, HIPruem AS, Germany Neubruecke Army Installation, GermanyBirkenfeld AS, GermanyBoerfink, Germany||  || ca. 1 Aug 1946–ca.1 Feb 19471 Nov 1953–ca. Jan 1958unknownby Nov 1960to 31 Dec 1969to 29 Sep 1986Was 580th Signal Acft Warning Bn\n|-\n| 616th Aircraft Control and Warning Squadron |||| Fort Shafter, HIKahuku Army Airfield, HIFlandern Kaserne, Ulm, GermanyDobraberg, GermanyWasserkuppe AS, Germany ||  || 2 Jul 1946 – Aug 1946Aug 1946-11 Dec 19481 Nov 1953 – Nov 1960Nov 1960-1 Jul 19741 Jul 1974-1 Jan 1979Was 581st Signal Acft Warning Bn  The 616th began operations at the Wasserkuppe in 1962.\n|-\n| 617th Aircraft Control and Warning Squadron |||| Fort Shafter, HIOtis AFB, MA ||  || 1946–19471 Nov 1953 – Dec 1954\n|-\n| 618th Aircraft Control and Warning Squadron |||| Fort William McKinley, PhilippinesHanshin Airfield, JapanItazuke AB, JapanMiho AB, Japan|| J-10J-13J-55|| 1 Aug 1946-c. Dec 1946c. 1948-c. 1953unknown-19551955-c. 31 Dec 1955\n|-\n| 619th Aircraft Control and Warning Squadron |||| Laoag, PhilippinesFloridablanca, PhilippinesKadena AB, JapanHarmon AFB, Guam||  ||1 Aug 1946-19461946 – Mar 1947Mar 1947 – Mar 1948Mar 1948-1 Apr 49To 619th Tac Control Sq\n|-\n| 620th Aircraft Control and Warning Squadron ||||Palawan, PhilippinesFort William McKinley, PhilippinesKadena AB, JapanNagoya AB, JapanJohnson AB, JapanShiroi AS, JapanNiigata, JapanSado Shima, Japan||J-16J-32J-30||1 Aug 1946–ca. 1 Apr 1947ca.1 Apr 1947-20 May 194720 May 1947-9 Jun 19479 Jun 1947-25 Sep 194725 Sep 1947 – Jul 1948Jul 1948–ca. 3 Jun 1949ca. 3 Jun 1949–ca. 14 Oct 1954ca. 14 Oct 1954-3 Feb 1958To 620th Tac Control Sq\n|-\n| 621st Aircraft Control and Warning Squadron |||| Palawan, PhilippinesFort William McKinley, PhilippinesNagoya AB, JapanJohnson AB, JapanShiroi AS, JapanNiigata, JapanSado Shima, Japan||J-16J-32J-30|| 1 Aug 1946-1 Apr 19471 Apr 1947-3 Jun 19473 Jun 1947-25 Sep 194725 Sep 1947-21 Sep 194821 Sep 1948-3 Jun 19493 Jun 1949-14 Oct 195414 Oct 1954-3 Feb 1958To 621 Tac Control Sq\n|-\n| 622nd Aircraft Control and Warning Squadron |||| Clark AB, PhilippinesOtis AFB, MA||  || 15 Mar 1947–19501 Sep 1953– Dec 1954\n|-\n| 623rd Aircraft Control and Warning Squadron |||| Camp Bishigawa, JapanStillwell Park, Kadena AB, JapanCamp Bishigawa, JapanNaha AB, Japan ||  || Sep 1945–Jun 1950Jun 1950–24 Aug 195125 Aug 1951-01 Jul 195201 Jul 1952-8 Jul 1973 Was 305th Ftr Control Sq, when reactivated 1 April 1983, became 623rd Tac Control Sq at Kadena AB, Japan, to 623rd Air Control Sq, to 623d Air Control Flight, to 623d Air Control Squadron\n|-\n| 624th Aircraft Control and Warning Squadron |||| Camp Bishigawa, JapanKadena AB, JapanNaha AB, JapanMotobu Airfield, Japan ||  || ca. 15 Aug 1946–ca. Jul 1950ca.Jul 1950–ca. Sep 1950ca. Sep 1950 – Jul 1956 Jul 1956– unknown\n|-\n| 625th Aircraft Control and Warning Squadron |||| Davis AFB, AKElmendorf AFB, AKunknown||F-11|| 16 Aug 1946-1 Jul 19481 Jul 1948-5 Dec 1952 to 625th Acft Control Sq, returned to 625th AC&W Sqca. 1 Jan 1959-1 Jan 1962To 625th Radar Sq\n|-\n| 626th Aircraft Control and Warning Squadron || || Shemya AFB, AKLadd AFB, AKMcChord AFB, WAFire Island AFS, AK ||F-1 || 16 Aug 1946-26 Mar 194826 Mar 1948-22 Jun 194822 Jun 1948-1 May 194917 Nov 1950 – 15 Oct 1969\n|-\n| 627th Aircraft Control and Warning Squadron || || Harmon AFB, GuamDobbins AFB, GACrystal Springs AFS, AL ||TM-195|| 20 Mar 1948-1948 8 Apr 1957-15 May 195815 May 1958-1 Oct 1959To 627th Radar Sq\n|-\n| 628th Aircraft Control and Warning Squadron |||| Fort Gulick, Canal ZoneFrance Field, Canal ZoneAlexandria AFB, LAMoody AFB, GA ||  || 1946 – Jul 1947Jul 1947–ca.17 Oct 19481 Nov 1953-2 Dec 19532 Dec 1953 – 18 Jul 1955\n|-\n| 629th Aircraft Control and Warning Squadron |||| Albrook AFB, Canal ZoneHoward AB, Canal ZoneAlexandria AFB, LAUdine AS, Italy ||  || 1946-15 Jul 194715 Jul 1947–ca.16 Mar 1948>1 Nov 52-9 Nov 1954ca. Nov 1954–ca. Sep 1957\n|-\n| 630th Aircraft Control and Warning Squadron |||| Alexandria AFB, LAOtis AFB, MAHoward AFB, Panama||  || 1 Nov 1953-7 Jan 19547 Jan 1954-8 Sep 19541 Apr 1988-1 Dec 1989Was 630th Acft Control Sq, to 630th Radar Sq, returned to 630th AC&W Sq, to 630th Radar Sq again\n|-\n| 631st Aircraft Control and Warning Squadron |||| Howard AFB, Canal Zone ||  || 1946–1948\n|-\n| 632d Aircraft Control and Warning Squadron |||| McChord AFB, WALadd AFB, AK Dobbins AFB, GARoanoke Rapids AFS, NC ||  M-117|| 21 Jun 1948-5 Jul 19495 Jul 1949-1 Aug 195120 May 1953-1 Sep 19551 Sep 1955-1 Oct 59To 632d Radar Sq\n|-\n| 633rd Aircraft Control and Warning Squadron |||| Ladd AFB, AKWheelus AB, Libya ||  || 17 Nov 1950-1 Aug 19511 Sep 1953 – 15 Sep 1960\n|-\n| 634th Aircraft Control and Warning Squadron ||||Paine Field, WAMcChord AFB, WAMcChord AFB, WAGeiger Field, WABurns AFS, WA||L-31 M-118|| 8 Dec 1949-14 Sep 195114 Sep 1951-6 Feb 195220 Jun 1953 – Oct 1954Oct 1954-8 Jun 19558 Jun 55-1 Mar 1961Was 634th Acft Control Sq, to 634th Radar Sq}\n|-\n| 635th Aircraft Control and Warning Squadron |||| McChord AFB, WAPaine Field, WAMcChord AFB, WAFort Lawton, WA||L-31 RP-1 || 21 May 1947-26 Sep 194826 Sep 1948-22 Sep 195022 Sep 1950-15 May 196015 May 1960-11 Jun 1960To 635th Radar Sq\n|-\n| 636th Aircraft Control and Warning Squadron |||| Hamilton Field, CAHalf Moon Bay, CAKirtland AFB, NM McChord AFB, WACondon AFS, OR||L-82L-45P-4P-32|| 21 May 1947 – May 1947May 1947-26 Sep 194826 Sep 1948-8 Dec 19498 Dec 1949-27 Jun 195127 Jun 1951-8 Sep 1960To 636th Radar Sq\n|-\n| 637th Aircraft Control and Warning Squadron |||| Long Beach Municipal Airport, CAMcChord AFB, WALarson AFB, WASaddle Mountain (renamed Othello AFS), WA ||L-29 P-40|| 21 May 1947-16 Apr 194816 Apr 1948-28 Jan 194928 Jan 1949 – Jan 1951Jan 1951-1 Sep 1960To 637th Radar Sq\n|-\n| 638th Aircraft Control and Warning Squadron |||| Mount Bonaparte, (renamed Curlew AFS), WA || P-6 || 5 May 1950-1 Dec 1959Was 638th Tac Control Sq\n|-\n| 639th Aircraft Control and Warning Squadron |||| Truax Field, WILowther AS, Ontario, Canada ||C-119  || 8 Dec 1956–ca. 28 May 1957ca. 28 May 1957 – 1 Jul 1963\n|-\n| 640th Aircraft Control and Warning Squadron |||| Stephenville AS, Newfoundland, Canada || N-23 || 1 Aug 1953-30 Jun 1971\n|-\n| 641st Aircraft Control and Warning Squadron |||| Goose AB, Labrador, CanadaMelville AS, Labrador, Canada  || N-24 || 1 Aug 1953 – Apr 1957Apr 1957-30 Jun 1971\n|-\n| 642d Aircraft Control and Warning Squadron |||| Red Cliff AS, Newfoundland, Canada || N-22 || 1 Aug 1953-1 Oct 1961\n|-\n| 643d Aircraft Control and Warning Squadron |||| Otis AFB, MA ||  || 1 Sep 1953 – 15 Jul 1954\n|-\n| 644th Aircraft Control and Warning Squadron |||| Syracuse AFS, NYPortsmouth AFS, NH||  M-104|| 1 Oct 1954 – Jul 1955Jul 1955-1 Oct 1957To 644th Radar Sq\n|-\n| 645th Aircraft Control and Warning Squadron |||| Roslyn AFS, NYMarathon, Ontario, Canada||  C-120 ||8 Dec 1949-6 Feb 1952Planned but never activated.  Was 645th Acft Control Sq. to 645th Radar Sq\n|-\n| 646th Aircraft Control and Warning Squadron |||| Roslyn AFS, NYNavesink (renamed Highlands AFS), NJ|| LP-9||30 Apr 1948 – Dec 1949Dec 1949-1 Oct 1958To 646th Radar Sq\n|-\n| 647th Aircraft Control and Warning Squadron |||| Camp Kilmer, NJ, Roslyn AFS, NYGrenier Field, NHFort Meade, MDQuantico (renamed Manassas AFS), VA|| L-4RP-54 P-55||30 Apr 1948-19481948 – Mar 1949Mar 1949-by Jan 1951before Jan 1951 – Apr 1952Apr 1952-1 Oct 1959To 647th Radar Sq\n|-\n| 648th Aircraft Control and Warning Squadron |||| Pine Camp, NYIndiantown Gap AIN, PABenton AFS, PA|| L-6L-9P-30||30 Apr 1948 – Dec 1949Dec 1949-1 Feb 19521 Feb 1952-1 Feb 1959To 648th Radar Sq\n|-\n| 649th Aircraft Control and Warning Squadron |||| Roslyn AFS, NYRoslyn AFS, NYBedford AFS, VA ||  M-121 ||ca. 1 Apr 1949-1 Oct 194926 Apr 1953–ca. 30 Nov 1954ca. 30 Nov 1954-8 Apr 1959 Was 649th Acft Ctl Sq, to 649th Radar Sq.\n|-\n| 650th Aircraft Control and Warning Squadron |||| Orlando AFB, FLSnelling AFS, MNDallas Center AFS, IA ||M-122  || 20 Nov 1948-27 Sep 194920 May 1953 – Jul 1955Jul 1955-8 Oct 1957\n|-\n| 651st Aircraft Control and Warning Squadron |||| Orlando AFB, FLHamilton AFB, CARoslyn AFS, NY Berlin AFS, MD||M-123  || 20 Nov 1948-1 Oct 194920 Jun 1953 – 22 Apr 195422 Apr 1954-8 Aug 1955 Planned but never activated\n|-\n| 652nd Aircraft Control and Warning Squadron |||| Orlando AFB, FLDobbins AFB, GA||  || 20 Nov 1948-c. 27 Sep 194918 Jun 1953 – 8 Aug 1955\n|-\n| 653d Aircraft Control and Warning Squadron |||| Stewart AFB, NYTinker AFB, OKAlexandria AFB (renamed England AFB), LA ||  || 8 Dec 1949-6 Feb 195218 Jun 1953-12 Nov 195412 Nov 1954-1 Aug 1963\n|-\n| 654th Aircraft Control and Warning Squadron |||| Grenier Field, NHBrunswick AFS, ME||P-13|| 8 Dec 1949–ca. 1 Jan 1951ca. 1 Jan 1951-1 Oct 1959To 654th Radar Sq\n|-\n| 655th Aircraft Control and Warning Squadron |||| Camp Drum, NYWatertown AFS, NY||L-6P-49||  8 Dec 1949 – Feb 1951Feb 1951-1 Feb 1959To 655th Radar Sq\n|-\n| 656th Aircraft Control and Warning Squadron |||| Schenectady, NYSchuylerville (renamed Saratoga Springs AFS), NY||L-7 P-50|| 27 Nov 1950 – Feb 1952Feb 1952-15 Dec 1958To 656th Radar Sq\n|-\n| 657th Aircraft Control and Warning Squadron |||| Fort Williams, METinker AFB, OKHouma AFS, LA || L-2M-126 || 27 Nov 1950-18 Oct 195118 Jun 1953-31 Mar 195531 Mar 1955-1 Mar 1961To 657th Radar Sq\n|-\n| 658th Aircraft Control and Warning Squadron |||| Mitchel AFB, NYSantini, New York Hamilton AFB, CAWinnemucca AFS, NV|| L-11M-127|| 5 May 1950-Fall 1951Fall 1951–5 Jan 195220 Jun 1953 – Feb 1956Feb 1956-1 Mar 1961To 658th Radar Sq\n|-\n| 659th Aircraft Control and Warning Squadron |||| Norton AFB, CAKingman AFS, AZ || M-128  || 20 Jun 1953-22 Jun 195522 Jun 1955 – 15 Aug 1958\n|-\n| 660th Aircraft Control and Warning Squadron |||| Selfridge AFB, MIDobbins AFB, GAMacDill AFB, FL|| M-129|| 5 Dec 1949-6 Feb 195218 Jun 1953-24 Apr 195424 Apr 1954-1 Mar 1961To 660th Radar Sq\n|-\n| 661st Aircraft Control and Warning Squadron |||| Selfridge AFB, MI|| P-20||  5 Dec 1949-1 Nov 1959To 661st Radar Sq\n|-\n| 662d Aircraft Control and Warning Squadron |||| Ravenna Airport, OHBrookfield AFS, OH|| L-18 P-62||  18 Apr 1950 – Oct 1951Oct 1951-15 Jul 1960To 662d Radar Sq\n|-\n| 663d Aircraft Control and Warning Squadron |||| McGee-Tyson Airport, TNMaryville, TennesseeCross Mountain AFS (renamed Lake City AFS), TN ||L-47 P-41  || 27 Nov 1950 – Nov 1951Nov 1951 – Mar 1952Mar 1952-1 Jun 1961\n|-\n| 664th Aircraft Control and Warning Squadron |||| Lockbourne AFB, OH Bellefontaine AFS, OH||  P-73|| 17 Apr 1950– Sep 1951Sep 1951-1 Sep 1959To 664th Radar Sq\n|-\n| 665th Aircraft Control and Warning Squadron |||| Keweenaw, (renamed Calumet AFS), MI|| P-16|| 27 Nov 1950-15 Jul 1960To 665th Radar Sq\n|-\n| 666th Aircraft Control and Warning Squadron |||| Mount Tamalpais (later Mill Valley AFS), CA|| P-38|| 27 Nov 1950-15 Jan 1961To 666th Radar Sq\n|-\n| 667th Aircraft Control and Warning Squadron |||| Hamilton AFB, CAKeflavik Airport, IcelandLanganes AS, IcelandHofn AS, Iceland ||H-2H-3 || 8 Dec 1949-6 Feb 19528 Aug 1956-16 Apr 195716 Apr 1957 – Jun 1961Jun 1961-30 Sep 1988\n|-\n| 668th Aircraft Control and Warning Squadron ||||Hamilton AFB, CAMather AFB, CA || P-58 ||8 Dec 1949-10 Jan 195110 Jan 1951 – 1 Sep 1961\n|-\n| 669th Aircraft Control and Warning Squadron ||||Fort MacArthur, CASanta Rosa Island AFS, CA|| L-43 P-15||5 May 1950 – Feb 1952Feb 1952-1 Apr 1963To 669th Radar Sq\n|-\n| 670th Aircraft Control and Warning Squadron ||||Camp Cooke, CASan Clemente Island AFS, CA ||L-41 P-39||5 May 1950-21 Aug 195121 Aug 1951-1 Apr 1961To 670th Radar Sq\n|-\n| 671st Aircraft Control and Warning Squadron ||||Key West NAS, FL || Z-209 || 1 Jun 1962-15 Jun 1965To 671st Radar Sq\n|-\n| 672d Aircraft Control and Warning Squadron |||| Mitchel AFB, NYRoslyn AFS, NYArlington, VirginiaGravelly Point, VASyracuse AFS, NYBarrington AS, Nova Scotia, Canada || C-102|| 28 Mar 1949-1 Apr 19491 Apr 1949-10 Jun 194910 Jun 1949-28 Jul 194928 Jul 1949-8 Dec 19498 Dec 1956-Summer 1957Summer 1957-1 Jun 1962\n|-\n| 673rd Aircraft Control and Warning Squadron |||| Snelling AFS, MNOtis AFB, MA||  || 7 Oct 1950-6 Feb 19521 Sep 1953 – 1 Aug 1954\n|-\n| 674th Aircraft Control and Warning Squadron |||| East Farmington (renamed Osceola AFS), WI || P-35||8 Oct 1950-15 Dec 1959To 674th Radar Sq\n|-\n| 675th Aircraft Control and Warning Squadron |||| Valentine AFS, TX || TM-184 ||constituted in 1955 but never activated\n|-\n| 676th Aircraft Control and Warning Squadron |||| Antigo AFB, WI || P-17 || 1 May 1951-15 Jul 1960To 676th Radar Sq\n|-\n| 677th Aircraft Control and Warning Squadron |||| Fort Williams AFS, MEWillow Run AFS, MIAlpena AFS, MI || L-1P-23M-105 || 1 Sep 1953 – May 1954May 1954 – Dec 1954Dec 1954 – Nov 1957\n|-\n| 678th Aircraft Control and Warning Squadron |||| Dobbins AFB, GATyndall AFB, FL || TM-158 || 18 Jan 1956-20 Aug 195620 Aug 1956-15 Jul 1965To 678th Radar Sq\n|-\n| 679th Aircraft Control and Warning Squadron |||| Great Falls AFB, MTDow AFB, MEDobbins AFB, GAJacksonville NAS, FL|| M-114|| 1 Mar 1951-6 Feb 19521 Sep 1953-24 Dec 195324 Dec 1953-9 Jul 19579 Jul 1957-1 Oct 1962To 679th Radar Sq\n|-\n| 680th Aircraft Control and Warning Squadron |||| Yaak AFS, MT || P-11 || 1 Mar 1951-1 Jul 1960To 680th Radar Sq\n|-\n| 681st Aircraft Control and Warning Squadron |||| Del Bonita (renamed Cut Bank AFS), MT || P-24|| 1 Mar 1951-1 Mar 1961To 681st Radar Sq\n|-\n| 682d Aircraft Control and Warning Squadron |||| Geiger Field, WAKirtland AFB, NMHamilton AFB, CAAlmaden AFS, CA || M-96 || 1 Dec 1953–ca. 31 Dec 1953ca. 31 Dec 1953-1 Aug 19541 Aug 1954–ca. 1 Oct 1957ca. 1 Oct 1957-15 Jan 1961To 682d Radar Sq\n|-\n| 683d Aircraft Control and Warning Squadron |||| Geiger Field, WATinker AFB, OKSweetwater AFS, TX || M-89 || 1 Dec 1953-1 Dec 19531 Dec 1953-4 Apr 19564 Apr 1956-20 Sep 1969USAF site shared with Army for Nike missile-defense system, 1956–1969\n|-\n| 684th Aircraft Control and Warning Squadron |||| Geiger Field, WAKirtland AFB, NMDavis–Monthan AFB, AZMount Lemmon AFS, AZ || M-92 || 1 Dec 1953-1 Dec 19531 Dec 1953-19 Apr 195419 Apr 1954-15 Aug 195615 Aug 1956-15 Oct 1961To 684th Radar Sq\n|-\n| 685th Aircraft Control and Warning Squadron |||| Norton AFB, CAGeiger Field, WAKirtland AFB, NMLas Cruces AFS, NM || M-95 ||27 Nov 1950-6 Feb 19521 Dec 1953-1 Dec 19531 Dec 1953-17 Jan 195517 Jan 1955 – 1 Aug 1963\n|-\n| 686th Aircraft Control and Warning Squadron |||| Walker AFB, NM || M-90 ||1 Oct 1953 – 1 Aug 1963\n|-\n| 687th Aircraft Control and Warning Squadron |||| Kirtland AFB, NMWest Mesa AFS, NM || M-94 ||1 Oct 1953-20 Jun 195620 Jun 1956 – 8 Sep 1968\n|-\n| 688th Aircraft Control and Warning Squadron |||| Geiger Field, WATinker AFB, OKAmarillo AFB, TX || M-88 ||1 Oct 1953-26 Dec 195326 Dec 1953-3 Oct 19543 Oct 1954 – 1 Aug 1963\n|-\n| 689th Aircraft Control and Warning Squadron |||| Portland International Airport, ORMt. Hebo AFS, OR||M-100||1 Oct 1953–ca. Oct 1956ca. Oct 1956-15 Jul 1960To 689th Radar Sq\n|-\n| 690th Aircraft Control and Warning Squadron |||| Kirtland AFB, NMElizabethtown AFS, PA|| M-107 ||8 Dec 1949-6 Feb 1952programmed, but never activated\n|-\n| 691st Aircraft Control and Warning Squadron |||| Cross City AFS, FL || TM-200 ||8 Jun 1958-1 Oct 1959To 691st Radar Sq\n|-\n| 692d Aircraft Control and Warning Squadron |||| Fort Snelling, MNBaudette AFS, MN || SM-132 ||8 Aug 1958 – Nov 1958Nov 1958-15 Dec 1959To 692d Radar Sq\n|-\n| 693d Aircraft Control and Warning Squadron |||| Dobbins AFB, GADauphin Island AFS, AL || TM-196||8 Apr 1958-1 Sep 19581 Sep 1958-1 Mar 1961To 693d Radar Sq\n|-\n| 694th Aircraft Control and Warning Squadron |||| Malmstrom AFB, MTLewistown AFS, MT || TM-178 ||8 Aug 1958-1 Nov 19581 Nov 1958-1 Mar 1961To 694th Radar Sq\n|-\n| 697th Aircraft Control and Warning Squadron |||| Kirtland AFB, NMPyote AFS, TX|| TM-186 ||8 Dec 1956-21 Feb 195721 Feb 1957 – 1 Aug 1963\n|-\n| 698th Aircraft Control and Warning Squadron |||| Dobbins AFB, GAThomasville AFS, GA|| TM-197||8 Dec 1957-15 Mar 195815 Mar 1958-1 Oct 1959To 698th Radar Sq\n|-\n| 699th Aircraft Control and Warning Squadron |||| Bowling Green AFS, MO || M-108 || programmed, but never activated\n|-\n| 700th Aircraft Control and Warning Squadron |||| Grenier Field, NHWillow Run AFS, MITwo Creeks AFS, WI|| M-106 ||1 Dec 1953-21 Feb 1957Apr 1954 – Dec 1954Dec 1954–ca. 1 Nov 1957\n|-\n| 701st Aircraft Control and Warning Squadron |||| Dobbins AFB, GAFort Fisher AFS, NC|| M-115||1 Dec 1953-1 Aug 19551 Aug 1955-1 Jul 1962To 701st Radar Sq\n|-\n| 702d Aircraft Control and Warning Squadron |||| Dobbins AFB, GAHunter AFB, GA|| M-112||1 Dec 1953-23 Mar 195523 Mar 1955-1 Feb 1962To 702d Radar Sq\n|-\n| 703d Aircraft Control and Warning Squadron |||| Tinker AFB, OKTexarkana AFS, AR|| M-91||1 Dec 1953-1 May 19551 May 1955 – 8 Sep 1968\n|-\n| 704th Aircraft Control and Warning Squadron |||| Willow Run AFS, MICarmi AFS, IL ||SM-137 ||ca. 8 Mar 1955–ca. Aug 1955ca. Aug 1955–ca. 1 Nov 1957\n|-\n| 705th Aircraft Control and Warning Squadron |||| King Salmon AFS, AK|| F-3 ||8 Dec 1952 – 1 Nov 1983\n|-\n| 706th Aircraft Control and Warning Squadron |||| Malmstrom AFB, MTDickinson AFS, ND || TM-177 ||8 Dec 1957-19 Jul 195829 Jul 1958-15 Jul 1961 To 706th Radar Sq\n|-\n| 707th Aircraft Control and Warning Squadron |||| Snelling AFS, MNGrand Rapids AFS, MN || SM-138 ||8 Apr 1956 – Jul 1956Jul 1956-15 Dec 1959 To 707th Radar Sq\n|-\n| 708th Aircraft Control and Warning Squadron |||| Indian Mountain AFS, AK || F-16 ||8 Dec 1952 – 1 Nov 1983\n|-\n| 709th Aircraft Control and Warning Squadron |||| Fort Yukon AFS, AK || F-14 ||ca. 1 Nov 1957 – 1 Nov 1983\n|-\n| 710th Aircraft Control and Warning Squadron |||| Tin City AFS, AK || F-4 ||8 Dec 1952 – 1 Nov 1983\n|-\n| 711th Aircraft Control and Warning Squadron |||| Cape Lisburne AFS, AK || F-7 ||8 Dec 1952 – 1 Nov 1983\n|-\n| 712th Aircraft Control and Warning Squadron |||| Northeast Cape AFS, AK || F-9 ||8 Dec 1952 – 1 Nov 1983\n|-\n| 713th Aircraft Control and Warning Squadron |||| Eielson AFB, AKBethel, AK || F-21 ||8 Feb 1957-1 Jun 19571 Jun 1957 – 1 Oct 1963\n|-\n| 714th Aircraft Control and Warning Squadron |||| Cold Bay AFS, AK || F-26 ||1 Jan 1959 – 1 Nov 1883\n|-\n| 715th Aircraft Control and Warning Squadron |||| Unknown Alaskan StationUmiat AFS, AK || F-26 ||15 Aug 1953-6 Aug 19546 Aug 1954–ca. 1959\n|-\n| 716th Aircraft Control and Warning Squadron ||||Geiger Field, WAKalispell AFS, MT||TM-179||1 Oct 1958 – May 1959May 1959-15 Oct 1960To 716th Radar Sq\n|-\n| 717th Aircraft Control and Warning Squadron |||| Takotna (later Tatalina AFS), AK || F-10 ||8 Dec 1952 – 1 Nov 1983\n|-\n| 718th Aircraft Control and Warning Squadron |||| Unalakleet AFS, AK || F-20 ||by 1 Apr 1958 – 5 Oct 1969\n|-\n| 719th Aircraft Control and Warning Squadron |||| Sparrevohn AFS, AK || F-15 ||8 Dec 1952 – 1 Nov 1983\n|-\n| 720th Aircraft Control and Warning Squadron |||| Middleton Island AFS, AK || F-22 ||8 Sep 1955 – 1 Oct 1963\n|-\n| 721st Aircraft Control and Warning Squadron ||||Roslyn AFS, NYSnelling AFS, MNWilmar AFS, MN||TM-179||16 Apr 1950-2 Jun 19518 Apr 1956 – Jul 1956Jul 1956-15 Jan 1960 To 721st Radar Sq.\n|-\n| 722d Aircraft Control and Warning Squadron |||| Silver Lake, WASioux City Municipal Airport, IA||SM-140||ca. 15 Mar 1950–ca. 8 Jun 1951Programmed, but never activatedTo 722d Support Sq\n|-\n| 723d Aircraft Control and Warning Squadron |||| Selfridge AFB, MIFalls City AFS, NE ||SM-141|| May 1950–ca. 8 Jun 1951Programmed, but never activated\n|-\n| 724th Aircraft Control and Warning Squadron|||| Hamilton AFB, CANevada AFS, MO ||SM-142|| ca. 27 Apr 1950–ca. 8 Jun 1951Programmed, but never activated\n|-\n| 725th Aircraft Control and Warning Squadron |||| Kirtland AFB, NMTinker AFB, OKWalnut Ridge AFS, AR||SM-193  || ca. 27 Apr 1950-8 Jun 19518 Apr 1955-4 Apr 19564 Apr 1956-1 May 1962To 725th Radar Sq\n|-\n| 727th Aircraft Control and Warning Squadron|||| Shaw AFB, SCMyrtle Beach AFB, SC||  ||2 Sep 1950-26 Sep 195427 Sep 1954-1 Jul 1964To 727th Tac Control Sq\n|-\n| 728th Aircraft Control and Warning Squadron |||| Turner AFB, GAPope AFB, NCShaw AFB, SC ||  ||2 Sep 1950-2 Nov 19502 Nov 1950-15 Jan 195415 Jan 1954-1 Jul 1964To 728th Tac Control Sq\n|-\n| 729th Aircraft Control and Warning Squadron |||| Pope AFB, NCClovis AFB, NMRobins AFB, GA ||  ||5 Mar 1951-6 Nov 19526 Nov 1952-1 Dec 19531 Dec 1953-15 Jul 1958To 729th Tac Control Sq\n|-\n| 730th Aircraft Control and Warning Squadron |||| Union City AFS, TN||SM-144||Programmed, but never activated\n|-\n| 732d Aircraft Control and Warning Squadron |||| Oklahoma City AFS, OKOzona AFS, TX||TM-187||8 Nov 1956-25 Jul 195725 Jul 1957 – 1 Aug 1963\n|-\n| 733d Aircraft Control and Warning Squadron |||| Oklahoma City AFS, OKEagle Pass AFS, TX||TM-188||8 Sep 1956-2 Jul 19572 Jul 1957 – 1 Aug 1963\n|-\n| 734th Aircraft Control and Warning Squadron |||| D'jenane Krater, Morocco || Y-3  || Sept 1952 May 1962\n|-\n| 735th Aircraft Control and Warning Squadron |||| Nouasseur AB, MoroccoMechra bel Ksiri, Morocco ||Y-5  ||8 Oct 1952-9 Dec 19529 Dec 1952–ca. 18 Mar 1960\n|-\n| 736th Aircraft Control and Warning Squadron |||| Nouasseur AB, Morocco ||  ||8 Oct 1952 – 30 Jun 1962\n|-\n| 737th Aircraft Control and Warning Squadron |||| Saida, Morocco || Y-2 ||8 Aug 1953– Mar 1960\n|-\n| 738th Aircraft Control and Warning Squadron |||| Olathe AFS, KS || P-72 ||1 Feb 1953-1 Jan 1962To 738th Radar Sq\n|-\n| 739th Aircraft Control and Warning Squadron |||| Leaf River (renamed Wadena AFS), MN || P-17 ||1 Feb 1953-15 Jan 1963To 739th Radar Sq\n|-\n| 740th Aircraft Control and Warning Squadron |||| Rapid City AFB (renamed Ellsworth AFB), SD || M-97 ||1 Feb 1953 – 15 Aug 1962\n|-\n| 741st Aircraft Control and Warning Squadron |||| Lackland AFB, TX || P-75 ||1 Feb 1953 – 31 Dec 1969\n|-\n| 742d Aircraft Control and Warning Squadron |||| Ladd AFB, AKOklahoma City AFS, OKZapata AFS, TX || TM-189||1 Feb 1953-8 Apr 19538 Sep 1956-1 Jul 19571 Jul 1957 – 1 Jun 1961\n|-\n| 743d Aircraft Control and Warning Squadron |||| Campion AFS, AK || F-8 ||1 Feb 1953–ca. 1 Nov 1983\n|-\n| 744th Aircraft Control and Warning Squadron |||| Murphy Dome AFS, AK || F-2 ||1 Feb 1953–ca. 27 Jan 1992To 744th Air Defense Squadron\n|-\n| 745th Aircraft Control and Warning Squadron |||| Duncanville AFS, TX || P-78 ||1 Feb 1953 – 30 Sep 1969\n|-\n| 746th Aircraft Control and Warning Squadron |||| Tinker AFB, OKOklahoma City AFS, OK || P-52 ||1 Feb 1953-1 Jul 19561 Jul 1956 – 8 Sep 1968\n|-\n| 747th Aircraft Control and Warning Squadron |||| Ellington AFB, TX|| P-79 ||1 Feb 1953 – 31 Dec 1969\n|-\n| 748th Aircraft Control and Warning Squadron |||| Kotzebue AFS, AK || F-24 ||8 Jan 1957–ca. 1 Nov 1983\n|-\n| 749th Aircraft Control and Warning Squadron |||| Chiniak Point AFS, AL || F-18 ||8 Feb 1957-unknown\n|-\n| 750th Aircraft Control and Warning Squadron |||| Atolia (later Boron AFS), CA ||P-59||Feb 1952 – Jun 1975\n|-\n| 751st Aircraft Control and Warning Squadron ||||Port Hueneme Naval Sta, CAMount Laguna AFS, CA || P-76 ||27 Nov 1950 – Sep 1951Sep 1951-1 May 1960To 751st Radar Sq\n|-\n| 752d Aircraft Control and Warning Squadron |||| Empire AFS, MI || P-34 ||27 Nov 1950-15 Jul 1960To 752d Radar Sq\n|-\n| 753d Aircraft Control and Warning Squadron |||| Sault Sainte Marie AFS, MI || P-66 ||27 Nov 1950-15 Jul 1960To 753d Radar Sq\n|-\n| 754th Aircraft Control and Warning Squadron |||| Oscoda AFB, MIPort Austin AFS, MI||P-61||27 Nov 1950-20 Jul 5120 Jul 1951-1 Sep 1959To 754th Radar Sq\n|-\n| 755th Aircraft Control and Warning Squadron |||| Elkhorn (renamed Williams Bay AFS), WIArlington Heights AFS, IL||P-31RP-31||27 Nov 1950-1 Apr 19601 Apr 1960-15 Jul 1960To 755th Radar Sq\n|-\n| 756th Aircraft Control and Warning Squadron |||| Finland AFS, MN|| P-69||27 Nov 1950-15 Dec 1959To 756th Radar Sq\n|-\n| 757th Aircraft Control and Warning Squadron |||| Paine Field, WABirch Bay (renamed Blaine AFS, WA)|| L-31P-46||27 Nov 1950-15 Aug 195115 Aug 1951-1 Apr 1960To 757th Radar Sq\n|-\n| 758th Aircraft Control and Warning Squadron |||| Neah Bay, Washington (renamed Makah AFS, WA)|| P-44||27 Nov 1950-1 Apr 1960To 758th Radar Sq\n|-\n| 759th Aircraft Control and Warning Squadron |||| Naselle AFS, WA|| P-57||27 Nov 1950-1 Apr 1960To 759th Radar Sq\n|-\n| 760th Aircraft Control and Warning Squadron |||| Colville AFS, WA|| P-60||ca. 27 Nov 1950-1 Sep 1960To 760th Radar Sq\n|-\n| 761st Aircraft Control and Warning Squadron |||| Reedsport (renamed North Bend AFS), OR|| P-12||6 Feb 1951-15 Jul 1960To 761st Radar Sq\n|-\n| 762d Aircraft Control and Warning Squadron |||| North Truro AFS, MA|| P-10||27 Nov 1950-15 Dec 1958To 762d Radar Sq\n|-\n| 763d Aircraft Control and Warning Squadron |||| Shawnee (Renamed Lockport AFS, NY|| P-21||27 Nov 1950-8 Mar1959To 763d Radar Sq\n|-\n| 764th Aircraft Control and Warning Squadron |||| Bellevue Hill (renamed Saint Albans AFS), VT|| P-14||27 Nov 1950-1 Oct 1959To 764th Radar Sq\n|-\n| 765th Aircraft Control and Warning Squadron |||| Dow AFB, MECharleston AFS, ME|| L-1P-65||27 Nov 1950 – Aug 1951Aug 1951-1 Oct 1959To 765th Radar Sq\n|-\n| 766th Aircraft Control and Warning Squadron |||| Limestone AFB, MECaswell AFS, ME|| L-50P-80||27 Nov 1950-12 Apr 195112 Apr 1951-8 May 1959To 766th Radar Sq\n|-\n| 767th Aircraft Control and Warning Squadron |||| El Vado (renamed Tierra Amarilla AFS), NM|| LP-8 ||27 Nov 1950 – 8 Feb 1959\n|-\n| 768th Aircraft Control and Warning Squadron |||| Moriarty AFS, NM|| P-51||27 Nov 1950 – 1 Jun 1961\n|-\n| 769th Aircraft Control and Warning Squadron |||| Gonzales (renamed Continental Divide AFS), NM || P-7 ||27 Nov 1950 – 1 Jul 1961\n|-\n| 770th Aircraft Control and Warning Squadron |||| Palermo AFS, NJ|| P-54||27 Nov 1950-1 Oct 1959To 770th Radar Sq\n|-\n| 771st Aircraft Control and Warning Squadron |||| Fort Custis (renamed Cape Charles AFS), VA|| P-56||27 Nov 1950-1 Oct 1959To 771st Radar Sq\n|-\n| 772d Aircraft Control and Warning Squadron |||| Connellsville, PABlue Knob Park (later Claysburg AFS, PA)|| L-16P-63||27 Nov 1950–1951by Dec 1951-8 Mar 1959To 772d Radar Sq\n|-\n| 773d Aircraft Control and Warning Squadron |||| Camp Hero (renamed Montauk AFS), NY|| P-45||27 Nov 1950-1 Oct 1958To 773d Radar Sq\n|-\n| 774th Aircraft Control and Warning Squadron |||| Madera AFS, CA|| P-74||27 Nov 1950-15 Jan 1961To 774th Radar Sq\n|-\n| 775th Aircraft Control and Warning Squadron |||| Cambria AFS, CA|| P-2||27 Nov 1950-1 May 1961To 775th Radar Sq\n|-\n| 776th Aircraft Control and Warning Squadron |||| Point Arena AFS, CA|| P-37||27 Nov 1950-15 Jan 1961To 776th Radar Sq\n|-\n| 777th Aircraft Control and Warning Squadron |||| Klamath AFS, CA|| P-53||27 Nov 1950-15 Jul 1960To 777th Radar Sq\n|-\n| 778th Aircraft Control and Warning Squadron |||| Simpson (renamed Havre AFS), MT|| P-25||1 Mar 1951-1 Mar 1961To 778th Radar Sq\n|-\n| 779th Aircraft Control and Warning Squadron |||| Opheim AFS, NE|| P-26||1 Mar 1951-15 Jul 1961To 779th Radar Sq\n|-\n| 780th Aircraft Control and Warning Squadron |||| Fortuna AFS, ND|| P-27||1 Mar 1951-1 Aug 1961To 780th Radar Sq\n|-\n| 781st Aircraft Control and Warning Squadron |||| Fort Custer (renamed Custer AFS), MI|| P-67||16 Apr 1951-1 Sep 1959To 781st Radar Sq\n|-\n| 782d Aircraft Control and Warning Squadron |||| Rockville AFS, IN || P-53 || 16 Apr 1951 – 1 Nov 1959To 782d Radar Sq\n|-\n| 783d Aircraft Control and Warning Squadron |||| Guthrie AFS, WV || P-43 ||16 Apr 1951-1 Jul 1961To 783d Radar Sq\n|-\n| 784th Aircraft Control and Warning Squadron |||| Fort Knox (renamed Snow Mountain AFS), KY|| P-82||16 Apr 1951-1 May 1962To 784th Radar Sq\n|-\n| 785th Aircraft Control and Warning Squadron |||| Finley AFS, ND||P-29  ||16 Apr 1951-15 Jan 1960To 785th Radar Sq\n|-\n| 786th Aircraft Control and Warning Squadron |||| Velva (renamed Minot AFS), ND|| P-28||20 May 1951-15 Jul 1961To 786th Radar Sq\n|-\n| 787th Aircraft Control and Warning Squadron |||| Moulton (renamed Chandler AFS), MN|| L-18||27 Jun 1951-1 Apr 1961To 787th Radar Sq\n|-\n| 788th Aircraft Control and Warning Squadron |||| Waverly AFS, IA|| P-81||10 Apr 1951-1 Nov 1959To 788th Radar Sq\n|-\n| 789th Aircraft Control and Warning Squadron |||| Omaha AFS, NE|| P-71||1 May 1951-1 Jan 1962To 789th Radar Sq\n|-\n| 790th Aircraft Control and Warning Squadron |||| Sublette (renamed Kirksville AFS), MO|| P-64||1 May 1951-1 Nov 1959To 790th Radar Sq\n|-\n| 791st Aircraft Control and Warning Squadron |||| Hanna City AFS, IL|| P-85||1 May 1951-1 Nov 1959To 791st Radar Sq\n|-\n| 792d Aircraft Control and Warning Squadron |||| Tinker AFB, OKDobbins AFB, GANorth Charleston AFS, SC|| M-113||19 Mar 1951-4 Jun 19511 Nov 1953-24 Jan 195524 Jan 1955-25 Mar 1962To 792d Radar Sq\n|-\n| 793d Aircraft Control and Warning Squadron |||| Hutchinson AFS, KS|| P-47||1 May 1951-1 Feb 1962To 793d Radar Sq\n|-\n| 794th Aircraft Control and Warning Squadron |||| Cape Newenham, AK || F-5 ||8 Nov 1952 – 1 Nov 1983\n|-\n| 795th Aircraft Control and Warning Squadron |||| Cape Romanzof AFS, AK || F-6 ||8 Nov 1952 – 1 Nov 1983\n|-\n| 796th Aircraft Control and Warning Squadron |||| Bartlesville AFS, OK || P-77 ||1 May 1951 – 1 Jun 1961\n|-\n| 797th Aircraft Control and Warning Squadron |||| Fordland AFS, MO || P-68 ||1 May 1951 – 1 Jun 1961\n|-\n| 798th Aircraft Control and Warning Squadron |||| Belleville AFS, IL|| P-70||1 May 1951-1 Mar 1962To 798th Radar Sq\n|-\n| 799th Aircraft Control and Warning Squadron |||| Wright-Patterson AFB, OHJoelton AFS, TN || SM-145 ||8 Feb 1956-1 Oct 19561 Oct 1956 – 1 Jun 1961\n|-\n| 801st Aircraft Control and Warning Squadron |||| Malmstrom AFB, MT|| SM-147||8 Oct 1955-1 Mar 1961To 801st Radar Sq\n|-\n| 808th Aircraft Control and Warning Squadron |||| Snelling AFS, MNRochester AFS, MN || M-101 ||20 Jun 1953 – Sep 1955Sep 1955-8 Sep 1957\n|-\n| 809th Aircraft Control and Warning Squadron |||| Willow Run AFS, MIOwingsville AFS, KY || ||20 Jun 1953 – Dec 1954Dec 1954–ca. 1 Nov 1957\n|-\n| 810th Aircraft Control and Warning Squadron |||| Dobbins AFB, GAAndrews AFB, MDWinston-Salem AFS, NC|| M-130||20 Jun 1953 – May 1956May 1956 – Nov 1956Nov 1956-1 Mar 1962To 810th Radar Sq\n|-\n| 811th Aircraft Control and Warning Squadron |||| Oklahoma City AFS, OKPort Isabel AFS, TX ||TM-190 ||8 Apr 1956–ca. 8 Jan 1958ca. 8 Jan 1958 – 1 Jun 1961\n|-\n| 812th Aircraft Control and Warning Squadron |||| Oklahoma City AFS, OKLake Charles AFS, LA ||TM-194 ||8 Apr 1956 – Apr 1956Apr 1956-30 Apr 195730 Apr 1957 – 1 Sep 1961\n|-\n| 813th Aircraft Control and Warning Squadron |||| Oklahoma City AFS, OKRockport AFS, TX || TM-191 ||18 Dec 1956–19571957-1 Aug 1963\n|-\n| 814th Aircraft Control and Warning Squadron |||| Oklahoma City AFS, OKKilleen AFS (renamed Robert Gray AFB, TX || TM-192 ||8 May 1956-14 Feb 195714 Feb 1957 – 1 Feb 1961\n|-\n| 815th Aircraft Control and Warning Squadron |||| Oklahoma City AFS, OKLufkin AFS, TX || TM-193 ||8 May 1956 – Nov 1957Nov 1957-1 Jun 1961\n|-\n| 816th Aircraft Control and Warning Squadron |||| Nogales AFS, AZ || TM-182 || programmed, but never activated\n|-\n| 817th Aircraft Control and Warning Squadron |||| Foster AFB, TX ||  || To be activated 8 Oct 1956, orders rescinded\n|-\n| 818th Aircraft Control and Warning Squadron |||| Randolph AFB, TX || ||8 Oct 1956 – 15 Jul 1958\n|-\n| 819th Aircraft Control and Warning Squadron |||| Ellington AFB, TX || ||8 Oct 1956 – 15 Oct 1957\n|-\n| 820th Aircraft Control and Warning Squadron |||| Robins AFB, GAFort Heath, MA|| SM-148 || programmed, but not activated1 Dec 1961-1 Dec 1962was 820th Radar Sq\n|-\n| 821st Aircraft Control and Warning Squadron |||| Geiger Field, WABaker AFS, OR|| SM-149||ca. Sep 1957 – Jul 1959Jul 1959-15 Oct 1960To 821st Radar Sq\n|-\n| 822d Aircraft Control and Warning Squadron |||| Geiger Field, WACottonwood AFS, ID|| SM-150||ca. Feb 1957 – Jul 1958Jul 1958-1 Sep 1960To 822d Radar Sq\n|-\n| 823d Aircraft Control and Warning Squadron |||| Geiger Field, WAMica Peak AFS, WA|| SM-151||8 Apr 1955–19561956-1 Sep 1960To 823d Radar Sq\n|-\n| 825th Aircraft Control and Warning Squadron |||| Kamloops AS, British Columbia, CanadaMcChord AFB, WAKamloops AS, British Columbia, Canada||C-153 SM-153||1956-8 Apr 19578 Apr 1957 – Sep 1957Sep 1957-1 Apr 1962\n|-\n| 826th Aircraft Control and Warning Squadron |||| Hachita AFS, NM || TM-183 || programmed, but never activated\n|-\n| 827th Aircraft Control and Warning Squadron |||| Kingsley Field, OR|| TM-180||ca. Sep 1957-15 Jul 1960To 827th Radar Sq\n|-\n| 842d Aircraft Control and Warning Squadron |||| Ben Guerir AB, Morocco ||  ||ca. 1 Jan 1957–ca. 18 Mar 1960\n|-\n| 847th Aircraft Control and Warning Squadron ||||Misawa AB, JapanUnknown ||J-58  ||25 Aug 1951-15 Mar 195515 Mar 1955–ca.1961\n|-\n| 848th Aircraft Control and Warning Squadron |||| UnknownShikotsu, JapanWallace AS, Philippines ||R-71 ||ca. 25 Oct 1951–1955by Jan 1955 – Jun 1955Oct 1958-22 Nov 1989To 848th Air Defense Sq\n|-\n| 849th Aircraft Control and Warning Squadron |||| Probably Komaki AB, Japan || J-21 ||ca. 1 Mar 1955–ca. 31 Dec 1957\n|-\n| 850th Aircraft Control and Warning Squadron |||| Itazuke AB, Japan || J-13 ||25 Aug 1951-later than 1960\n|-\n| 851st Aircraft Control and Warning Squadron |||| Kadena AB, JapanCamp Bishigawa, JapanNaha AB, Japan ||  ||25 Aug 1951–ca Dec 1951ca. Dec 1951–ca. Jul 1952ca. Jul 1952-16 Mar 1955To Detachment #1, 313th Air Division\n|-\n| 852d Aircraft Control and Warning Squadron |||| Mount Santa Rosa, Guam || R-57 ||ca. 18 Apr 1952 – 8 Jun 1960\n|-\n| 853d Aircraft Control and Warning Squadron |||| Japan ||  ||25 Aug 1951-after 20 Sep 1952\n|-\n| 854th Aircraft Control and Warning Squadron |||| Clark AB, Philippines ||  ||25 Aug 1951 – 20 Sep 1952\n|-\n| 858th Aircraft Control and Warning Squadron |||| Hamilton AFB, CAFallon AFS, NV|| SM-156||8 Oct 1953–19561956-1 Dec 1962To 858th Radar Sq\n|-\n| 859th Aircraft Control and Warning Squadron |||| Hamilton AFB, CARed Bluff AFS, CA|| SM-157||8 Sep 1955–19561956-15 Jul 1960To 859th Radar Sq\n|-\n| 860th Aircraft Control and Warning Squadron |||| Hamilton AFB, CAFerndale AFS, CA|| SM-158 ||8 Nov 1954–ca. 31 Dec 1954Move cancelled, squadron inactivated\n|-\n| 861st Aircraft Control and Warning Squadron |||| Dobbins AFB, GAAiken AFS, SC||SM-159||8 Apr 1955-15 Aug 195515 Aug 1955-1 Nov 1961To 861st Radar Sq\n|-\n| 862d Aircraft Control and Warning Squadron |||| Poston AFS, AZ || SM-160 || programmed, but never activated\n|-\n| 863d Aircraft Control and Warning Squadron |||| Shafter Gap AFS, CA || SM-161 || programmed, but never activated\n|-\n| 864th Aircraft Control and Warning Squadron |||| Vincent AFB (renamed Yuma AFS), AZ || SM-162 || 8 Aug 1955 – 1 Aug 1963\n|-\n| 865th Aircraft Control and Warning Squadron |||| Norton AFB, CALas Vegas AFS, NV|| SM-163||8 Nov 1955-25 Jun 5625 Jun 56-15 Oct 61To 865th Radar Sq\n|-\n| 866th Aircraft Control and Warning Squadron |||| Hamilton AFB, CAHamilton AFB, CATonopah AFS, NV|| SM-164||8 Nov 1954-15 Dec 19548 Oct 1955 – May 1956May 1956-1 Jul 1961To 866th Radar Sq\n|-\n| 867th Aircraft Control and Warning Squadron |||| Dobbins AFB, GAFlintstone AFS, GA|| SM-162 || 8 Aug 1955-19551955-1 Jun 61\n|-\n| 871st Aircraft Control and Warning Squadron |||| Villatobas AS, Spain ||  || ca. 1 Jul 1957 – 1 Jan 1965\n|-\n| 872d Aircraft Control and Warning Squadron |||| Constantina AS, Spain ||  || ca. 1 Jul 1957 – 1 Jan 1965\n|-\n| 874th Aircraft Control and Warning Squadron |||| Inoges|Inoges AS, Spain || W-1 || 5 Jan 1959 – 1 Jan 1965\n|-\n| 875th Aircraft Control and Warning Squadron |||| Rosas AS, Spain ||  || 1 Feb 1959 – 1 Jan 1965\n|-\n| 876th Aircraft Control and Warning Squadron |||| Benidorm AC&W Site (later Alcoy AS), Spain || W-5 || 1 Sep 1958-1 Jan 1965\n|-\n| 877th Aircraft Control and Warning Squadron |||| Elizondo AS, Spain ||  || 1 Jul 1959 – 1 Jan 1965\n|-\n| 880th Aircraft Control and Warning Squadron |||| Soller AS, Spain || W-7 || 1 Jul 1959 – 1 Jan 1965\n|-\n| 902d Aircraft Control and Warning Squadron |||| Great Falls AFB, MTMiles City AFS, MT|| M-98||20 May 1953-16 Dec 195416 Dec 1954-15 Jul 1961To 902d Radar Sq\n|-\n| 903d Aircraft Control and Warning Squadron |||| Malmstrom AFB, MTGettysburg AFS, South Dakota|| M-99||20 May 1953-25 Oct 195525 Oct 1955-15 Jan 1961To 903d Radar Sq\n|-\n| 904th Aircraft Control and Warning Squadron |||| Great Falls AFB, MTWinslow AFS, AZ|| M-93||18 Jun 1953-14 Jun 195514 Jun 1955-15 Oct 61To 904th Radar Sq\n|-\n| 906th Aircraft Control and Warning Squadron |||| Willow Run AFS, MIGrand Marais AFS, MI|| M-109 ||26 May 1953 – Dec 1954Dec 1954–ca. 1 Nov 1957\n|-\n| 907th Aircraft Control and Warning Squadron |||| Hancock Field, NYBucks Harbor AFS, ME|| M-110||28 May 1953 – Feb 1955Feb 1955-1 Oct 1959To 907th Radar Sq\n|-\n| 908th Aircraft Control and Warning Squadron |||| Willow Run AFS, MIMalmstrom AFB, MTDobbins AFB, GA|| ||25 Jun 1953-12 Aug 195312 Aug 1953-25 Dec 195425 Dec 1954-1 Apr 1962To 908th Radar Sq\n|-\n| 911th Aircraft Control and Warning Squadron |||| Hancock Field, NYLyndonville AFS, Vermont|| M-103||26 May 1953 – 19561956-1 Oct 1959To 911th Radar Sq\n|-\n| 912th Aircraft Control and Warning Squadron |||| Grenier Field, NHRamore AS, Ontario, Canada || C-10 ||10 Mar 1952-21 Dec 1952ca. 21 Dec 1952 – 1 Jan 1962\n|-\n| 913th Aircraft Control and Warning Squadron |||| Grenier Field, NHPagwa River AS, Ontario, Canada || C-14 ||10 Mar 1952-20 Dec 1952ca. 20 Dec 1952-1 Jun 1963\n|-\n| 914th Aircraft Control and Warning Squadron |||| Grenier Field, NHRCAF Armstrong, Ontario, Canada || C-15 ||10 Mar 1952-21 Dec 1952ca. 21 Dec 1952-1 Nov 1962\n|-\n| 915th Aircraft Control and Warning Squadron |||| Grenier Field, NHSioux Lookout AS, Ontario, Canada || C-16 ||10 Mar 1952-5 Dec 1952ca. 5 Dec 1952-1 Oct 1962\n|-\n| 916th Aircraft Control and Warning Squadron |||| Grenier Field, NHBeausejour AS, Manitoba, Canada || C-17 ||12 Feb 1952-1 Dec 1952ca. 1 Dec 1952-1 Oct 1961\n|-\n| 917th Aircraft Control and Warning Squadron |||| Geiger Field, WAPuntzi Mountain AS, British Columbia, Canada || C-19 ||16 Apr 1952-8 Nov 1952ca. 8 Nov 1952-1 Feb 1963\n|-\n| 918th Aircraft Control and Warning Squadron |||| Geiger Field, WABaldy Hughes AS, British Columbia, Canada || C-20 ||16 Apr 1952-1 Jun 1953ca. 1 Jun 1953-1 Mar 1963\n|-\n| 919th Aircraft Control and Warning Squadron |||| Geiger Field, WASaskatoon Mountain AS, Alberta, Canada || C-21 ||16 Apr 1952-1 Jun 1953ca. 1 Jun 1953-1 Apr 1963\n|-\n| 920th Aircraft Control and Warning Squadron |||| Grenier Field, NHMcAndrew AFB, Newfoundland, CanadaResolution Island AFS, Northwest Territories, Canada || C-30 ||ca. 27 Oct 1951-19 Jan 1952Jan 1952–ca. 30 Jun 1953ca. 30 Jun 1953-1 Nov 1961\n|-\n| 921st Aircraft Control and Warning Squadron |||| Grenier Field, NHSt Anthony AS, Newfoundland, Canada ||C-26  ||26 May 1953–ca. 1 Oct 1953ca. 1 Oct 1953 – 18 Jun 1968\n|-\n| 922d Aircraft Control and Warning Squadron |||| Grenier Field, NHCartwright AS, Labrador, Canada ||C-27  ||26 May 1953–ca. 1 Oct 1953ca. 1 Oct 1953-18 Jun 1968\n|-\n| 923d Aircraft Control and Warning Squadron |||| Grenier Field, NHHopedale AS, Labrador, Canada ||C-28  ||13 Jun 1953–ca. 1 Nov 1953ca. 1 Nov 1953 – 18 Jun 1968\n|-\n| 924th Aircraft Control and Warning Squadron |||| Grenier Field, NHSaglek AS, Labrador, Canada ||C-29  ||13 Jun 1953–ca. 10 Dec 1953ca. 10 Dec 1953 – 31 Jul 1970\n|-\n| 926th Aircraft Control and Warning Squadron |||| Grenier Field, NHFrobisher Bay, Northwest Territories, Canada ||C-31  ||13 Jun 1953–ca. 19 Dec 1953ca. 19 Dec 1953-1 Nov 1961\n|-\n| 931st Aircraft Control and Warning Squadron |||| Thule AB, Greenland ||N-32  ||8 Sep 1952-24 Dec 1965After 1953 located at Pingarsuak Mountain\n|-\n| 932d Aircraft Control and Warning Squadron |||| Otis AFB, MAKeflavik Airport, Iceland Rockville AS, Iceland||H-1  ||11 May 1952 – Sep 1952Sep 1952 – Aug 1957Aug 1957-1 Oct 1987To 932d Air Defense Sq\n|-\n| 933d Aircraft Control and Warning Squadron |||| Hofn AS, Iceland || H-3  ||18 Apr 1955 – 8 Oct 1960\n|-\n| 934th Aircraft Control and Warning Squadron |||| Latrar AS, Iceland || H-4  ||8 Sep 1956 – 8 Oct 1960\n|-\n| 936th Aircraft Control and Warning Squadron |||| Elmendorf AFB, AKSitkinak AFS, AK || F-19  ||8 Feb 1957-1 Jun 19571 Jun 1957 – 9 Jul 1957\n|-\n| 937th Aircraft Control and Warning Squadron |||| Ohlson Mountain AFS, AK || F-25 ||8 Feb 1957 – 1 Oct 1963\n|-\n|}\nSee also\n* List of United States Air Force squadrons\n* United States general surveillance radar stations\nReferences\n;General\n*\n*\n*\n*\n*\n*\n*\nExternal links\n* [http://www.601st-615th-acw.org/index.html 601st AC&W Squadron]"
    }
  ]
}