{
  "content": [
    {
      "type": "text",
      "text": "# List of spa towns in the United Kingdom\n\nThe following is a list of current and former spa towns in the United Kingdom.\nEngland\nDerbyshire\n*Buxton\n*Matlock\n*Matlock Bath\nWorcestershire\n*Droitwich Spa\n*Malvern\n*Tenbury Wells\nYorkshire\n*Askern, South Yorkshire\n*Boston Spa, West Yorkshire\n*Harrogate, North Yorkshire\n*Ilkley, West Yorkshire\n*Knaresborough, North Yorkshire\nOther\n*Bath, Somerset\n*Cheltenham, Gloucestershire\n*Church Stretton, Shropshire\n*Dorton Spa, Buckinghamshire\n*Epsom, Surrey\n*Royal Leamington Spa, Warwickshire\n*Royal Tunbridge Wells, Kent\n*Shearsby, Leicestershire\nWales\n*Builth Wells\n*Llandrindod Wells\n*Llangammarch Wells\n*Llanwrtyd Wells\nFormer spa towns\nEngland\n*Ashby-de-la-Zouch, Leicestershire\n*Bakewell, Derbyshire\n*Baslow, Derbyshire\n*Clifton/Hotwells, Bristol\n*Ewell, Surrey\n*Goathland, North Yorkshire\n*Hartlepool, County Durham\n*Hockley, Essex\n*Hovingham, North Yorkshire\n*Leeds, West Yorkshire\n*Melksham, Wiltshire\n*Nantwich, Cheshire\n*Ossett, West Yorkshire\n*Ripon, North Yorkshire\n*Scarborough, North Yorkshire\n*Stoney Middleton, Derbyshire\n*Woodhall Spa, Lincolnshire\n*Wigan, Greater Manchester\n*Wirksworth, Derbyshire\nScotland\n*Bridge of Allan, Stirling (formerly in Stirlingshire)\n*Crieff, Perth and Kinross (formerly in Perthshire)\n*Dunblane, Stirling (formerly in Perthshire)\n*Moffat, Dumfries and Galloway (formerly in Dumfriesshire)\n*Peebles, Scottish Borders (formerly in Peebleshire)\n*Rothesay, Rothesay, Argyll and Bute (formerly in the County of Bute)\n*Strathpeffer, Ross and Cromarty (formerly in Ross-shire)\nWales\n*Taff's Well Thermal Spring, near Cardiff\n*Chalybeate springs, near Trefriw; the village was promoted in the first half of the 20th century as Trefriw Spa\nSee also\n* List of spa towns\nNotes\nReferences"
    }
  ]
}