{
  "content": [
    {
      "type": "text",
      "text": "# List of rallies for the 2016 Donald Trump presidential campaign\n\nHis first ever rally was on June 16, 2015, the same day he announced he was running for President of the United States from Trump Tower in New York. His first rally was in Des Moines, IA.\nThis is a list of rallies held by Donald Trump for his first successful presidential campaign in the 2016 presidential election resulting in him being elected the 45th president of the United States during his first presidency from 2017 to 2021. During the campaign which lasted 512 days, a total of 323 rallies were held: 186 for the primary season and 137 for the general election with total people attendance of around 1.4M+ (790K+  during primary elections and 650K+ for the general elections).\nPrimary season\n{| class=\"wikitable sortable\"  style=\"text-align: left;\"\n|+ Primary rallies (June 2015–June 2016)\n|-\n! scope=\"col\" | Date of Rally\n! scope=\"col\" | City\n! scope=\"col\" | State\n! scope=\"col\" | Venue\n! scope=\"col\" | Estimated Visitors\n! scope=\"col\" | Source\n|-\n| Tuesday, June 16, 2015||Des Moines||IA||Hoyt Sherman Place||1300||\n|-\n| Wednesday, June 17, 2015||Manchester||NH||Manchester Community College||300||\n|-\n| Saturday, July 11, 2015||Phoenix||AZ||Phoenix Convention Center||4,170||\n|-\n| Tuesday, July 21, 2015||Sun City||SC||Magnolia Hall||500||\n|-\n| Saturday, July 25, 2015||Oskaloosa||IA||Oskaloosa High School||1,000||\n|-\n| Friday, August 14, 2015||Hampton||NH||Winnacunnet High School||3,000||\n|-\n| Friday, August 21, 2015||Mobile||AL||Ladd–Peebles Stadium||15,000–30,000||\n|-\n| Tuesday, August 25, 2015||Dubuque||IA||Grand River Center||3,000||\n|-\n| Thursday, August 27, 2015||Greenville||SC||TD Convention Center||1,400||\n|-\n| Friday, August 28, 2015||Norwood||MA||Home of Ernie Boch, Jr.||1,500–2,000||\n|-\n| Monday, September 14, 2015||Dallas||TX||American Airlines Center||15,000||\n|-\n| Tuesday, September 15, 2015||Los Angeles||CA||||1,000||\n|-\n| Friday, September 25, 2015||Oklahoma City||OK||Oklahoma State Fair||15,000||\n|-\n| Wednesday, September 30, 2015||Keene||NH||Keene High School||3,500||\n|-\n| Saturday, October 3, 2015||Franklin||TN||Dortch Stove Works||||\n|-\n| Wednesday, October 7, 2015||Waterloo||IA||Electric Park Ballroom||1,100||\n|-\n| Saturday, October 10, 2015||Norcross||GA||North Atlanta Trade Center||7,700||\n|-\n| Friday, October 16, 2015||Tyngsboro||MA||Tyngsboro Elementary School||1,000||\n|-\n| Monday, October 19, 2015||Anderson||SC||Civic Center of Anderson||5,000||\n|-\n| Friday, October 23, 2015||Miami||FL||Trump National Doral Miami||||\n|-\n| Saturday, October 24, 2015||Jacksonville||FL||Jacksonville Landing||20,000||\n|-\n| Tuesday, October 27, 2015||Sioux City||IA||West High School||2,200||\n|-\n| Thursday, October 29, 2015||Sparks||NV||Nugget Casino Resort||2,000||\n|-\n| Saturday, October 31, 2015||Norfolk||VA||\n|2,000||\n|-\n| Monday, November 9, 2015||Springfield||IL||Prairie Capital Convention Center||10,200||\n|-\n| Thursday, November 12, 2015||Fort Dodge||IA||Iowa Central Community College||1,500||\n|-\n| Saturday, November 14, 2015||Beaumont||TX||Ford Arena||||\n|-\n| Monday, November 16, 2015||Knoxville||TN||Knoxville Convention Center||5,000||\n|-\n| Wednesday, November 18, 2015||Worcester||MA||DCU Center||10,500||\n|-\n| Thursday, November 19, 2015||Newton||IA||Maytag Auditorium, DMACC Newton Campus||400||\n|-\n| Saturday, November 21, 2015||Birmingham||AL||Birmingham–Jefferson Convention Complex||3,000||\n|-\n| Monday, November 23, 2015||Columbus||OH||Greater Columbus Convention Center||14,000||\n|-\n| Tuesday, November 24, 2015||Myrtle Beach||SC||Myrtle Beach Convention Center||8,000||\n|-\n| Saturday, November 28, 2015||Sarasota||FL||Robarts Arena||9,000||\n|-\n| Monday, November 30, 2015||Macon||GA||Macon Coliseum||6,000||\n|-\n| Tuesday, December 1, 2015||Waterville Valley||NH||White Mountain Athletic Club||900||\n|-\n| Wednesday, December 2, 2015||Manassas||VA||Prince William County Fairgrounds||||\n|-\n| Friday, December 4, 2015||Raleigh||NC||Dorton Arena||8,000||\n|-\n| Saturday, December 5, 2015||Davenport||IA||Mississippi Valley Fairgrounds||1,700||\n|-\n|Saturday, December 5, 2015\n|Spencer\n|IA||Clay County Regional Events Center||1,300||\n|-\n| Monday, December 7, 2015||Mount Pleasant||SC||||||\n|-\n| Friday, December 11, 2015||Des Moines||IA||Varied Industries Building, Iowa State Fairgrounds||2,500||\n|-\n| Saturday, December 12, 2015||Aiken||SC||USC Aiken Convocation Center||||\n|-\n| Monday, December 14, 2015||Las Vegas||NV||Westgate Las Vegas Resort & Casino||||\n|-\n| Wednesday, December 16, 2015||Mesa||AZ||Phoenix–Mesa Gateway Airport||3,100||\n|-\n| Saturday, December 19, 2015||Cedar Rapids||IA||Veterans Memorial Coliseum||1,200||\n|-\n| Monday, December 21, 2015||Grand Rapids||MI||DeltaPlex Arena||7,000||\n|-\n| Monday, December 28, 2015||Nashua||NH||Pennichuck Middle School||1,000||\n|-\n| Tuesday, December 29, 2015||Council Bluffs||IA||Mid-America Center||||\n|-\n| Wednesday, December 30, 2015||Hilton Head||SC||The Westin Hilton Head Island Resort & Spa||2,500||\n|-\n| Saturday, January 2, 2016||Biloxi||MS||Mississippi Coast Coliseum||15,000||\n|-\n| Monday, January 4, 2016||Lowell||MA||Tsongas Center||||\n|-\n| Tuesday, January 5, 2016||Claremont||NH||Stevens High School||1,200||\n|-\n| Thursday, January 7, 2016||Burlington||VT||Flynn Center for the Performing Arts||1,400||\n|-\n| Friday, January 8, 2016||Rock Hill||SC||Winthrop Coliseum||6,500||\n|-\n| Saturday, January 9, 2016||Clear Lake||IA||Surf Ballroom||1,700||\n|-\n|Saturday, January 9, 2016\n|Ottumwa\n|IA||Bridgeview Center||||\n|-\n| Sunday, January 10, 2016||Reno||NV||Reno Events Center||4,000||\n|-\n| Monday, January 11, 2016||Windham||NH||Castleton Banquet and Conference Center||600||\n|-\n| Tuesday, January 12, 2016||Cedar Falls||IA||West Gymnasium, University of Northern Iowa||2,000||\n|-\n| Wednesday, January 13, 2016||Pensacola||FL||Pensacola Bay Center||10,000||\n|-\n| Friday, January 15, 2016||Urbandale||IA||Living History Farms Visitor Center||100||\n|-\n| Monday, January 18, 2016||Concord||NH||Concord High School||700||\n|-\n|Monday, January 18, 2016\n|Lynchburg||VA||Vines Center, Liberty University||10,000||\n|-\n| Tuesday, January 19, 2016||Ames||IA||Hansen Agriculture Student Learning Center, Iowa State University||2,000||\n|-\n| Wednesday, January 20, 2016||Norwalk\n|IA||The Wright Place||300||\n|-\n|Wednesday, January 20, 2016\n|Tulsa||OK||Mabee Center, Oral Roberts University||9,000||\n|-\n| Thursday, January 21, 2016||Las Vegas||NV||South Point Hotel, Casino & Spa||3,000||\n|-\n| Saturday, January 23, 2016||Pella||IA||Douwstra Auditorium, Central College||400||\n|-\n|Saturday, January 23, 2016\n|Sioux Center\n|IA||B. J. Haan Auditorium, Dordt College||2,600||\n|-\n| Sunday, January 24, 2016||Muscatine\n|IA||Muscatine High School|| rowspan=\"2\" |1,000||\n|-\n| Monday, January 25, 2016||Farmington||NH||Farmington Senior High School||\n|-\n| Tuesday, January 26, 2016||Iowa City||IA||Iowa Field House, University of Iowa ||2,000||\n|-\n|Tuesday, January 26, 2016\n|Marshalltown\n|IA||Roundhouse Gymnasium, Marshalltown High School||2,100||\n|-\n| Wednesday, January 27, 2016||Gilbert||SC||The Barn at Harmon's||400||\n|-\n| Thursday, January 28, 2016||Des Moines||IA||Sheslow Auditorium, Drake University||700||\n|-\n| Friday, January 29, 2016||Nashua||NH||Radisson Hotel Nashua||850||\n|-\n| Saturday, January 30, 2016||Clinton||IA||Clinton Middle School||1,000||\n|-\n|Saturday, January 30, 2016\n|Davenport\n|IA||Adler Theatre||2,400||\n|-\n|Saturday, January 30, 2016\n|Dubuque\n|IA||Dubuque Regional Airport||1,200||\n|-\n| Sunday, January 31, 2016||Council Bluffs\n|IA||Gerald W. Kirn Middle School||2,000||\n|-\n| Monday, February 1, 2016||Cedar Rapids\n|IA||DoubleTree Hotel Cedar Rapids Convention Complex||1,500||\n|-\n|Monday, February 1, 2016\n|Waterloo\n|IA||Ramada Waterloo Hotel and Convention Center||300||\n|-\n| Tuesday, February 2, 2016||Milford||NH||Hampshire Hills Athletic Club||||\n|-\n| Wednesday, February 3, 2016||Little Rock||AR||Barton Coliseum||11,500||\n|-\n| Thursday, February 4, 2016||Exeter||NH||Exeter Town Hall||||\n|-\n|Thursday, February 4, 2016\n|Portsmouth\n|NH||Great Bay Community College||500||\n|-\n| Friday, February 5, 2016||Florence||SC||Florence Civic Center||||\n|-\n| Sunday, February 7, 2016||Holderness||NH||ALLWell North, Plymouth State University||2,500||\n|-\n| Monday, February 8, 2016||Londonderry\n|NH||Londonderry Lions Club||200||\n|-\n|Monday, February 8, 2016\n|Manchester\n|NH||Verizon Wireless Arena||5,000||\n|-\n|Monday, February 8, 2016\n|Salem\n|NH||Derry-Salem Elks Lodge||200||\n|-\n| Wednesday, February 10, 2016||Pendleton||SC||T. Ed Garrison Arena, Clemson University||5,000||\n|-\n| Thursday, February 11, 2016||Baton Rouge||LA||Baton Rouge River Center|| rowspan=\"2\" |10,000||\n|-\n| Friday, February 12, 2016||Tampa||FL||USF Sun Dome, University of South Florida||\n|-\n| Monday, February 15, 2016||Greenville||SC||TD Convention Center||||\n|-\n| rowspan=\"2\" | Tuesday, February 16, 2016||Beaufort\n|SC||Beaufort High School Performing Arts Center||20,000||\n|-\n|North Augusta\n|SC||Riverview Park Activities Center||2,000||\n|-\n| rowspan=\"2\" | Wednesday, February 17, 2016||Sumter\n|SC||Sumter County Civic Center|| rowspan=\"2\" |4,000||\n|-\n|Walterboro\n|SC||Randy and Sara White's farm ||\n|-\n| rowspan=\"2\" | Thursday, February 18, 2016||Gaffney\n|SC||Broad River Electric Cooperative||||\n|-\n|Kiawah\n|SC||Turtle Point Clubhouse, Kiawah Island Golf Resort||||\n|-\n| rowspan=\"3\" | Friday, February 19, 2016||North Charleston\n|SC||North Charleston Convention Center||2,000||\n|-\n|Myrtle Beach\n|SC||Myrtle Beach Sports Center||12,000||\n|-\n|Pawleys Island\n|SC||Pawley's Plantation Golf & Country Club||1,000||\n|-\n| Sunday, February 21, 2016||Atlanta||GA||Georgia World Congress Center||||\n|-\n| Monday, February 22, 2016||Las Vegas||NV||South Point Hotel, Casino & Spa||||\n|-\n| Tuesday, February 23, 2016||Sparks\n|NV||Rose Ballroom||3,000||\n|-\n| Friday, February 26, 2016||Fort Worth||TX||Fort Worth Convention Center||8,000||\n|-\n|Friday, February 26, 2016\n|Oklahoma City||OK||Cox Convention Center||7,000||\n|-\n| Saturday, February 27, 2016||Highfill||AR||Northwest Arkansas Regional Airport||5,000||\n|-\n|Saturday, February 27, 2016\n|Millington||TN||Millington Regional Jetport||10,000||\n|-\n| Sunday, February 28, 2016||Madison||AL||Madison City Schools Stadium||||\n|-\n| Monday, February 29, 2016||Radford||VA||Dedmon Center, Radford University||3,800||\n|-\n|Monday, February 29, 2016\n|Valdosta||GA||The Complex, Valdosta State University||7,500||\n|-\n| Tuesday, March 1, 2016||Columbus||OH||Port Columbus International Airport||4,000||\n|-\n|Tuesday, March 1, 2016\n|Louisville||KY||Kentucky International Convention Center||5,000||\n|-\n| Thursday, March 3, 2016||Portland||ME||The Westin Portland Harborview Hotel||1,100||\n|-\n| Friday, March 4, 2016||Warren||MI||Sports & Expo Center, Macomb Community College||4,000||\n|-\n|Friday, March 4, 2016\n|Cadillac\n|MI||Wexford County Civic Center||3,500||\n|-\n|Friday, March 4, 2016\n|New Orleans||LA||Lakefront Airport||4,000||\n|-\n| Saturday, March 5, 2016||Orlando||FL||CFE Arena, University of Central Florida||10,000||\n|-\n|Saturday, March 5, 2016\n|Wichita||KS||Century II Performing Arts & Convention Center||||\n|-\n| Monday, March 7, 2016||Concord||NC||Cabarrus Arena & Events Center||3,000||\n|-\n|Monday, March 7, 2016\n|Madison||MS||Madison Central High School||9,000||\n|-\n| Wednesday, March 9, 2016||Fayetteville||NC||Crown Coliseum||11,000||\n|-\n| Friday, March 11, 2016||St. Louis||MO||Peabody Opera House||3,100||\n|-\n| Saturday, March 12, 2016||Cleveland||OH||I-X Center||29,000||\n|-\n|Saturday, March 12, 2016\n|Dayton\n|OH||Dayton International Airport||20,000||\n|-\n|Saturday, March 12, 2016\n|Kansas City||MO||Midland Theatre||7,000||\n|-\n| Sunday, March 13, 2016||Bloomington||IL||Synergy Flight Center, Central Illinois Regional Airport||3,000||\n|-\n|Sunday, March 13, 2016\n|Boca Raton||FL||Sunset Cove Amphitheater, Sugar Sand Park||6,000||\n|-\n| Monday, March 14, 2016||Tampa\n|FL||Tampa Convention Center||1,500||\n|-\n|Monday, March 14, 2016\n|Vienna||OH||Winner Aviation, Youngstown–Warren Regional Airport||2,500||\n|-\n| Friday, March 18, 2016||Salt Lake City||UT||Infinity Event Center||1,200||\n|-\n| Saturday, March 19, 2016||Fountain Hills||AZ||Fountain Park||10,000||\n|-\n|Saturday, March 19, 2016\n|Tucson\n|AZ||Tucson Convention Center||5,000||\n|-\n| Tuesday, March 29, 2016||Janesville||WI||Janesville Conference Center|| rowspan=\"2\" |1,000||\n|-\n| Wednesday, March 30, 2016||Appleton\n|WI||Radisson Paper Valley Hotel||\n|-\n| Wednesday, March 30, 2016||De Pere\n|WI||Byron L. Walter Theatre, St. Norbert College||750||\n|-\n| Saturday, April 2, 2016||Eau Claire\n|WI||Memorial High School||1,500||\n|-\n|Saturday, April 2, 2016\n|Racine\n|WI||Memorial Hall||1,200||\n|-\n|Saturday, April 2, 2016\n|Rothschild\n|WI||Central Wisconsin Convention & Expo Center||1,700||\n|-\n| Sunday, April 3, 2016||West Allis\n|WI||Nathan Hale High School||1,000||\n|-\n| Monday, April 4, 2016||La Crosse\n|WI||La Crosse Center||1,700||\n|-\n|Monday, April 4, 2016\n|Milwaukee\n|WI||Milwaukee Theatre||||\n|-\n|Monday, April 4, 2016\n|Superior\n|WI||Richard I. Bong Airport||1,000||\n|-\n| Wednesday, April 6, 2016||Bethpage||NY||Grumman Studios||10,000||\n|-\n| Sunday, April 10, 2016||Rochester\n|NY||JetSmart Aviation Services, Greater Rochester International Airport||9,000||\n|-\n| Monday, April 11, 2016||Albany\n|NY||Times Union Center||10,000||\n|-\n| Tuesday, April 12, 2016||Rome\n|NY||Griffiss International Airport||5,000||\n|-\n| Wednesday, April 13, 2016||Pittsburgh||PA||David L. Lawrence Convention Center||4,500||\n|-\n| Friday, April 15, 2016||Hartford||CT||Connecticut Convention Center||7,000||\n|-\n|Friday, April 15, 2016\n|Plattsburgh||NY||Crete Civic Center||3,000||\n|-\n| Saturday, April 16, 2016||Syracuse\n|NY||Nicholas J. Pirro Convention Center, Oncenter||5,000||\n|-\n|Saturday, April 16, 2016\n|Watertown\n|NY||Watertown International Airport||2,000||\n|-\n| Sunday, April 17, 2016||Poughkeepsie\n|NY||Mid-Hudson Civic Center||||\n|-\n| Monday, April 18, 2016||Buffalo\n|NY||First Niagara Center||11,400||\n|-\n| Wednesday, April 20, 2016||Indianapolis||IN||Elements Financial Blue Ribbon Pavilion, Indiana State Fairgrounds||4,000||\n|-\n|Wednesday, April 20, 2016\n|Berlin||MD||Stephen Decatur High School||3,000||\n|-\n| Thursday, April 21, 2016||Harrisburg||PA||Pennsylvania Farm Show Complex & Expo Center||6,000||\n|-\n| Friday, April 22, 2016||Harrington||DE||Quillen Arena, Delaware State Fairgrounds||8,200||\n|-\n| Saturday, April 23, 2016||Bridgeport||CT||Klein Memorial Auditorium||1,400||\n|-\n|Saturday, April 23, 2016\n|Waterbury\n|CT||Crosby High School||3,000||\n|-\n| Sunday, April 24, 2016||Hagerstown||MD||Rider Jet Center, Hagerstown Regional Airport||5,000||\n|-\n| Monday, April 25, 2016||Warwick||RI||Crowne Plaza Hotel Providence-Warwick||1,000||\n|-\n|Monday, April 25, 2016\n|West Chester||PA||West Chester University||3,500||\n|-\n|Monday, April 25, 2016\n|Wilkes-Barre\n|PA||Mohegan Sun Arena at Casey Plaza||10,000||\n|-\n| Wednesday, April 27, 2016||Indianapolis||IN||Indiana Farmers Coliseum||5,000||\n|-\n| Thursday, April 28, 2016||Costa Mesa||CA||Pacific Amphitheatre, OC Fair & Event Center||||\n|-\n|Thursday, April 28, 2016\n|Evansville||IN||Old National Events Plaza||12,000||\n|-\n| Sunday, May 1, 2016||Fort Wayne\n|IN||Allen County War Memorial Coliseum||8,000||\n|-\n|Sunday, May 1, 2016\n|Terre Haute\n|IN||Indiana Theatre||2,100||\n|-\n| Monday, May 2, 2016||Carmel\n|IN||The Palladium at the Center for the Performing Arts||1,800||\n|-\n|Monday, May 2, 2016\n|South Bend\n|IN||Century Center||8,000||\n|-\n| Thursday, May 5, 2016||Charleston||WV||Charleston Civic Center||||\n|-\n| Friday, May 6, 2016||Eugene||OR||Lane Events Center||5,000||\n|-\n|Friday, May 6, 2016\n|Omaha||NE||Werner Enterprises Hangar, Eppley Airfield||3,500||\n|-\n| Saturday, May 7, 2016||Lynden|| rowspan=\"2\" |WA||Northwest Washington Fair and Event Center||7,500||\n|-\n|Saturday, May 7, 2016\n|Spokane||Spokane Convention Center||10,000||\n|-\n| Tuesday, May 24, 2016||Albuquerque||NM||Albuquerque Convention Center||8,000||\n|-\n| Wednesday, May 25, 2016||Anaheim||CA||Anaheim Convention Center||3,000||\n|-\n| Thursday, May 26, 2016||Billings||MT||Rimrock Auto Arena at MetraPark|| rowspan=\"2\" |7,000||\n|-\n| rowspan=\"2\" | Friday, May 27, 2016||Fresno||CA||Selland Arena||\n|-\n|San Diego\n|CA||San Diego Convention Center||||\n|-\n| Wednesday, June 1, 2016||Sacramento\n|CA||Sacramento Jet Center, Sacramento International Airport||5,000||\n|-\n| Thursday, June 2, 2016||San Jose\n|CA||South Hall, San Jose Convention Center||||\n|-\n| Friday, June 3, 2016||Redding\n|CA||Redding Municipal Airport||4,000||\n|}\nGeneral election season\n{| class=\"wikitable sortable\"\n|+ General election rallies (June–November 2016)\n|-\n! scope=\"col\" | Date of Rally\n! scope=\"col\" | City\n! scope=\"col\" | State\n! scope=\"col\" | Venue\n! scope=\"col\" | Estimated Visitors\n! scope=\"col\" | Source\n|-\n| Friday, June 10, 2016||Richmond||VA||Richmond Coliseum||5,000||\n|-\n| rowspan=\"2\" | Saturday, June 11, 2016||Moon||PA||Atlantic Aviation PIT, Pittsburgh International Airport||1,500||\n|-\n|Tampa||FL||Tampa Convention Center||4,000||\n|-\n| Tuesday, June 14, 2016||Greensboro||NC||Greensboro Coliseum Complex||6,200||\n|-\n| Wednesday, June 15, 2016||Atlanta||GA||Fox Theatre||3,500||\n|-\n| Thursday, June 16, 2016||Dallas|| rowspan=\"2\" |TX||Gilley's Club||3,600||\n|-\n| Friday, June 17, 2016||The Woodlands||The Woodlands Waterway Marriott Hotel & Conference Center||5,000||\n|-\n| rowspan=\"2\" | Saturday, June 18, 2016||Las Vegas||NV||Mystère Theatre, Treasure Island Hotel and Casino||1,600||\n|-\n|Phoenix||AZ||Arizona Veterans Memorial Coliseum, Arizona State Fairgrounds||6,000||\n|-\n| Tuesday, June 28, 2016||St. Clairsville||OH||Health and Physical Education Center, Ohio University Eastern Campus||4,000||\n|-\n| Wednesday, June 29, 2016||Bangor||ME||Cross Insurance Center||4,000||\n|-\n| Tuesday, July 5, 2016||Raleigh||NC||Raleigh Memorial Auditorium, Duke Energy Center for the Performing Arts||2,300||\n|-\n| Wednesday, July 6, 2016||Cincinnati||OH||Sharonville Convention Center ||7,000||\n|-\n| Tuesday, July 12, 2016||Westfield||IN||Grand Park Event Center, Grand Park||2,000||\n|-\n| Monday, July 25, 2016||Winston-Salem||NC||Winston-Salem Fairground Annex, Dixie Classic Fairgrounds||4,700||\n|-\n| rowspan=\"2\" | Wednesday, July 27, 2016||Scranton||PA||Student Union Gymnasium, Lackawanna College||3,500||\n|-\n|Toledo||OH||Huntington Center||8,900||\n|-\n| rowspan=\"2\" | Thursday, July 28, 2016||Cedar Rapids|| rowspan=\"2\" |IA|| DoubleTree Hotel Cedar Rapids Convention Complex||3,000||\n|-\n|Davenport||Adler Theatre||2,400||\n|-\n| rowspan=\"2\" | Friday, July 29, 2016||Colorado Springs|| rowspan=\"2\" |CO||Gallogly Event Center, University of Colorado Colorado Springs||2,500||\n|-\n|Denver||Wings Over the Rockies Air and Space Museum||6,000||\n|-\n| rowspan=\"2\" | Monday, August 1, 2016||Columbus||OH||Greater Columbus Convention Center||1,000||\n|-\n|Mechanicsburg||PA||Cumberland Valley High School||5,000||\n|-\n| Tuesday, August 2, 2016||Ashburn||VA||Briar Woods High School||800||\n|-\n| rowspan=\"2\" | Wednesday, August 3, 2016||Daytona Beach|| rowspan=\"2\" |FL||Ocean Center|| rowspan=\"2\" |10,000||\n|-\n|Jacksonville||Jacksonville Veterans Memorial Arena||\n|-\n| Thursday, August 4, 2016||Portland||ME||Merrill Auditorium||1,600||\n|-\n| rowspan=\"2\" | Friday, August 5, 2016||Des Moines||IA||Iowa Events Center||6,000||\n|-\n|Green Bay||WI||KI Convention Center||3,000||\n|-\n| Saturday, August 6, 2016||Windham||NH||Windham High School||1,500||\n|-\n| rowspan=\"2\" | Tuesday, August 9, 2016||Fayetteville|| rowspan=\"2\" |NC||Crown Arena||3,000||\n|-\n|Wilmington||Trask Coliseum, University of North Carolina at Wilmington||||\n|-\n| Wednesday, August 10, 2016||Sunrise|| rowspan=\"2\" |FL||BB&T Center||||\n|-\n| Thursday, August 11, 2016||Kissimmee||Silver Spurs Arena||8,000||\n|-\n| rowspan=\"2\" | Friday, August 12, 2016||Altoona|| rowspan=\"2\" |PA||Blair County Convention Center||5,000||\n|-\n|Erie||Erie Insurance Arena||8,000||\n|-\n| Saturday, August 13, 2016||Fairfield||CT||William H. Pitt Center, Sacred Heart University||5,000||\n|-\n| Tuesday, August 16, 2016||West Bend||WI||Ziegler Family Expo Center, Washington County Fair Park & Conference Center||2,000||\n|-\n| Thursday, August 18, 2016||Charlotte||NC||Charlotte Convention Center||5,000||\n|-\n| Friday, August 19, 2016||Dimondale||MI||The Summit Sports and Ice Complex||5,000||\n|-\n| Saturday, August 20, 2016||Fredericksburg||VA||Fredericksburg Expo & Conference Center||3,600||\n|-\n| Monday, August 22, 2016||Akron||OH||James A. Rhodes Arena, University of Akron||5,000||\n|-\n| Tuesday, August 23, 2016||Austin||TX||Luedecke Arena||7,000||\n|-\n| rowspan=\"2\" | Wednesday, August 24, 2016||Tampa||FL||Entertainment Hall, Florida State Fairgrounds||3,000||\n|-\n|Jackson||MS||Mississippi Coliseum||||\n|-\n| Thursday, August 25, 2016||Manchester||NH||Radisson Hotel Manchester Downtown||900||\n|-\n| Tuesday, August 30, 2016||Everett||WA||Xfinity Arena||||\n|-\n| Wednesday, August 31, 2016||Phoenix||AZ||Phoenix Convention Center||7,500||\n|-\n| Thursday, September 1, 2016||Wilmington||OH||Roberts Centre||5,500||\n|-\n| Tuesday, September 6, 2016||Greenville||NC||Greenville Convention Center||3,000||\n|-\n| Friday, September 9, 2016||Pensacola||FL||Pensacola Bay Center||12,500||\n|-\n| Monday, September 12, 2016||Asheville||NC||U.S. Cellular Center||6,000||\n|-\n| rowspan=\"2\" | Tuesday, September 13||Clive||IA||7 Flags Event Center||1,600||\n|-\n| Aston||PA|| ||?||\n|-\n| Wednesday, September 14, 2016||Canton||OH||Canton Memorial Civic Center||6,000||\n|-\n| Thursday, September 15, 2016||Laconia||NH||Laconia Middle School||600|| Related: Crowd coverage/views available at [https://www.youtube.com/user/rightsideradio/search?query=laconia Right Side Broadcasting Network via YouTube].\n|-\n| Friday, September 16, 2016||Miami||FL||Knight Center Complex|||| Related:\n|-\n| Saturday, September 17, 2016||Colorado Springs||CO||Colorado Jet Center, Colorado Springs Airport||||\n|-\n| Monday, September 19, 2016||Estero||FL||Germain Arena||8,000||\n|-\n| rowspan=\"2\" | Tuesday, September 20, 2016||High Point|| rowspan=\"2\" |NC||Millis Athletic Convocation Center, High Point University||2,000||\n|-\n|Kenansville||Duplin County Events Center||6,000||\n|-\n| Wednesday, September 21, 2016||Toledo||OH||Stranahan Theater|||||\n|-\n| Thursday, September 22, 2016||Chester Township||PA||Sun Center Studios||3,000||\n|-\n| Saturday, September 24, 2016||Roanoke||VA||Berglund Center||9,000||\n|-\n| Tuesday, September 27, 2016||Melbourne||FL||Melbourne Orlando International Airport||||\n|-\n| rowspan=\"2\" | Wednesday, September 28, 2016||Council Bluffs||IA||Mid-America Center||1,200||\n|-\n|Waukesha||WI||Waukesha County Expo Center||1,500||\n|-\n| Thursday, September 29, 2016||Bedford||NH||NH Sportsplex||900||\n|-\n| Friday, September 30, 2016||Novi||MI||Suburban Collection Showplace||6,000||\n|-\n| Saturday, October 1, 2016||Manheim||PA||Spooky Nook Sports||6,000||\n|-\n| rowspan=\"2\" | Monday, October 3, 2016||Pueblo|| rowspan=\"2\" |CO||Pueblo Convention Center||2,000||\n|-\n|Loveland||Budweiser Events Center||8,000||\n|-\n| Tuesday, October 4, 2016||Prescott Valley||AZ||Prescott Valley Event Center|| rowspan=\"2\" |7,000||\n|-\n| rowspan=\"2\" | Wednesday, October 5, 2016||Henderson|| rowspan=\"2\" |NV||Henderson Pavilion||\n|-\n|Reno||Reno-Sparks Convention Center||||\n|-\n| rowspan=\"2\" | Monday, October 10, 2016||Ambridge|| rowspan=\"2\" |PA||Ambridge Area High School||3,000||\n|-\n|Wilkes-Barre||Mohegan Sun Arena at Casey Plaza||9,000||\n|-\n| Tuesday, October 11, 2016||Panama City Beach|| rowspan=\"4\" |FL||Aaron Bessant Amphitheater, Aaron Bessant Park||8,500||\n|-\n| rowspan=\"2\" | Wednesday, October 12, 2016||Ocala||Southeastern Livestock Pavilion||12,000||\n|-\n|Lakeland||Lakeland Linder International Airport||7,000||\n|-\n| rowspan=\"2\" | Thursday, October 13, 2016||West Palm Beach||South Florida Fairgrounds Expo Center||6,000||\n|-\n|Cincinnati||OH||U.S. Bank Arena||21,000||\n|-\n| rowspan=\"2\" | Friday, October 14, 2016||Greensboro|| rowspan=\"2\" |NC||White Oak Amphitheatre||4,000||\n|-\n|Charlotte||Charlotte Convention Center||5,000||\n|-\n| rowspan=\"2\" | Saturday, October 15, 2016||Portsmouth||NH||Toyota of Portsmouth||7,000||\n|-\n|Bangor||ME||Cross Insurance Center||4,000||\n|-\n| Monday, October 17, 2016||Green Bay||WI||KI Convention Center||3,000||\n|-\n| rowspan=\"2\" | Tuesday, October 18||Colorado Springs|| rowspan=\"2\" |CO||Norris-Penrose Event Center||||\n|-\n|Grand Junction||West Star Aviation, Grand Junction Regional Airport||||\n|-\n| Thursday, October 20, 2016||Delaware||OH||Delaware County Fair||1,500||\n|-\n| rowspan=\"3\" | Friday, October 21, 2016||Fletcher||NC||WNC Agricultural Center||3,100||\n|-\n|Johnstown|| rowspan=\"2\" |PA||Cambria County War Memorial Arena|| rowspan=\"2\" |4,000||\n|-\n|Newtown Township||Newtown Athletic Club Sports Training Center||\n|-\n| rowspan=\"2\" | Saturday, October 22, 2016||Virginia Beach||VA||Library Plaza, Regent University||10,000||\n|-\n|Cleveland||OH||I-X Center||||\n|-\n| Sunday, October 23, 2016||Naples|| rowspan=\"5\" |FL||Collier County Fairgrounds||12,000||\n|-\n| rowspan=\"2\" | Monday, October 24, 2016||St. Augustine||St. Augustine Amphitheatre||||\n|-\n|Tampa||MidFlorida Credit Union Amphitheatre||15–28,000||\n|-\n| rowspan=\"2\" | Tuesday, October 25, 2016||Sanford||Million Air Orlando, Orlando Sanford International Airport||10,000||\n|-\n|Tallahassee||Tallahassee Car Museum||||\n|-\n| Wednesday, October 26, 2016||Kinston||NC||Kinston Jet Center, Kinston Regional Jetport||3,100||\n|-\n| rowspan=\"3\" | Thursday, October 27, 2016||Springfield|| rowspan=\"3\" |OH||Clark County Fairgrounds||5,000||\n|-\n|Toledo||SeaGate Convention Centre||2,900||\n|-\n|Geneva||Track and Field Building, SPIRE Institute||5,000||\n|-\n| rowspan=\"3\" | Friday, October 28, 2016||Manchester||NH||Radisson Hotel Manchester Downtown||||\n|-\n|Lisbon||ME||Open Door Christian Academy||1,200||\n|-\n|Cedar Rapids||IA||McGrath Amphitheatre||5,000||\n|-\n| rowspan=\"2\" | Saturday, October 29, 2016||Golden||CO||Jefferson County Events Center||||\n|-\n|Phoenix||AZ||Phoenix Convention Center||8,000||\n|-\n| rowspan=\"3\" | Sunday, October 30, 2016||Las Vegas||NV||The Venetian Las Vegas||8,400||\n|-\n|Greeley||CO||Bank of Colorado Arena, University of Northern Colorado||3,000||\n|-\n|Albuquerque||NM||Atlantic Aviation ABQ, Albuquerque International Sunport||4,000||\n|-\n| rowspan=\"2\" | Monday, October 31, 2016||Grand Rapids|| rowspan=\"2\" |MI||DeltaPlex Arena||6,500||\n|-\n|Warren||Sports & Expo Center, Macomb Community College South Campus||5,000||\n|-\n|Tuesday, November 1, 2016 ||Eau Claire||WI|| W.L. Zorn Arena|| 3,000 ||\n|-\n| rowspan=\"3\" |Wednesday, November 2, 2016 ||Orlando|| rowspan=\"4\" |FL||CFE Arena, Central Florida Fairgrounds|| 10,000 ||\n|-\n|Pensacola||Maritime Park's Hunter Amphitheater ||6–10,000||\n|-\n|Miami||Bayfront Park|| 2,600||\n|-\n| rowspan=\"3\" |Thursday, November 3, 2016 ||Jacksonville||Jacksonville Equestrian Center|| 4,000 ||\n|-\n|Concord|| rowspan=\"2\" |NC|| Cabarrus Arena & Events Center|| 4,200||\n|-\n|Selma||The Farm|| 15,000 ||\n|-\n| rowspan=\"3\" |Friday, November 4, 2016 ||Atkinson|| NH||Atkinson Country Club|| 1,000 ||\n|-\n|Wilmington||OH|| Airborne Maintenance & Engineering Services, Inc|| 3,000||\n|-\n|Hershey|| PA||Giant Center|| 13,000 ||\n|-\n| rowspan=\"4\" |Saturday, November 5, 2016 ||Tampa|| FL|| Florida State Fairgrounds|| 5–20,000||\n|-\n|Wilmington|| NC|| Wilmington International Airport|| 5,000||\n|-\n|Reno|| NV ||Reno-Sparks Convention Center || rowspan=\"2\" |8,000 ||\n|-\n|Denver|| CO ||National Western Complex ||\n|-\n| rowspan=\"5\" |Sunday, November 6, 2016 ||Sioux City|| IA|| Sioux City Convention Center||4,500 ||\n|-\n|Minneapolis|| MN|| Sun Country Airlines|| 9–20,000||\n|-\n|Sterling Heights||MI||Freedom Hill Amphitheater, Freedom Hill County Park||8,000||\n|-\n|Moon Township ||PA|| Atlantic Aviation|| 12,000||\n|-\n|Leesburg|| VA||Agricultural hall, Loudoun Fairgrounds|| 9–20,000||\n|-\n| rowspan=\"5\" | Monday, November 7, 2016||Sarasota||FL||Robarts Arena, Sarasota County Fairgrounds||5,000||\n|-\n|Raleigh||NC||Dorton Arena||7,000||\n|-\n|Scranton||PA||Lackawanna College Student Union||5,000||\n|-\n|Manchester||NH||SNHU Arena||12,000||\n|-\n|Grand Rapids||MI||DeVos Place Convention Center||4,200||\n|}\nPost-2016 election\n* \"USA Thank You\" tour during transition\n* Post-2017 inauguration/campaign 2020 rallies (2017–2020)\nMusical selections at events\nMusic by the following artists and groups was used at various Trump campaign rallies during 2015 and 2016:  Elton John, The Beatles, Adele, Andrew Lloyd Webber, Pavarotti / Puccini, Journey, R.E.M., Neil Young, Twisted Sister, Rolling Stones, Queen, Aerosmith, Wagner, Kenny G, Johnny Cash, Creedence Clearwater Revival, Billy Joel, Bill Conti, John Mellencamp, Joe Esposito, Survivor, The Shangri-Las, Cab Calloway, Frankie Valli, The Alan Parsons Project, Paul Rodgers, Travie McCoy, Bruce Springsteen, Led Zeppelin, the London Bach Choir, and the songs of Victor Hugo's Les Misérables.\nSee also\n* List of Donald Trump rallies (December 2016–2022), including rallies for Trump's unsuccessful re-election campaign\n* List of rallies for the 2024 Donald Trump presidential campaign, including rallies for Trump's second successful campaign\n* List of Donald Trump rallies (2025–present)\nReferences\nExternal links\n* [https://web.archive.org/web/20161209010334/https://www.donaldjtrump.com/schedule Official schedule]\n* [https://www.c-span.org/search/?sdate=&edate=&congressSelect=&yearSelect=&searchtype=Videos&sort=Least+Recent+Event&text=0&sponsorid%5B%5D=42358&seriesid%5B%5D=99S11 2016 campaign rally videos on C-SPAN]"
    }
  ]
}