{
  "content": [
    {
      "type": "text",
      "text": "# List of towns of the former Kingdom of Galicia and Lodomeria\n\nThis is a list of major cities and towns which belonged to the Kingdom of Galicia and Lodomeria from the Congress of Vienna in 1815 until the dissolution of Austria-Hungary in 1918. Between those dates, the Kingdom of Galicia and Lodomeria consisted mostly of the territories gained by the Habsburg Empire in the First Partition of Poland in 1772.\nToday, the territory of Galicia is split between Poland in the west and Ukraine in the east. At the turn of the Twentieth Century, Poles constituted 88.7% of the whole population of Western Galicia, Jews 7.6%, Ukrainians 3.2%, Germans 0.3%, and others 0.2%. Respective data for Eastern Galicia show the following number: Ukrainians 60.5%, Poles 25.0%, Jews 13.7%, Germans 0.3%, and others 0.5%. Before World War II, many Galician towns, even in the predominantly ethnic Ukrainian east, had substantial Polish, Jewish and German populations.\nIn 1931, 93% Poles, 5% Jews, 2% others (mainly Ukrainians and Germans) lived in Western Galicia. While 52% Ukrainians, 35% Poles, 10% Jews, 3% others (mainly Germans and Armenians) lived in Eastern Galicia.\nUkraine\n{| class=\"wikitable\"\n|-\n! Ukrainian (transcription)\n! Ukrainian (Cyrillic)\n! Polish\n! German\n! Yiddish(transliteration)\n|-\n| Belz\n| Белз\n| Bełz\n| Bels\n| בעלז (Beltz)\n|-\n| Berezhany\n| Бережани\n| Brzeżany\n| Breschan\n| ברעזשאן (Brezhan)\n|-\n| Bolekhiv\n| Болехів\n| Bolechów\n| Bolechau\n|בולחוב\n|-\n| Boryslav\n| Борислав\n| Borysław\n| Borislau\n|\n|-\n| Brody\n| Броди\n| Brody\n| Brody\n| בראד (Brod)\n|-\n| Busk\n| Буськ\n| Busk\n| Bussk\n| בוסק (Bisk)\n|-\n| Buchach\n| Бучач\n| Buczacz\n| Butschatsch\n| בוטשאטש (Bitshutsh)\n|-\n| Chortkiv\n| Чортків\n| Czortków\n| Tschortkau\n| טשארטקאוו (Tshortkov)\n|-\n| Drohobych\n| Дрогобич\n| Drohobycz\n| Drohobitsch\n| דראהביטש (Drubitsh)\n|-\n| Halych\n| Галич\n| Halicz\n| Halitsch\n| גאליצ (Galits)\n|-\n| Horodenka\n| Городенка\n| Horodenka\n|\n| הורדנקא\n|-\n| Horodok\n| Городок\n| Gródek\n| Grodeck\n|\n|-\n| Husiatyn\n| Гусятин\n| Husiatyń\n|\n| הוסיאטין (Hushatin)\n|-\n| Ivano-Frankivsk (Stanyslaviv)\n| Івано-Франківськ (Станиславів)\n| Iwano-Frankowsk (Stanisławów)\n| Iwano-Frankiwsk (Stanislau)\n| סטאניסלאוו (Stanislav)\n|-\n| Kalush\n| Калуш\n| Kałusz\n| Kallusch\n|קאליזש\n|-\n| Kolomyia\n| Коломия\n| Kołomyja\n| Kolomea\n| קאלאמײַ (Kolomay)\n|-\n| Kozova\n| Козова\n| Kozowa\n| קאזאווע\n|\n|-\n| Lviv\n| Львів\n| Lwów\n| Lemberg\n| לעמבערג (Lemberik)\n|-\n| Nadvirna\n| Надвірна\n| Nadworna\n|\n| נאדווארנע (Nadverne)\n|-\n| Peremyshliany\n| Перемишляни\n| Przemyślany\n|\n| פרעמישלאן\n|-\n| Pidhaitsi\n| Підгайці\n| Podhajce\n|\n| פודהייצא\n|-\n| Rava-Ruska\n| Рава-Руська\n| Rawa Ruska\n|\n| ראווע (Rave)\n|-\n| Rohatyn\n| Рогатин\n| Rohatyń\n| Rohatin\n| רוהאטין\n|-\n| Sambir\n| Самбір\n| Sambor\n| Sambor\n| סאמבור\n|-\n| Sokal\n| Сокаль\n| Sokal\n| Sokal\n|\n|-\n| Stryi\n| Стрий\n| Stryj\n| Stryj\n| סטרי\n|-\n| Terebovl\n| Теребовля\n| Trembowla\n|\n|\n|-\n| Ternopil\n| Тернопіль\n| Tarnopol\n| Tarnopol\n| טארנאפאל\n|-\n| Truskavets\n| Трускавець\n| Truskawiec\n| Truskawetz\n|\n|-\n| Zalishchyky\n| Заліщики\n| Zaleszczyki\n|\n|\n|-\n| Zhovkva\n| Жовква\n| Żółkiew\n|\n| ז'ובקבה (Zholkva)\n|-\n| Zolochiv\n| Золочів\n| Złoczów\n|\n| זלאטשאוו (Zlotshev)\n|}\nPoland\n{| class=\"wikitable\"\n|-\n! Polish\n! Ukrainian(transcription)\n! Ukrainian (Cyrillic)\n! German\n! Yiddish(transliteration)\n|-\n| Biecz\n| Bech\n| Беч\n| Beitsch\n|\n|-\n| Bochnia\n| Bokhnya\n| Бохня\n| Salzberg\n| באכניא\n|-\n| Chrzanów\n| Khshaniv\n| Хшанів\n| Krenau (1941–1945)\n| קשאנוב\n|-\n| Dukla\n| Duklia\n| Дукля\n| Dukla\n| דיקלא\n|-\n| Dynów\n| Dyniv\n| Динів\n| Dühnhof\n| דינוב\n|-\n| Gorlice\n| Horlytsi\n| Горлиці\n| Gorlitz\n| גאָרליץ (Gurlitz)\n|-\n| Grybów\n| Hrybiv\n| Грибів\n| Grunberk\n|\n|-\n| Jarosław\n| Yaroslav\n| Ярослав\n| Jaroslau\n| יעראסלאוו (Yeroslav)\n|-\n| Jasło\n| Yaslo\n| Ясло\n| Jassel\n|\n|-\n| Jaworzno\n| Yavozhno\n| Явожно\n| Jaworzno\n| יאבוז'נו\n|-\n| Kraków\n| Krakiv\n| Краків\n| Krakau\n| קראקא (Kruke)\n|-\n| Krosno\n| Korosno\n| Коросно\n| Krossen\n|\n|-\n| Krynica-Zdrój\n| Krynytsia\n| Криниця\n| Bad Krynica\n|\n|-\n| Lesko\n| Lis'ko\n| Лісько\n|\n| לינסק (Linsk)\n|-\n| Leżajsk\n| Lezhays'k\n| Лежайськ\n| Lyschansk\n| ליז'נסק (Lizhensk)\n|-\n| Limanowa\n| Limanova\n| Ліманова\n| Ilmenau\n| לימינוב (Liminuv)\n|-\n| Łańcut\n| Lantsut\n| Ланьцут\n| Landshut\n| לאַנצוט (Lantzut)\n|-\n| Myślenice\n| Mys'lenitse\n| Мисьленіце\n| Mischlenitz\n| מישלעניץ\n|-\n| Nowy Sącz\n| Novyi Sonch\n| Новий Сонч\n| Neu Sandez\n| צאנז (Tsanz)\n|-\n| Nowy Targ\n| Novyi Tarh\n| Новий Тарг\n| Neumarkt\n|\n|-\n| Oświęcim\n| Osventsim\n| Освенцім\n| Auschwitz\n| אשפוצין (Oshpetsin)\n|-\n| Przemyśl\n| Peremyshl'\n| Перемишль\n| Premissel\n| פרעמישעל\n|-\n| Przeworsk\n| Perevors'k\n| Переворськ\n|\n| פּשעוואָרסק (Pshevorsk)\n|-\n| Rymanów\n| Rymaniv\n| Риманів\n| Reimannshau\n| רימנוב\n|-\n| Rzeszów\n| Riashiv\n| Ряшів\n| Reichshof (1939-1945)\n| ריישא (Reysha)\n|-\n| Sanok\n| Sianik\n| Сянік\n|\n| סאניק (Sunik)\n|-\n| Tarnów\n| Tarniv\n| Тарнів\n| Tarnau\n| טארנא (Turne)\n|-\n| Trzebinia\n| Tshebinia\n| Тшебіня\n| Trzebinia\n| טשביניה\n|-\n| Wadowice\n| Vadovitse\n| Вадовіце\n| Wadowitz\n| ודוביץ\n|-\n| Wieliczka\n| Velychka\n| Величка\n| Groß Salze\n|\n|-\n| Zator\n| Zator\n| Затор\n| Neuenstadt an der Schaue\n|זאטער\n|-\n| Żywiec\n| Zhyvets'\n| Живець\n| Saybusch\n|\n|-\n|}\nSee also\n* Galicia (Eastern Europe)\n* Kingdom of Galicia and Lodomeria\n* List of shtetls"
    }
  ]
}