{
  "content": [
    {
      "type": "text",
      "text": "# List of King County Metro bus routes\n\nThis is a list of current routes operated by the mass transit agency King County Metro in the Greater Seattle area. It includes routes directly operated by the agency, routes operated by contractors and routes operated by King County Metro under contract with another agency. Routes are organized by route number (or letters in the case of RapidRide). Discontinued routes and former versions of existing routes are not listed.\nThese lists reflect the March 2025 service change.\nRapidRide\nKing County Metro's RapidRide lines are designated by letters. RapidRide routes also have a numerical designation in the range 671-677, but this is not displayed to passengers.\n{| class=\"sortable wikitable\" width=100%\n! width=10% | Route\n! width=15% | Start\n! width=50% | Via\n! width=15% | End\n!Night Owl\n! width=10% | Links\n|-\n| A Line\n| Tukwila International Blvd station\n| Pacific Highway S (State Route 99), SeaTac, Sea–Tac Airport, Des Moines, Highline College, Kent, Redondo Heights P&R, Federal Way\n| Federal Way Transit Center\n|\n| [http://metro.kingcounty.gov/schedules/671/ Schedule][https://kingcounty.gov/en/-/media/king-county/depts/metro/maps/route/03182023/1280px/m671.jpg Map]\n|-\n| B Line\n| Downtown Redmond station\n| Redmond, Overlake, Overlake Transit Center, Overlake P&R, Crossroads, Bellevue\n| Bellevue Transit Center\n|\n| [http://metro.kingcounty.gov/schedules/672/ Schedule][https://kingcounty.gov/en/-/media/king-county/depts/metro/maps/route/03182023/1280px/m672.jpg Map]\n|-\n| C Line\n| South Lake Union\n| Downtown Seattle, West Seattle, Alaska Junction, Morgan Junction, Fauntleroy Ferry Terminal\n| Westwood Village\n|\n| [http://metro.kingcounty.gov/schedules/673/ Schedule][https://kingcounty.gov/en/-/media/king-county/depts/metro/maps/route/03182023/1280px/m673.jpg Map]\n|-\n| D Line\n| Crown Hill\n| Ballard, Interbay, Uptown, Belltown\n| Downtown Seattle\n|\n| [http://metro.kingcounty.gov/schedules/674/ Schedule][https://kingcounty.gov/en/-/media/king-county/depts/metro/maps/route/03182023/1280px/m674.jpg Map]\n|-\n| E Line\n| Aurora Village Transit Center\n| Aurora Ave N, Shoreline, Bitter Lake, Licton Springs, Greenwood, West Green Lake, North Fremont, East Queen Anne, Westlake, Belltown\n| Downtown Seattle\n|\n| [http://metro.kingcounty.gov/schedules/675/ Schedule][https://kingcounty.gov/en/-/media/king-county/depts/metro/maps/route/03182023/1280px/m675.jpg Map]\n|-\n| F Line\n| Burien Transit Center\n| Burien, SeaTac, Tukwila, Tukwila International Boulevard station, Southcenter Mall, Tukwila station, Renton, South Renton P&R, Renton Transit Center, Boeing Renton Factory\n| The Landing (Renton)\n|\n| [http://metro.kingcounty.gov/schedules/676/ Schedule][https://kingcounty.gov/en/-/media/king-county/depts/metro/maps/route/03182023/1280px/m676.jpg Map]\n|-\n|G Line\n|Downtown Seattle\n|First Hill, Madison Street\n|Martin Luther King Jr. Way in Madison Valley\n|\n|\n|-\n| H Line\n| Burien Transit Center\n| Burien, White Center, Delridge, West Seattle\n| Downtown Seattle\n|\n| [https://kingcounty.gov/en/depts/metro/routes-and-service/schedules-and-maps/h-line.html#weekday Schedule][https://kingcounty.gov/en/-/media/king-county/depts/metro/maps/route/03182023/1280px/m678.jpg Map]\n|}\n1–99 (Seattle)\nThese routes run mostly within the city of Seattle.\n* Trolley routes may be operated by electric trolleybuses.\n* Conventional routes are not operated by trolleybuses, but are instead operated by diesel, diesel-electric hybrid, or battery-electric buses. All bus routes in other sections of this page are conventional routes.\n{| class=\"sortable wikitable\"\n! width=\"8%\" | Route\n! width=\"6%\" | Type\n! width=\"8%\" | Off-Peak\n! width=\"8%\" | Sat\n! width=\"5%\" | Sun\n!Night Owl\n! width=\"13%\" | Start\n! width=\"34%\" | Via\n! width=\"13%\" | End\n! width=\"5%\" | Continues as\n! width=\"8%\" | Links\n|-\n| 1\n| Trolley\n|\n|\n|\n|\n| Kinnear(West Queen Anne)\n| Kinnear Park, Seattle Center West (Uptown), Belltown\n| Downtown Seattle\n| 14\n| [http://metro.kingcounty.gov/schedules/001/ Schedule][http://metro.kingcounty.gov/schedules/001/map.html Map]\n|-\n| 2\n| Trolley\n|\n|\n|\n|\n| West Queen Anne\n| Queen Anne Ave N, Seattle Center West (Uptown), Belltown, Downtown Seattle, First Hill, E Union St, Central District, Madrona\n| Madrona Park\n| 13 (Alternating trips from Madrona)\n| [http://metro.kingcounty.gov/schedules/002/ Schedule][http://metro.kingcounty.gov/schedules/002/map.html Map]\n|-\n| 3\n| Trolley\n|\n|\n|\n|\n| Summit\n| Lower Capitol Hill, Downtown Seattle, First Hill, Harborview Medical Center, E Jefferson St, Swedish Hospital Cherry Hill, Central District\n| Madrona\n|\n| [http://metro.kingcounty.gov/schedules/003/ Schedule][http://metro.kingcounty.gov/schedules/003/map.html Map]\n|-\n| 4\n| Trolley\n|\n|\n|\n|\n| Seattle Pacific University(North Queen Anne)\n| 5 Ave N, East Queen Anne, Seattle Center East (Uptown), Belltown, Downtown Seattle, First Hill, Harborview Medical Center, E Jefferson Ave, Swedish Hospital Cherry Hill, Central District\n| Judkins Park\n|\n| [http://metro.kingcounty.gov/schedules/004/ Schedule][http://metro.kingcounty.gov/schedules/004/map.html Map]\n|-\n| 4 Shuttle\n| Trolley\n|\n|\n|\n|\n| Cherry Hill\n|\n| Judkins Park\n|\n| [http://metro.kingcounty.gov/schedules/004/ Schedule][http://metro.kingcounty.gov/schedules/004/map.html Map]\n|-\n| 5\n| Conventional\n|\n|\n|\n|\n| Shoreline Community College\n| Shoreline, Greenwood Ave N, Bitter Lake, Greenwood, Phinney Ridge, Phinney Ave N, Woodland Park Zoo, North Fremont, Aurora Ave N, East Queen Anne, Westlake, Belltown\n| Downtown Seattle\n| 21\n| [http://metro.kingcounty.gov/schedules/005/ Schedule][http://metro.kingcounty.gov/schedules/005/map.html Map]\n|-\n| 7\n| Trolley\n|\n|\n|\n|\n| Downtown Seattle\n| S Jackson St, International District, Rainier Ave S, Mount Baker Transit Center, Rainier Valley, Columbia City\n| Rainier Beach\n| 49 (early morning & evening only)\n| [http://metro.kingcounty.gov/schedules/007/ Schedule][http://metro.kingcounty.gov/schedules/007/map.html Map]\n|-\n| 8\n| Conventional\n|\n|\n|\n|\n| Seattle Center(Uptown)\n| Denny Way, Capitol Hill, Capitol Hill station, Group Health Hospital, Martin Luther King Junior Way, Madison Valley, Central District\n| Mount Baker Transit Center\n|\n| [http://metro.kingcounty.gov/schedules/008/ Schedule][http://metro.kingcounty.gov/schedules/008/map.html Map]\n|-\n| 9 Express\n| Conventional\n|\n|\n|\n|\n| Capitol Hill\n| Broadway, Seattle Central College, First Hill, Rainier Valley, Columbia City, Rainier Beach\n| Rainier Beach station\n|\n| [http://metro.kingcounty.gov/schedules/009/ Schedule][http://metro.kingcounty.gov/schedules/009/map.html Map]\n|-\n| 10\n| Trolley\n|\n|\n|\n|\n| Downtown Seattle\n| Summit, Capitol Hill station, Group Health Hospital, 15th Ave E\n| Capitol Hill\n|\n| [http://metro.kingcounty.gov/schedules/010/ Schedule][http://metro.kingcounty.gov/schedules/010/map.html Map]\n|-\n| 11\n| Conventional\n|\n|\n|\n|\n| Downtown Seattle\n| Capitol Hill, Seattle Central College, E Madison St, Central District, Madison Valley\n| Madison Park\n|\n| [http://metro.kingcounty.gov/schedules/011/ Schedule][http://metro.kingcounty.gov/schedules/011/map.html Map]\n|-\n| 12\n| Trolley\n|\n|\n|\n|\n| Downtown Seattle\n| First Hill, Swedish Medical Center, Seattle University, 19th Ave E, Group Health Hospital\n| Interlaken Park(Capitol Hill)\n|\n| [http://metro.kingcounty.gov/schedules/012/ Schedule][http://metro.kingcounty.gov/schedules/012/map.html Map]\n|-\n| 13\n| Trolley\n|\n|\n|\n|\n| Seattle Pacific University(North Queen Anne)\n| Queen Anne Ave N, Seattle Center West (Uptown), Belltown\n| Downtown Seattle\n| 2 (Downtown-Madrona)\n| [http://metro.kingcounty.gov/schedules/013/ Schedule][http://metro.kingcounty.gov/schedules/013/map.html Map]\n|-\n| 14\n| Trolley\n|\n|\n|\n|\n| Downtown Seattle\n| S Jackson St, International District, Central District, 31 Ave S, Mount Baker Transit Center\n| Mount Baker\n| 1\n| [http://metro.kingcounty.gov/schedules/014/ Schedule][http://metro.kingcounty.gov/schedules/014/map.html Map]\n|-\n| 17 Express\n| Conventional\n|\n|\n|\n|\n| Sunset Hill\n| 32nd Ave NW, Ballard\n| Downtown Seattle\n|\n| [http://metro.kingcounty.gov/schedules/017/ Schedule][http://metro.kingcounty.gov/schedules/017/map.html Map]\n|-\n| 21 Local\n| Conventional\n|\n|\n|\n|\n| Downtown Seattle\n| SODO, West Seattle, 35th Ave SW, High Point, Gatewood\n| Westwood Village\n| 5\n| [http://metro.kingcounty.gov/schedules/021/ Schedule][http://metro.kingcounty.gov/schedules/021/map.html Map]\n|-\n| 21 Express\n| Conventional\n|\n|\n|\n|\n| Downtown Seattle\n| Alaskan Way Viaduct, West Seattle, 35th Ave SW, High Point, Gatewood\n| Arbor Heights\n|\n| [http://metro.kingcounty.gov/schedules/021/ Schedule][http://metro.kingcounty.gov/schedules/021/map.html Map]\n|-\n| 22\n| Conventional\n|\n|\n|\n|\n| Alaska Junction\n| West Seattle, Morgan Junction, Gatewood, Westwood Village\n| Arbor Heights\n|\n| [http://metro.kingcounty.gov/schedules/022/ Schedule][http://metro.kingcounty.gov/schedules/022/map.html Map]\n|-\n| 24\n| Conventional\n|\n|\n|\n|\n| West Magnolia\n| Discovery Park, W Viewmont Way, Central Magnolia, 34th Ave W, 28th Ave W, Smith Cove Cruise Terminal (Pier 91), Seattle Center, Belltown\n| Downtown Seattle\n| 124\n| [http://metro.kingcounty.gov/schedules/024/ Schedule][http://metro.kingcounty.gov/schedules/024/map.html Map]\n|-\n| 27\n| Conventional\n|\n|\n|\n|\n| Downtown Seattle\n| First Hill, Central District, E Yesler Way, Leschi Park\n| Colman Park\n| 33 (morning, nights and Sunday)\n| [http://metro.kingcounty.gov/schedules/027/ Schedule][http://metro.kingcounty.gov/schedules/027/map.html Map]\n|-\n| 28 Express\n| Conventional\n|\n|\n|\n|\n| Carkeek Park\n| 8th Ave NW, Crown Hill, East Ballard, West Woodland, North Fremont, Aurora Ave N\n| Downtown Seattle\n| 131/132\n| [http://metro.kingcounty.gov/schedules/028/ Schedule][http://metro.kingcounty.gov/schedules/028/map.html Map]\n|-\n| 31\n| Conventional\n|\n|\n|\n|\n| Central Magnolia\n| East Magnolia, Interbay, Seattle Pacific University, Fremont, Wallingford, University District, University of Washington campus, University Village\n| Children's Hospital\n|\n| [http://metro.kingcounty.gov/schedules/031/ Schedule][http://metro.kingcounty.gov/schedules/031/map.html Map]\n|-\n| 32\n| Conventional\n|\n|\n|\n|\n| Seattle Center(Uptown)\n| Interbay, Seattle Pacific University, Fremont, Wallingford, University District, University of Washington campus, University Village\n| Children's Hospital\n|\n| [http://metro.kingcounty.gov/schedules/032/ Schedule][http://metro.kingcounty.gov/schedules/032/map.html Map]\n|-\n| 33\n| Conventional\n|\n|\n|\n|\n| East Magnolia(Discovery Park)\n| Smith Cove Cruise Terminal (Pier 91), Seattle Center, Belltown\n| Downtown Seattle\n| 27 (morning, nights and Sunday)/124 (daytime)\n| [http://metro.kingcounty.gov/schedules/033/ Schedule][http://metro.kingcounty.gov/schedules/033/map.html Map]\n|-\n| 36\n| Trolley\n|\n|\n|\n|\n| Downtown Seattle\n| S Jackson St, Pacific Medical Center, Beacon Hill, Beacon Ave S, Jefferson Park, VA Hospital\n| Othello Station\n| 70 (certain late night northbound trips)\n| [http://metro.kingcounty.gov/schedules/036/ Schedule][http://metro.kingcounty.gov/schedules/036/map.html Map]\n|-\n| 40\n| Conventional\n|\n|\n|\n|\n| Northgate Station\n| North Seattle College, Crown Hill, Loyal Heights, Ballard, Fremont, South Lake Union\n| Downtown Seattle\n|\n| [http://metro.kingcounty.gov/schedules/040/ Schedule][http://metro.kingcounty.gov/schedules/040/map.html Map]\n|-\n| 43\n| Trolley\n|\n|\n|\n|\n| Downtown Seattle\n| Capitol Hill, Capitol Hill station, Group Health Hospital, Central District, Montlake, University of Washington station, UW Medical Center, University of Washington\n| University District\n| 44 (certain trips)\n| [http://metro.kingcounty.gov/schedules/043/ Schedule][http://metro.kingcounty.gov/schedules/043/map.html Map]\n|-\n| 44\n| Trolley\n|\n|\n|\n|\n| Ballard(Chittenden Locks)\n| NW Market St, West Woodland, N 45th St, Wallingford, University District, University of Washington, UW Medical Center\n| University of Washington station\n| 43 (certain trips)\n| [http://metro.kingcounty.gov/schedules/044/ Schedule][http://metro.kingcounty.gov/schedules/044/map.html Map]\n|-\n| 45\n| Conventional\n|\n|\n|\n|\n| Loyal Heights\n| NW 85th St, Crown Hill, Greenwood, Green Lake, Roosevelt, Ravenna, University District, University of Washington\n| Children's Hospital\n|75\n| [http://metro.kingcounty.gov/schedules/048/ Schedule][http://metro.kingcounty.gov/schedules/048/map.html Map]\n|-\n| 48\n| Conventional\n|\n|\n|\n|\n| University District\n| University of Washington, UW Medical Center, University of Washington station, Montlake, 23rd Ave, Central District\n| Mount Baker Transit Center\n|\n| [http://metro.kingcounty.gov/schedules/048/ Schedule][http://metro.kingcounty.gov/schedules/048/map.html Map]\n|-\n| 49\n| Trolley\n|\n|\n|\n|\n| University District\n| 10th Ave E, Capitol Hill, Broadway, Seattle Central Community College\n| Downtown Seattle\n| 7 (early morning & evening only)\n| [http://metro.kingcounty.gov/schedules/049/ Schedule][http://metro.kingcounty.gov/schedules/049/map.html Map]\n|-\n| 50\n| Conventional\n|\n|\n|\n|\n| Alki Point\n| Admiral District, Alaska Junction, SODO, SODO station, SODO Busway, Beacon Hill, VA Hospital, Columbia City, Seward Park\n| Othello Station\n|\n| [http://metro.kingcounty.gov/schedules/050/ Schedule][http://metro.kingcounty.gov/schedules/050/map.html Map]\n|-\n| 56\n| Conventional\n|\n|\n|\n|\n| Alki Point\n| Admiral District, Alaskan Way Viaduct\n| Downtown Seattle\n|\n| [http://metro.kingcounty.gov/schedules/056/ Schedule][http://metro.kingcounty.gov/schedules/056/map.html Map]\n|-\n| 57\n| Conventional\n|\n|\n|\n|\n| Alaska Junction\n| Genesee Hill, Admiral District, Alaskan Way Viaduct\n| Downtown Seattle\n|\n| [http://metro.kingcounty.gov/schedules/057/ Schedule][http://metro.kingcounty.gov/schedules/057/map.html Map]\n|-\n| 60\n| Conventional\n|\n|\n|\n|\n| Capitol Hill\n| Broadway, Seattle Central College, First Hill, Seattle University, Swedish Medical Center, Harborview Medical Center, Pacific Medical Center, Beacon Hill station, Georgetown, Olson/Myers P&R, White Center\n| Westwood Village\n|\n| [http://metro.kingcounty.gov/schedules/060/ Schedule][http://metro.kingcounty.gov/schedules/060/map.html Map]\n|-\n|61\n|Conventional\n|\n|\n|\n|\n|Lake City\n|Meadowbrook, Northgate Station, Licton Springs\n|Greenwood\n|\n|\n|-\n| 62\n| Conventional\n|\n|\n|\n|\n| Downtown Seattle\n| Belltown, South Lake Union, Dexter Ave N, Fremont, Wallingford, Green Lake, NE 65th St, Roosevelt, Ravenna, Bryant, Magnuson Park\n| Sand Point\n|\n| [http://metro.kingcounty.gov/schedules/062/ Schedule][http://metro.kingcounty.gov/schedules/062/map.html Map]\n|-\n| 65\n| Conventional\n|\n|\n|\n|\n| Jackson Park\n| Lake City, 35th Ave NE, Wedgwood, Bryant, Children’s Hospital, University Village, University of Washington, University of Washington station\n| University District\n| 67\n| [http://metro.kingcounty.gov/schedules/065/ Schedule][http://metro.kingcounty.gov/schedules/065/map.html Map]\n|-\n| 67\n| Conventional\n|\n|\n|\n|\n| Northgate Station\n| Roosevelt Way NE, Maple Leaf, Roosevelt, University District, University of Washington, University of Washington station\n| Children's Hospital\n| 65\n| [http://metro.kingcounty.gov/schedules/067/ Schedule][http://metro.kingcounty.gov/schedules/067/map.html Map]\n|-\n| 70\n| Trolley\n|\n|\n|\n|\n| University District\n| Eastlake Ave E, Eastlake, Fairview Ave N, South Lake Union\n| Downtown Seattle\n|\n| [http://metro.kingcounty.gov/schedules/070/ Schedule][http://metro.kingcounty.gov/schedules/070/map.html Map]\n|-\n| 75\n| Conventional\n|\n|\n|\n|\n| Northgate Station\n| Northgate, Lake City, Matthews Beach, Sand Point, View Ridge, Windermere, Children's Hospital, University Village, University of Washington\n| University District\n| 45\n| [http://metro.kingcounty.gov/schedules/075/ Schedule][http://metro.kingcounty.gov/schedules/075/map.html Map]\n|-\n|79\n|Conventional\n|\n|\n|\n|\n|Green Lake P&R\n|Roosevelt, Wedgwood, View Ridge, Hawthorne Hills, Windermere, Ravenna\n|University District\n|\n|[https://kingcounty.gov/depts/transportation/metro/schedules-maps/hastop/079.aspx Schedule]\n[https://kingcounty.gov/depts/transportation/metro/schedules-maps/hastop/079.aspx#route-map Map]\n|}\nRoute 90 (Snow Shuttle)\nRoute 90 operates when snow routes are in effect in the Central Seattle area, and when the Emergency Service Network has been activated due to severe weather. Route 90 buses travel between Downtown Seattle and First Hill, via Capitol Hill, serving all marked stops along the route from approximately 5:30&nbsp;a.m. to 11:30&nbsp;p.m.\nRoute 96 & 98 (Seattle Streetcar)\n{| class=\"sortable wikitable\" width=100%\n! width=5% | Route\n! width=5% | Off-Peak\n! width=5% | Sat\n! width=5% | Sun\n! width=15% | Name\n! width=15% | Start\n! width=25% | Via\n! width=15% | End\n! width=10% | Links\n|-\n| 96\n|\n|\n|\n| First Hill Streetcar\n| Pioneer Square\n| King Street Station, Chinatown-International District, Central District, Yesler Terrace, First Hill, Swedish Medical Center, Seattle University, Seattle Central College\n| Capitol Hill (Link station)\n| [http://seattlestreetcar.com/firsthill.htm Information]\n|-\n| 98\n|\n|\n|\n| South Lake Union Streetcar\n| Downtown Seattle (Westlake Hub)\n| South Lake Union, Lake Union Park\n| Fred Hutchinson Cancer Research Center\n| [http://seattlestreetcar.com/slu.htm Information]\n|}\nRoute 97 (Link Shuttle)\nKing County Metro operates Route 97 when service on Sound Transit's 1 Line is suspended for a prolonged period of time. If the entire line is closed, Route 97 buses emulate trains, stopping at every station along the line. If only a section of the line is closed, Route 97 buses serve as a \"bus bridge\" shuttling passengers between the operating sections of the line and stopping near intermediate stations on the closed section of the line, in the case of a multi-station closure. Limited stop variants of route 97 may also be operated in the case of a multi-station closure.\n100s (South King County)\nRoutes in the 100 series primarily serve destinations in South King County and on Vashon Island.\n{| class=\"sortable wikitable\" width=100%\n! width=8% | Route\n! width=5% | Off-Peak\n! width=5% | Sat\n! width=5% | Sun\n!Night Owl\n! width=15% | Start\n! width=40% | Via\n! width=15% | End\n! width=7% | Links\n|-\n| 101\n|\n|\n|\n|\n| Downtown Seattle\n| SODO, SODO Busway, I-5, Renton Transit Center\n| South Renton P&R\n| [http://metro.kingcounty.gov/schedules/101/ Schedule][http://metro.kingcounty.gov/schedules/101/map.html Map]\n|-\n| 102\n|\n|\n|\n|\n| Downtown Seattle\n| SODO, SODO Busway, I-5, South Renton P&R\n| Fairwood\n| [http://metro.kingcounty.gov/schedules/102/ Schedule][http://metro.kingcounty.gov/schedules/102/map.html Map]\n|-\n| 105\n|\n|\n|\n|\n| Renton Transit Center\n| Renton Technical College\n| Renton Highlands\n| [http://metro.kingcounty.gov/schedules/105/ Schedule][http://metro.kingcounty.gov/schedules/105/map.html Map]\n|-\n| 106\n|\n|\n|\n|\n| International District/Chinatown station\n| Rainier Ave S, Mount Baker Transit Center, Martin Luther King Junior Way S, Columbia City, Rainier Valley, Rainier Beach station, Skyway\n| Renton Transit Center\n| [http://metro.kingcounty.gov/schedules/106/ Schedule][http://metro.kingcounty.gov/schedules/106/map.html Map]\n|-\n| 107\n|\n|\n|\n|\n| Beacon Hill station\n| Georgetown, South Beacon Hill, Rainier Beach station, Rainier Beach, Lake Ridge, Bryn Mawr\n| Renton Transit Center\n| [http://metro.kingcounty.gov/schedules/107/ Schedule][http://metro.kingcounty.gov/schedules/107/map.html Map]\n|-\n| 111\n|\n|\n|\n|\n| Downtown Seattle\n| I-90 & Rainier, Newport Hills P&R, Kennydale, Renton Highlands P&R, Renton Highlands, Maplewood Heights\n| Lake Kathleen\n| [http://metro.kingcounty.gov/schedules/111/ Schedule][http://metro.kingcounty.gov/schedules/111/map.html Map]\n|-\n| 113\n|\n|\n|\n|\n| Downtown Seattle\n| Federal Center South, Olson/Meyers P&R, White Center Transfer Point\n| Shorewood\n| [http://metro.kingcounty.gov/schedules/113/ Schedule][http://metro.kingcounty.gov/schedules/113/map.html Map]\n|-\n| 118\n|\n|\n|\n|\n| Vashon Island Ferry Terminal\n| Vashon Heights, Vashon, Ober Park P&R, Valley Center P&R,\n| Tahlequah Ferry Terminal\n| [http://metro.kingcounty.gov/schedules/118/ Schedule][http://metro.kingcounty.gov/schedules/118/map.html Map]\n|-\n| 119\n|\n|\n|\n|\n| Vashon Island Ferry Terminal\n| Vashon Heights, Vashon, Ober Park P&R, Valley Center P&R, Ellisport, Maury Island\n| Dockton\n| [http://metro.kingcounty.gov/schedules/119/ Schedule][http://metro.kingcounty.gov/schedules/119/map.html Map]\n|-\n| 124\n|\n|\n|\n|\n| Downtown Seattle\n| SODO, Georgetown, Boeing Field, Riverton Heights, McMicken Heights\n|Tukwila International Blvd Station\n----\nSea–Tac Airport (night owl trips)\n| [http://metro.kingcounty.gov/schedules/124/ Schedule][http://metro.kingcounty.gov/schedules/124/map.html Map]\n|-\n| 125\n|\n|\n|\n|\n| Downtown Seattle\n| Delridge, South Seattle College\n| Westwood Village\n| [http://metro.kingcounty.gov/schedules/125/ Schedule][http://metro.kingcounty.gov/schedules/125/map.html Map]\n|-\n| 128\n|\n|\n|\n|\n| Admiral District\n| Alaska Junction, Morgan Junction, Delridge, South Seattle College (weekdays), White Center, Cascade Behavioral Hospital, Riverton Heights, Tukwila International Blvd station\n| Southcenter\n| [http://metro.kingcounty.gov/schedules/128/ Schedule][http://metro.kingcounty.gov/schedules/128/map.html Map]\n|-\n| 131\n|\n|\n|\n|\n| Downtown Seattle\n| 4th Ave S, SODO, Highland Park\n| Burien Transit Center\n| [http://metro.kingcounty.gov/schedules/131/ Schedule][http://metro.kingcounty.gov/schedules/131/map.html Map]\n|-\n| 132\n|\n|\n|\n|\n| Downtown Seattle\n| 4th Ave S, SODO, South Park, Boulevard Park, Riverton Heights\n| Burien Transit Center\n| [http://metro.kingcounty.gov/schedules/132/ Schedule][http://metro.kingcounty.gov/schedules/132/map.html Map]\n|-\n| 148\n|\n|\n|\n|\n| Renton Transit Center\n| South Renton P&R, Royal Hills\n| Fairwood\n| [http://metro.kingcounty.gov/schedules/148/ Schedule][http://metro.kingcounty.gov/schedules/148/map.html Map]\n|-\n| 150\n|\n|\n|\n|\n| Downtown Seattle\n| SODO, SODO Busway, I-5, Tukwila P&R, Southcenter, Boeing Kent, Regional Justice Center\n| Kent Station\n| [http://metro.kingcounty.gov/schedules/150/ Schedule][http://metro.kingcounty.gov/schedules/150/map.html Map]\n|-\n| 153\n|\n|\n|\n|\n| Kent Station\n| East Valley Road, South Renton P&R\n| Renton Transit Center\n| [http://metro.kingcounty.gov/schedules/153/ Schedule][http://metro.kingcounty.gov/schedules/153/map.html Map]\n|-\n| 156\n|\n|\n|\n|\n| Highline College\n| Des Moines, Sea-Tac, Sea-Tac Airport Station, McMicken Heights\n| Southcenter\n| [http://metro.kingcounty.gov/schedules/156/ Schedule][http://metro.kingcounty.gov/schedules/156/map.html Map]\n|-\n| 160\n|\n|\n|\n|\n|Auburn Station\n|Auburn Way N, Kent Station, Kent East Hill, Valley Medical Center, South Renton P&R\n|Renton Transit Center\n|[https://kingcounty.gov/depts/transportation/metro/schedules-maps/route/160.aspx Schedule][https://kingcounty.gov/depts/transportation/metro/schedules-maps/route/160.aspx#route-map Map]\n|-\n|161\n|\n|\n|\n|\n|Kent Station\n|Kent Industrial Valley, Sea-Tac Airport\n|Burien Transit Center\n|[https://kingcounty.gov/depts/transportation/metro/schedules-maps/route/161.aspx Schedule][https://kingcounty.gov/depts/transportation/metro/schedules-maps/route/161.aspx#route-map Map]\n|-\n|162\n|\n|\n|\n|\n|Downtown Seattle\n|Kent-Des Moines P&R, Kent Station\n|Lake Meridian P&R\n|[https://kingcounty.gov/depts/transportation/metro/schedules-maps/route/162.aspx Schedule][https://kingcounty.gov/depts/transportation/metro/schedules-maps/route/162.aspx#route-map Map]\n|-\n|165\n|\n|\n|\n|\n|Green River College\n|Northeast Auburn, Lake Meridian, Kent Station, Kent-Des Moines P&R, Highline College, Des Moines, Normandy Park\n|Burien Transit Center\n|[https://kingcounty.gov/depts/transportation/metro/schedules-maps/route/165.aspx Schedule][https://kingcounty.gov/depts/transportation/metro/schedules-maps/route/165.aspx#route-map Map]\n|-\n| 168\n|\n|\n|\n|\n| Kent Station\n| Lake Meridian P&R\n| Maple Valley\n| [http://metro.kingcounty.gov/schedules/168/ Schedule][http://metro.kingcounty.gov/schedules/168/map.html Map]\n|-\n| 177\n|\n|\n|\n|\n| Downtown Seattle\n| SoDo\n| Federal Way / S 320th St P&R\n| [http://metro.kingcounty.gov/schedules/177/ Schedule][http://metro.kingcounty.gov/schedules/177/map.html Map]\n|-\n| 181\n|\n|\n|\n|\n| Twin Lakes P&R\n| The Commons at Federal Way, Federal Way Transit Center, Supermall, Auburn Station\n| Green River College\n| [http://metro.kingcounty.gov/schedules/181/ Schedule][http://metro.kingcounty.gov/schedules/181/map.html Map]\n|-\n| 182\n|\n|\n|\n|\n| Federal Way Transit Center\n| The Commons at Federal Way, South Federal Way\n| Northeast Tacoma (crosses into Pierce County)\n| [http://metro.kingcounty.gov/schedules/182/ Schedule][http://metro.kingcounty.gov/schedules/182/map.html Map]\n|-\n| 183\n|\n|\n|\n|\n| Federal Way Transit Center\n| Camelot, Star Lake P&R\n| Kent Station\n| [http://metro.kingcounty.gov/schedules/183/ Schedule][http://metro.kingcounty.gov/schedules/183/map.html Map]\n|-\n|184\n|\n|\n|\n|\n|Auburn Station\n|Southeast Auburn\n|Southeast Auburn\n|[https://kingcounty.gov/depts/transportation/metro/schedules-maps/route/184.aspx Schedule][https://kingcounty.gov/depts/transportation/metro/schedules-maps/route/184.aspx#route-map Map]\n|-\n| 187\n|\n|\n|\n|\n| Federal Way Transit Center\n| S 320th St, SW 320th St\n| Twin Lakes\n| [http://metro.kingcounty.gov/schedules/187/ Schedule][http://metro.kingcounty.gov/schedules/187/map.html Map]\n|-\n| 193 Express\n|\n|\n|\n|\n| First Hill Express\n| Providence Medical Center, Harborview Hospital, Swedish Hospital, Virginia Mason Hospital, Tukwila P&R, Kent-Des Moines P&R, Star Lake P&R, Federal Way Transit Center\n| Federal Way / S 320th P&R\n| [http://metro.kingcounty.gov/schedules/193/ Schedule][http://metro.kingcounty.gov/schedules/193/map.html Map]\n|}\n200s (East King County)\nRoutes in the 200s primarily serve East King County.\n{| class=\"sortable wikitable\" width=100%\n! width=8% | Route\n! width=5% | Off-Peak\n! width=5% | Sat\n! width=5% | Sun\n!Night Owl\n! width=15% | Start\n! width=40% | Via\n! width=15% | End\n! width=7% | Links\n|-\n| 204 DART\n|\n|\n|\n|\n| North Mercer Island\n| Island Crest Way\n| South Mercer Island\n| [http://metro.kingcounty.gov/schedules/204/ Schedule][http://metro.kingcounty.gov/schedules/204/map.html Map]\n|-\n| 208\n|\n|\n|\n|\n| Issaquah\n| Issaquah Transit Center, Snoqualmie Ridge, Snoqualmie, Factory Stores of North Bend\n| North Bend\n| [http://metro.kingcounty.gov/schedules/208/ Schedule][http://metro.kingcounty.gov/schedules/208/map.html Map]\n|-\n| 212\n|\n|\n|\n|\n| Downtown Seattle\n| I-90 & Rainier, Factoria, Eastgate I-90 Freeway Station\n| Eastgate P&R\n| [http://metro.kingcounty.gov/schedules/212/ Schedule][http://metro.kingcounty.gov/schedules/212/map.html Map]\n|-\n| 218\n|\n|\n|\n|\n| Issaquah Highlands P&R\n| Eastgate I-90 Freeway Station (AM Only), I-90 & Rainier\n| Downtown Seattle\n| [http://metro.kingcounty.gov/schedules/218/ Schedule][http://metro.kingcounty.gov/schedules/218/map.html Map]\n|-\n| 221\n|\n|\n|\n|\n| Eastgate P&R\n| Bellevue College, Crossroads, Overlake Transit Center, Redmond Transit Center\n| Education Hill\n| [http://metro.kingcounty.gov/schedules/221/ Schedule][http://metro.kingcounty.gov/schedules/221/map.html Map]\n|-\n| 224 DART\n|\n|\n|\n|\n| Duvall\n| Redmond Ridge, NE Novelty Hill Rd, Bear Creek, Downtown Redmond Station\n| Redmond Transit Center\n| [http://metro.kingcounty.gov/schedules/224/ Schedule][http://metro.kingcounty.gov/schedules/224/map.html Map]\n|-\n| 225\n|\n|\n|\n|\n|Kenmore P&R\n|Finn Hill, Kingsgate P&R, Totem Lake Transit Center, 132nd Ave NE\n|Redmond Technology Station\n|[https://kingcounty.gov/depts/transportation/metro/schedules-maps/route/225.aspx Schedule][https://kingcounty.gov/depts/transportation/metro/schedules-maps/route/225.aspx#route-map Map]\n|-\n| 226\n|\n|\n|\n|\n| Eastgate P&R\n| Overlake, Crossroads, Lake Hills, Bellevue College\n| Bellevue Transit Center\n| [http://metro.kingcounty.gov/schedules/226/ Schedule][http://metro.kingcounty.gov/schedules/226/map.html Map]\n|-\n| 230\n|\n|\n|\n|\n|Kirkland Transit Center\n|Juanita, UW Bothell\n|Bothell\n|[https://kingcounty.gov/depts/transportation/metro/schedules-maps/route/230.aspx Schedule][https://kingcounty.gov/depts/transportation/metro/schedules-maps/route/230.aspx#route-map Map]\n|-\n| 231\n|\n|\n|\n|\n|Kirkland Transit Center\n|Juanita, Brickyard P&R\n|Woodinville P&R\n|[https://kingcounty.gov/depts/transportation/metro/schedules-maps/route/231.aspx Schedule][https://kingcounty.gov/depts/transportation/metro/schedules-maps/route/231.aspx#route-map Map]\n|-\n| 239\n|\n|\n|\n|\n|Kirkland Transit Center\n|124th Ave NE, Totem Lake Transit Center, Brickyard P&R\n|UW Bothell\n|[https://kingcounty.gov/depts/transportation/metro/schedules-maps/route/239.aspx Schedule][https://kingcounty.gov/depts/transportation/metro/schedules-maps/route/239.aspx#route-map Map]\n|-\n| 240\n|\n|\n|\n|\n| Bellevue Transit Center\n| Wilburton P&R, Eastgate P&R, Factoria, Newcastle, Renton Highlands, Boeing Renton Factory\n| Renton Transit Center\n| [http://metro.kingcounty.gov/schedules/240/ Schedule][http://metro.kingcounty.gov/schedules/240/map.html Map]\n|-\n| 241\n|\n|\n|\n|\n| Bellevue Transit Center\n| Beaux Arts, South Bellevue P&R, Factoria\n| Eastgate P&R\n| [http://metro.kingcounty.gov/schedules/241/ Schedule][http://metro.kingcounty.gov/schedules/241/map.html Map]\n|-\n| 245\n|\n|\n|\n|\n| Kirkland Transit Center\n| Houghton P&R, Redmond, Overlake, Crossroads, Bellevue, Eastgate P&R\n| Factoria\n| [http://metro.kingcounty.gov/schedules/245/ Schedule][http://metro.kingcounty.gov/schedules/245/map.html Map]\n|-\n| 246\n|\n|\n|\n|\n| Eastgate P&R\n| Somerset, Factoria, Woodridge, Bellevue Transit Center\n| Clyde Hill\n| [http://metro.kingcounty.gov/schedules/246/ Schedule][http://metro.kingcounty.gov/schedules/246/map.html Map]\n|-\n| 249\n|\n|\n|\n|\n| Overlake Transit Center\n| West Lake Sammamish Pkwy NE, Sammamish Viewpoint Park, Overlake P&R, NE 20th St, South Kirkland P&R, Bellevue Way NE, Bellevue Transit Center\n| South Bellevue P&R\n| [http://metro.kingcounty.gov/schedules/249/ Schedule][http://metro.kingcounty.gov/schedules/249/map.html Map]\n|-\n| 250\n|\n|\n|\n|\n|Bellevue Transit Center\n|Overlake Medical Center, South Kirkland P&R, Lakeview Dr NE, Kirkland Transit Center, Rose Hill, Redmond Transit Center, Downtown Redmond Station, Bear Creek P&R\n|Avondale\n|[https://kingcounty.gov/depts/transportation/metro/schedules-maps/route/250.aspx Schedule][https://kingcounty.gov/depts/transportation/metro/schedules-maps/route/250.aspx#route-map Map]\n|-\n| 255\n|\n|\n|\n|\n| University District\n| University of Washington Station, Evergreen Point Freeway Station, Yarrow Point Freeway Station, South Kirkland P&R, 108th Ave NE, Kirkland Transit Center, Juanita\n| Totem Lake Transit Center\n| [http://metro.kingcounty.gov/schedules/255/ Schedule][http://metro.kingcounty.gov/schedules/255/map.html Map]\n|-\n| 257\n|\n|\n|\n|\n| Downtown Seattle\n| Evergreen Point Freeway Station, Yarrow Point Freeway Station, Kingsgate P&R, Brickyard P&R\n| Kingsgate\n| [http://metro.kingcounty.gov/schedules/257/ Schedule][http://metro.kingcounty.gov/schedules/257/map.html Map]\n|-\n| 269\n|\n|\n|\n|\n| Issaquah Transit Center\n| Issaquah Highlands P&R, Issaquah-Pine Lake Rd, South Sammamish P&R, 228th Ave NE, Sahalee Wy NE, Redmond-Fall City Rd, Bear Creek P&R, Marymoor Village station, Overlake\n| Overlake P&R\n| [http://metro.kingcounty.gov/schedules/269/ Schedule][http://metro.kingcounty.gov/schedules/269/map.html Map]\n|-\n| 271\n|\n|\n|\n|\n| Issaquah\n| Issaquah Transit Center, Eastgate, Eastgate P&R, Bellevue College, Bellevue Transit Center, Medina\n| University District\n| [http://metro.kingcounty.gov/schedules/271/ Schedule][http://metro.kingcounty.gov/schedules/271/map.html Map]\n|}\n300s (North King County)\nRoutes in the 300s serve North King County which includes Shoreline, Lake Forest Park, Kenmore, Bothell, Woodinville and Duvall.\n{| class=\"sortable wikitable\" width=100%\n! width=8% | Route\n! width=5% | Off-Peak\n! width=5% | Sat\n! width=5% | Sun\n!Night Owl\n! width=15% | Start\n! width=40% | Via\n! width=15% | End\n! width=7% | Links\n|-\n| 303\n|\n|\n|\n|\n| Cherry Hill\n| First Hill, Northgate Station, NE 145th Freeway Station, Echo Lake\n| Aurora Village Transit Center\n| [http://metro.kingcounty.gov/schedules/303/ Schedule][http://metro.kingcounty.gov/schedules/303/map.html Map]\n|-\n| 311\n|\n|\n|\n|\n| Downtown Seattle\n| Totem Lake Freeway Station, Brickyard P&R, Woodinville P&R\n| Woodinville P&R\n| [http://metro.kingcounty.gov/schedules/311/ Schedule][http://metro.kingcounty.gov/schedules/311/map.html Map]\n|-\n|322\n|\n|\n|\n|\n|First Hill\n|Midtown, Roosevelt, Lake City, Sheridan Beach, Lake Forest Park\n|Kenmore P&R\n|[https://kingcounty.gov/depts/transportation/metro/schedules-maps/hastop/322.aspx Schedule]\n[https://kingcounty.gov/depts/transportation/metro/schedules-maps/hastop/322.aspx#route-map Map]\n|-\n| 331\n|\n|\n|\n|\n| Shoreline Community College\n| Richmond Highlands, Aurora Village Transit Center, Ballinger Terrace, Mountlake Terrace Station, Lake Forest Park\n| Kenmore P&R\n| [http://metro.kingcounty.gov/schedules/331/ Schedule][http://metro.kingcounty.gov/schedules/331/map.html Map]\n|-\n|333\n|Yes\n|Yes\n|Yes\n|No\n|Shoreline South/148th Station\n|Shoreline Community College & Library, North City, Ballinger Terrace\n|Mountlake Terrace Station\n|\n|-\n| 345\n|\n|\n|\n|\n| Northgate Station\n| North Seattle College, Northwest Hospital, Four Freedoms, Westminster Triangle, Parkwood\n| Shoreline South/148th Station\n| [http://metro.kingcounty.gov/schedules/345/ Schedule][http://metro.kingcounty.gov/schedules/345/map.html Map]\n|-\n| 346\n|\n|\n|\n|\n| Shoreline South/148th Station\n| Meridian Park\n| Aurora Village Transit Center\n| [http://metro.kingcounty.gov/schedules/346/ Schedule][http://metro.kingcounty.gov/schedules/346/map.html Map]\n|-\n| 348\n|\n|\n|\n|\n| Northgate Station\n| Jackson Park, Shoreline Community Center & Library, North City\n| Richmond Beach\n| [http://metro.kingcounty.gov/schedules/348/ Schedule][http://metro.kingcounty.gov/schedules/348/map.html Map]\n|-\n|365\n|Yes\n|Yes\n|Yes\n|No\n|Shoreline North/185th Station\n|5th Ave NE, Shoreline South/148th Station, Haller Lake, Northwest Hospital, North Seattle College\n|Northgate Station\n|\n|-\n| 372\n|\n|\n|\n|\n| University District\n| University Village, Ravenna, Wedgwood, Lake City, Lake Forest Park, Kenmore P&R, Bothell P&R, UW Bothell Campus, Cascadia College\n| Bothell\n----\nLake City (weekends)\n| [http://metro.kingcounty.gov/schedules/372/ Schedule][http://metro.kingcounty.gov/schedules/372/map.html Map]\n|}\n400s (Community Transit Commuter - Seattle)\nRoutes in this series are reserved for Community Transit's commuter routes connecting Downtown Seattle and Snohomish County, as well as Pierce Transit route 402.\n500s (Sound Transit Express)\nRoutes in this series are Sound Transit Express routes with the exception of Pierce Transit routes 500 and 501 serving Federal Way. This list shows the routes Metro operates under contract to Sound Transit, it does not include routes operated by Community Transit or Pierce Transit (who operates some routes solely within King County).\n{| class=\"sortable wikitable\" width=100%\n! width=10% | Route\n! width=5% | Off-Peak\n! width=5% | Sat\n! width=5% | Sun\n!Night Owl\n! width=14% | Start\n! width=40% | Via\n! width=14% | End\n! width=7% | Links\n|-\n| 522\n|\n|\n|\n|\n| Roosevelt Station\n| Lake City Way, Bothell Way NE, Ballinger Way, Kenmore P&R, UW Bothell/Cascadia College\n| Woodinville P&R\n| [http://www.soundtransit.org/Schedules/ST-Express-Bus/522 Schedule][http://www.soundtransit.org/Schedules/ST-Express-Bus/522?tab=Map Map]\n|-\n| 541\n|\n|\n|\n|\n|University District\n|University of Washington, University of Washington station, Evergreen Point Freeway Station, Yarrow Point Freeway Station, Redmond Technology Station\n|Overlake P&R\n|[https://www.soundtransit.org/sites/default/files/documents/schedule-541-542.pdf Schedule/Map]\n|-\n| 542\n|\n|\n|\n|\n| University District\n| University of Washington, University of Washington station, Evergreen Point Freeway Station, Yarrow Point Freeway Station, SR-520 & NE 51st Freeway Station, Redmond Technology Station, Downtown Redmond\n| Redmond Transit Center\n|[http://www.soundtransit.org/Schedules/ST-Express-Bus/542 Schedule][http://www.soundtransit.org/Schedules/ST-Express-Bus/542?tab=Map Map]\n|-\n| 544\n|\n|\n|\n|\n|South Lake Union\n|Evergreen Point Freeway Station, Yarrow Point Freeway Station, South Kirkland P&R, Redmond Technology Station\n|Overlake P&R\n|[https://www.soundtransit.org/sites/default/files/documents/schedule-544.pdf Schedule/Map]\n|-\n| 545\n|\n|\n|\n|\n| Downtown Seattle\n| Capitol Hill (select trips), Montlake Freeway Station, Evergreen Point Freeway Station, Yarrow Point Freeway Station, Overlake Transit Center, SR-520 & NE 51st St Freeway Station, Downtown Redmond, Redmond Transit Center\n| Bear Creek P&R\n| [http://www.soundtransit.org/Schedules/ST-Express-Bus/545 Schedule][http://www.soundtransit.org/Schedules/ST-Express-Bus/545?tab=Map Map]\n|-\n| 550\n|\n|\n|\n|\n| Downtown Seattle\n| Mercer Island P&R, South Bellevue P&R, Bellevue, Bellevue Transit Center\n| Bellevue (Library)\n| [http://www.soundtransit.org/Schedules/ST-Express-Bus/550 Schedule][http://www.soundtransit.org/Schedules/ST-Express-Bus/550?tab=Map Map]\n|-\n| 554\n|\n|\n|\n|\n| Downtown Seattle\n| Mercer Island P&R, Eastgate Freeway Station, Issaquah Transit Center\n| Issaquah Highlands P&RRedmond (select weekday trips only)\n| [http://www.soundtransit.org/Schedules/ST-Express-Bus/554 Schedule][http://www.soundtransit.org/Schedules/ST-Express-Bus/554?tab=Map Map]\n|-\n| 556\n|\n|\n|\n|\n| U District Station\n| University District, University of Washington, University of Washington station, Evergreen Point Freeway Station, Yarrow Point Freeway Station, Bellevue Transit Center, South Bellevue P&R, Eastgate Freeway Station, Issaquah Transit Center\n| Issaquah Highlands P&R\n| [http://www.soundtransit.org/Schedules/ST-Express-Bus/556 Schedule][http://www.soundtransit.org/Schedules/ST-Express-Bus/556?tab=Map Map]\n|}\n600s (Community Shuttle and Trailhead Direct)\nThis series of numbers is used for routes considered temporary or experimental. Currently community shuttle routes use these numbers. These routes are operated using Metro owned minibuses, operated by drivers from the non-profit Hopelink and partially funded by the communities they serve. While all routes operate on a fixed route, they also offer a flexible service area where passengers can be picked up and dropped off, if they make a reservation in advance.\nThe 600s are also used for the Trailhead Direct shuttle system, which runs on weekends and holidays during the spring and summer.\n{| class=\"sortable wikitable\" width=100%\n! width=10% | Route\n! width=5% | Off-Peak\n! width=5% | Sat\n! width=5% | Sun\n!Night Owl\n! width=14% | Start\n! width=40% | Via\n! width=14% | End\n! width=7% | Links\n|-\n| 630 Community Shuttle\n|\n|\n|\n|\n| Downtown Seattle\n| First Hill, Harborview Hospital, Swedish Hospital, Virginia Mason Hospital, I-90, Mercer Island P&R, Island Crest Way (flexible service area)\n| Mercer Island\n| [http://metro.kingcounty.gov/schedules/630/ Schedule][http://metro.kingcounty.gov/schedules/630/map.html Map]\n|-\n| 631 Community Shuttle\n|\n|\n|\n|\n| Burien Transit Center\n| 4th Ave SW (southbound only), Gregory Heights (northbound only, flexible service area)\n| Highline Medical Center\n| [http://metro.kingcounty.gov/schedules/631/ Schedule][http://metro.kingcounty.gov/schedules/631/map.html Map]\n|-\n| 635 Community Shuttle\n|\n|\n|\n|\n| Angle Lake Station\n| 24th Ave S, S 216th St, Wesley Homes (flexible service area), Des Moines\n| Des Moines Marina District\n| [https://kingcounty.gov/depts/transportation/metro/schedules-maps/635.aspx Schedule][https://kingcounty.gov/depts/transportation/metro/schedules-maps/635.aspx#route-map Map]\n|}\n700s (West Seattle Water Taxi shuttle)\nThese routes are shuttles connecting neighborhoods West Seattle to the Seacrest Park King County Water Taxi terminal for service to Pier 50 on downtown Seattle's waterfront. They serve all posted bus stops along the route. Although both are classified as DART (Dial-a-Ride Transit) routes, only route 773 has a zone where during weekday mid-day trips buses may deviate from their route. During the winter months (late October to early April) mid-day and weekend service is suspended on the West Seattle Water Taxi and on the shuttle routes.\nRoutes in the 700s are also used for special event services, such as Washington Huskies football games at Husky Stadium.\n{| class=\"sortable wikitable\" width=100%\n! width=8% | Route\n! width=8% | Off-Peak\n! width=8% | Sat\n! width=8% | Sun\n!Night Owl\n! width=12% | Start\n! width=37% | Via\n! width=12% | End\n! width=7% | Links\n|-\n| 773 DART\n| (except winter)\n| (except winter)\n| (except winter)\n|\n| Seacrest Park\n| Harbor Ave SW, SW Avalon Way, 35th Ave SW, SW Alaska StWeekday mid-day only: Fauntleroy Way SW, Morgan Junction, (DART Zone), California Ave SW\n| Alaska Junction\n| [http://metro.kingcounty.gov/schedules/773/ Schedule][http://metro.kingcounty.gov/schedules/773/map.html Map]\n|-\n| 775 DART\n| (except winter)\n| (except winter)\n| (except winter)\n|\n| Seacrest Park\n| Clockwise loop along Harbor Ave SW, California Ave SW, SW Admiral Way, 63rd Ave SW and returning to Seacrest Park on Alki Ave SW\n| Seacrest Park\n| [http://metro.kingcounty.gov/schedules/775/ Schedule][http://metro.kingcounty.gov/schedules/775/map.html Map]\n|}\n800s (Custom & Community Transit Commuter - Northgate )\nBoth Community Transit and King County Metro operate routes in the 800s, but the numbers used by the two agencies do not overlap.\nKing County Metro assigns custom bus routes serving schools in Bellevue, Kirkland and on Mercer Island route numbers in the 800s. Metro provides one peak trip each school day.\n{| class=\"sortable wikitable\" width=100%\n! width=5% | Route\n! width=20% | Start\n! width=48% | Via\n! width=20% | End\n! width=7% | Links\n|-\n| 893\n| Totem Lake Transit Center (AM)\n----\nLake Washington High School (PM)\n| Kirkland Transit Center\n| Lake Washington High School (AM)\n----\nForbes Creek (PM)\n| [http://kingcounty.gov/depts/transportation/metro/schedules-maps/893.aspx Schedule][http://kingcounty.gov/depts/transportation/metro/schedules-maps/893.aspx#route-map Map]\n|-\n| 895\n| Overlake P&R (AM)\n----\nLake Washington HS (PM)\n| W Lake Sammamish Pkwy, NE 40th St\n| Lake Washington High School (AM)\n----\nNE 24th St & 173rd Ave NE (PM)\n| [http://kingcounty.gov/depts/transportation/metro/schedules-maps/895.aspx Schedule][http://kingcounty.gov/depts/transportation/metro/schedules-maps/895.aspx#route-map Map]\n|}\n900s (DART & Custom)\nDial-A-Ride-Transit services are assigned route numbers 900-939. Custom bus routes are assigned route numbers from 950-999. The King County Water Taxi uses route numbers 973 and 975. Currently routes serving the private Lakeside School and University Prep in Seattle are assigned route numbers 980-999.\n{| class=\"sortable wikitable\" width=100%\n! width=8% | Route\n! width=5% | Off-Peak\n! width=5% | Sat\n! width=5% | Sun\n!Night Owl\n! width=15% | Start\n! width=40% | Via\n! width=15% | End\n! width=7% | Links\n|-\n| 901 DART\n|\n|\n|\n|\n| Federal Way Transit Center\n| (DART Zone)\n| Mirror Lake (West Federal Way)\n| [http://metro.kingcounty.gov/schedules/901/ Schedule][http://metro.kingcounty.gov/schedules/901/map.html Map]\n|-\n| 903 DART\n|\n|\n|\n|\n| Federal Way Transit Center\n| (DART Zone), Federal Way Community Center, King County Aquatics Center, South Federal Way\n| Twin Lakes, NE Tacoma (weekday morning/evening only)\n| [http://metro.kingcounty.gov/schedules/903/ Schedule][http://metro.kingcounty.gov/schedules/903/map.html Map]\n|-\n| 906 DART\n|\n|\n|\n|\n| Fairwood\n| Cascade Vista, Valley Medical Center\n| Southcenter\n----\nTukwila Station (weekdays only)\n| [http://metro.kingcounty.gov/schedules/906/ Schedule][http://metro.kingcounty.gov/schedules/906/map.html Map]\n|-\n| 907 DART\n|\n|\n|\n|\n| Renton Transit Center\n| Maple Valley\n| Black Diamond\n| [http://metro.kingcounty.gov/schedules/907/ Schedule][http://metro.kingcounty.gov/schedules/907/map.html Map]\n|-\n| 914 DART\n|\n|\n|\n|\n| Downtown Kent\n| Kent Station, (DART Zone), Lake Meridian P&R\n| Kent East Hill\n| [http://metro.kingcounty.gov/schedules/914/ Schedule][http://metro.kingcounty.gov/schedules/914/map.html Map]\n|-\n| 915 DART\n|\n|\n|\n|\n| Auburn station\n| Auburn, SR 164, (DART Zone)\n| Enumclaw\n----\nEnumclaw High School (weekdays only)\n| [http://metro.kingcounty.gov/schedules/915/ Schedule][http://metro.kingcounty.gov/schedules/915/map.html Map]\n|-\n| 917 DART\n|\n|\n|\n|\n| White River Junction\n| Pacific, Algona, Outlet Collection Seattle\n| Auburn Station\n| [http://metro.kingcounty.gov/schedules/917/ Schedule][http://metro.kingcounty.gov/schedules/917/map.html Map]\n|-\n| 930 DART\n|\n|\n|\n|\n| Kingsgate P&R\n| NE 132nd St, Willows Rd employment centers (DART Zone), Redmond Civic Center, Downtown Redmond Station\n| Redmond Town Center\n| [http://metro.kingcounty.gov/schedules/930/ Schedule][http://metro.kingcounty.gov/schedules/930/map.html Map]\n|-\n| 931 DART\n|\n|\n|\n|\n| Bothell\n| UW Bothell/Cascade College campus, (DART Zone), Woodinville, Woodinville P&R, Cottage Lake, English Hill, Redmond\n| Redmond Transit Center\n| [http://metro.kingcounty.gov/schedules/931/ Schedule][http://metro.kingcounty.gov/schedules/931/map.html Map]\n|-\n|973\n|\n|\n|\n|\n|Seacrest Ferry Dock\n|Puget Sound\n|Pier 50\n|[http://www.kingcounty.gov/depts/transportation/water-taxi/west-seattle.aspx Schedule]\n|-\n|975\n|\n|\n|\n|\n|Vashon Ferry Dock\n|Puget Sound\n|Pier 50\n|[http://www.kingcounty.gov/depts/transportation/water-taxi/vashon.aspx Schedule]\n|-\n| 981\n|\n|\n|\n|\n| Lakeside School\n| Mercer Island P&R, South Bellevue P&R, Bellevue, South Kirkland P&R\n| Houghton P&R\n| [http://metro.kingcounty.gov/schedules/981/ Schedule][http://metro.kingcounty.gov/schedules/981/map.html Map]\n|-\n| 982\n|\n|\n|\n|\n| Bear Creek P&R\n| Overlake Transit Center, Yarrow Point Freeway Station, Evergreen Point Freeway Station, Montlake, University Prep\n| Lakeside School\n| [http://metro.kingcounty.gov/schedules/982/ Schedule][http://metro.kingcounty.gov/schedules/982/map.html Map]\n|-\n| 984\n|\n|\n|\n|\n| Lakeside School\n| Ravenna, University District, Montlake, Capitol Hill, Central District\n| International District/Chinatown Station\n| [http://metro.kingcounty.gov/schedules/984/ Schedule][http://metro.kingcounty.gov/schedules/984/map.html Map]\n|-\n| 986\n|\n|\n|\n|\n| Houghton P&R\n| South Kirkland P&R, Medina, Yarrow Point Freeway Station, Evergreen Point Freeway Station, Montlake, University Prep\n| Lakeside School\n| [http://metro.kingcounty.gov/schedules/986/ Schedule][http://metro.kingcounty.gov/schedules/986/map.html Map]\n|-\n| 987\n|\n|\n|\n|\n| Rainier Beach\n| Rainier Valley, Columbia City, Central District, University Prep\n| Lakeside School\n| [http://metro.kingcounty.gov/schedules/987/ Schedule][http://metro.kingcounty.gov/schedules/987/map.html Map]\n|-\n| 988\n|\n|\n|\n|\n| Madrona\n| Madison Park, Capitol Hill, Montlake, Eastlake, University Prep\n| Lakeside School\n| [http://metro.kingcounty.gov/schedules/988/ Schedule][http://metro.kingcounty.gov/schedules/988/map.html Map]\n|-\n| 989\n|\n|\n|\n|\n| Factoria\n| Eastgate P&R, Mercer Island P&R\n| Lakeside School\n| [http://metro.kingcounty.gov/schedules/989/ Schedule][http://metro.kingcounty.gov/schedules/989/map.html Map]\n|-\n| 994\n|\n|\n|\n|\n| Downtown Seattle\n| Lower Queen Anne, Magnolia, Interlay, Ballard, Phinney Ridge, Greenwood, Green Lake, University Prep\n| Lakeside School\n| [http://metro.kingcounty.gov/schedules/994/ Schedule][http://metro.kingcounty.gov/schedules/994/map.html Map]\n|}\nNon-numbered Routes\nAlthough some of the following routes have internal route numbers, they do not operate with traditional route numbers displayed on the coach\n{| class=\"sortable wikitable\" width=100%\n! width=8% | Route\n! width=5% | Off-Peak\n! width=5% | Sat\n! width=5% | Sun\n! width=15% | Start\n! width=40% | Via\n! width=15% | End\n! width=7% | Links\n|-\n| Black Diamond-Enumclaw Community Ride (633)\n|\n|\n|\n| Black Diamond (flexible service area)\n| SR 169\n| Enumclaw (flexible service area)\n| [http://kingcounty.gov/depts/transportation/metro/schedules-maps/633.aspx Information]\n|-\n| Center Park Bus\n|\n|\n|\n| Center Park\n| (any point in King County Metro's service area at customer request)\n| Center Park\n| [http://metro.kingcounty.gov/tops/accessible/programs/centerpark.html Information]\n|-\n| SVT Valley Shuttle (629)\n|\n|\n|\n| Duvall\n| Carnation, Fall City, Snoqualmie\n| North Bend\n| [http://metro.kingcounty.gov/schedules/svt/schedule-and-map.pdf Schedule & Map]\n|-\n| Trailhead Direct\n|\n|\n|\n| Issaquah Transit Center\n| Margaret's Way Trailhead, Poo Poo Point Trailhead, East Sunset Way Trailhead, Issaquah Highlands P&R\n| Issaquah Transit Center\n| [http://kingcounty.gov/~/media/depts/transportation/metro/schedules/pdf/rt-trailhead-direct.ashx Schedule & Map]\n|}\nReferences\nExternal links\n* [http://metro.kingcounty.gov/tops/bus/neighborhoods/region_text.html King County Metro routes by neighborhood]\n* [http://metro.kingcounty.gov/tops/bus/frequency-of-service.html Metro Service Frequency]"
    }
  ]
}