{
  "content": [
    {
      "type": "text",
      "text": "# List of stadiums in the United Kingdom by capacity\n\nThe following is a list of stadiums in the United Kingdom with a capacity of 5,000 or more. They are ordered by capacity, which is the maximum number of spectators the stadium can normally hold. Capacities are standard total capacity, including seats and any standing areas, and excluding any temporary seating. Most are used for association football (referred to as football hereafter), with others hosting rugby union, rugby league, cricket, athletics, Gaelic football, hurling, camogie, tennis, American football, speedway and greyhound racing.\nExisting stadiums\n\"wikitable sortable\"\n|-\n!No.!!Stadium!!Capacity!!Location!!Country!!Tenants!!Sport!!Image\n|-\n| style\"text-align:center;\"| _row_count ||Wembley Stadium || || London ||  England || England national football team || Association football, rugby league, rugby union, Gaelic football & hurling, American football, boxing, professional wrestling\n|\n|-\n| style\"text-align:center;\"| _row_count ||Twickenham Stadium ||  || London ||  England || England national rugby union team || Rugby union, American football\n|\n|-\n| style\"text-align:center;\"| _row_count ||Old Trafford ||  || Greater Manchester ||  England || Manchester United F.C. || Association football, rugby league\n|\n|-\n| style\"text-align:center;\"| _row_count ||Principality Stadium ||  || Cardiff ||  Wales || Wales national rugby union team || Rugby union, rugby league, association football, boxing, professional wrestling\n|\n|-\n| style\"text-align:center;\"| _row_count ||Murrayfield Stadium ||  || Edinburgh ||  Scotland || Scotland national rugby union team, Edinburgh Rugby || Rugby union, rugby league\n|\n|-\n| style\"text-align:center;\"| _row_count ||Tottenham Hotspur Stadium ||  || London ||  England || Tottenham Hotspur F.C. || Association football, American football, boxing, rugby union, rugby league\n|\n|-\n| style\"text-align:center;\"| _row_count ||London Stadium || || London ||  England || West Ham United F.C., British Athletics || Association football, athletics, rugby league, rugby union, baseball\n|\n|-\n| style\"text-align:center;\"| _row_count ||Anfield ||  || Liverpool ||  England || Liverpool F.C. || Association football\n|\n|-\n| style\"text-align:center;\"| _row_count ||Emirates Stadium || || London ||  England || Arsenal F.C. || Association football\n|\n|-\n| style\"text-align:center;\"| _row_count ||Celtic Park ||  || Glasgow ||  Scotland || Celtic F.C. || Association football\n|\n|-\n| style\"text-align:center;\"| _row_count ||Etihad Stadium ||\n|| Manchester ||  England || Manchester City F.C. || Association football\n|\n|-\n| style\"text-align:center;\"| _row_count ||Hill Dickinson Stadium ||\n|| Liverpool ||  England || Everton F.C. || Association football\n|\n|-\n| style\"text-align:center;\"| _row_count ||St James' Park ||  || Newcastle upon Tyne ||  England || Newcastle United F.C. || Association football, rugby league, rugby union\n|\n|-\n| style\"text-align:center;\"| _row_count ||Hampden Park ||  || Glasgow ||  Scotland || Scotland national football team, Queen's Park F.C. || Association football\n|\n|-\n| style\"text-align:center;\"| _row_count ||Ibrox Stadium ||  || Glasgow ||  Scotland || Rangers F.C. || Association football\n|\n|-\n| style\"text-align:center;\"| _row_count ||Stadium of Light ||  || Sunderland ||  England || Sunderland A.F.C. || Association football\n|\n|-\n| style\"text-align:center;\"| _row_count ||Villa Park ||  || Birmingham ||  England || Aston Villa F.C. || Association football\n|\n|-\n| style\"text-align:center;\"| _row_count ||Stamford Bridge ||  || London ||  England || Chelsea F.C. || Association football\n|\n|-\n| style\"text-align:center;\"| _row_count ||Hillsborough Stadium ||  || Sheffield ||  England || Sheffield Wednesday F.C. || Association football\n|\n|-\n| style\"text-align:center;\"| _row_count ||Goodison Park ||  || Liverpool ||  England || Everton F.C. (women) || Association football\n|\n|-\n| style\"text-align:center;\"| _row_count ||Elland Road || || Leeds ||  England || Leeds United F.C. || Association football, rugby league\n|\n|-\n| style\"text-align:center;\"| _row_count ||Riverside Stadium ||  || Middlesbrough ||  England || Middlesbrough F.C. || Association football\n|\n|-\n| style\"text-align:center;\"| _row_count ||Pride Park Stadium ||  || Derby ||  England || Derby County F.C. || Association football\n|\n|-\n| style\"text-align:center;\"| _row_count ||Cardiff City Stadium ||  || Cardiff ||  Wales || Cardiff City F.C., Wales national football team || Association football\n|\n|-\n| style\"text-align:center;\"| _row_count ||Bramall Lane ||  || Sheffield ||  England || Sheffield United F.C. || Association football\n|\n|-\n| style\"text-align:center;\"| _row_count ||St Mary's Stadium ||  || Southampton ||  England || Southampton F.C. || Association football\n|\n|-\n| style\"text-align:center;\"| _row_count ||Coventry Building Society Arena ||  || Coventry ||  England || Coventry City F.C. || Association football\n|\n|-\n| style\"text-align:center;\"| _row_count ||King Power Stadium ||  || Leicester ||  England || Leicester City F.C. || Association football\n|\n|-\n| style\"text-align:center;\"| _row_count ||Molineux Stadium ||  || Wolverhampton ||  England || Wolverhampton Wanderers F.C. || Association football\n|\n|-\n| style\"text-align:center;\"| _row_count ||Falmer Stadium ||  || Brighton ||  England || Brighton & Hove Albion F.C. || Association football\n|\n|-\n| style\"text-align:center;\"| _row_count ||Ewood Park ||  || Blackburn ||  England || Blackburn Rovers F.C. || Association football\n|\n|-\n| style\"text-align:center;\"| _row_count ||Lord's ||  || London ||  England || Marylebone Cricket Club, Middlesex County Cricket Club || Cricket\n|\n|-\n| style\"text-align:center;\"| _row_count ||City Ground ||  || Nottingham ||  England || Nottingham Forest F.C. || Association football\n|\n|-\n| style\"text-align:center;\"| _row_count ||Stadium MK ||  || Milton Keynes ||  England || Milton Keynes Dons F.C. || Association football\n|\n|-\n| style\"text-align:center;\"| _row_count ||Bet365 Stadium ||  || Stoke-on-Trent ||  England || Stoke City F.C. || Association football\n|\n|-\n| style\"text-align:center;\"| _row_count ||Portman Road || || Ipswich ||  England || Ipswich Town F.C. || Association football\\\n|\n|-\n| style\"text-align:center;\"| _row_count ||St Andrew's ||  || Birmingham ||  England || Birmingham City F.C. || Association football\n|\n|-\n| style\"text-align:center;\"| _row_count ||Toughsheet Community Stadium ||  || Bolton ||  England || Bolton Wanderers F.C. || Association football, rugby league\n|\n|-\n| style\"text-align:center;\"| _row_count ||The Oval ||  || London ||  England || Surrey County Cricket Club || Cricket\n|\n|-\n| style\"text-align:center;\"| _row_count ||Carrow Road ||  ||Norwich ||  England || Norwich City F.C. || Association football\n|\n|-\n| style\"text-align:center;\"| _row_count ||The Valley ||  || London ||  England || Charlton Athletic F.C. || Association football\n|\n|-\n| style\"text-align:center;\"| _row_count ||Ashton Gate ||  || Bristol ||  England || Bristol City F.C., Bristol Rugby || Association football, rugby union\n|\n|-\n| style\"text-align:center;\"| _row_count ||The Hawthorns ||  || West Bromwich ||  England || West Bromwich Albion F.C. || Association football\n|\n|-\n| style\"text-align:center;\"| _row_count ||Selhurst Park ||  || London ||  England || Crystal Palace F.C. || Association football\n|\n|-\n| style\"text-align:center;\"| _row_count ||Odsal Stadium ||  || Bradford ||  England || Bradford Bulls || Rugby league, stock car racing\n|\n|-\n| style\"text-align:center;\"| _row_count ||Old Trafford Cricket Ground ||  || Trafford ||  England || Lancashire County Cricket Club || Cricket\n|\n|-\n| style\"text-align:center;\"| _row_count ||Welford Road Stadium ||  || Leicester ||  England || Leicester Tigers || Rugby union\n|\n|-\n| style\"text-align:center;\"| _row_count ||Craven Cottage ||  || London ||  England || Fulham F.C. || Association football\n|\n|-\n| style\"text-align:center;\"| _row_count ||MKM Stadium ||  || Kingston upon Hull ||  England || Hull City A.F.C., Hull F.C. || Association football, rugby\n|\n|-\n| style\"text-align:center;\"| _row_count ||Brick Community Stadium ||  || Wigan ||  England || Wigan Warriors, Wigan Athletic F.C. || Rugby league, association football\n|\n|-\n| style\"text-align:center;\"| _row_count ||Valley Parade ||  || Bradford ||  England || Bradford City A.F.C. || Association football\n|\n|-\n| style\"text-align:center;\"| _row_count ||The Darlington Arena ||  || Darlington ||  England || Darlington F.C., Darlington Mowden Park R.F.C. || Association football, rugby union\n|\n|-\n| style\"text-align:center;\"| _row_count ||Edgbaston Cricket Ground ||  || Birmingham ||  England || Warwickshire County Cricket Club || Cricket\n|\n|-\n| style\"text-align:center;\"| _row_count ||Healy Park ||  || Omagh ||  Northern Ireland || Omagh St. Enda's, Tyrone GAA || Gaelic football, hurling, camogie\n|\n|-\n| style\"text-align:center;\"| _row_count ||Kirklees Stadium ||  || Huddersfield ||  England || Huddersfield Town F.C., Huddersfield Giants || Association football, rugby league\n|\n|-\n| style\"text-align:center;\"| _row_count ||Madejski Stadium ||  || Reading ||  England || Reading F.C. || Association football\n|\n|-\n| style\"text-align:center;\"| _row_count ||Deepdale ||  || Preston ||  England || Preston North End F.C. || Association football\n|\n|-\n| style\"text-align:center;\"| _row_count ||Oakwell ||  || Barnsley ||  England || Barnsley F.C. || Association football\n|\n|-\n| style\"text-align:center;\"| _row_count ||Turf Moor ||  || Burnley ||  England || Burnley F.C. || Association football\n|\n|-\n| style\"text-align:center;\"| _row_count ||Vicarage Road ||  || Watford ||  England || Watford F.C. || Association football\n|\n|-\n| style\"text-align:center;\"| _row_count ||Headingley Rugby Stadium ||  || Leeds ||  England || Leeds Rhinos || Rugby league, rugby union\n|\n|-\n| style\"text-align:center;\"| _row_count ||Swansea.com Stadium ||  || Swansea ||  Wales || Swansea City F.C., Ospreys || Association football, rugby union\n|\n|-\n| style\"text-align:center;\"| _row_count ||Fratton Park ||  || Portsmouth ||  England || Portsmouth F.C. || Association football\n|\n|-\n| style\"text-align:center;\"| _row_count ||Pittodrie Stadium || }} || Aberdeen ||  Scotland || Aberdeen F.C. || Association football\n|\n|-\n| style\"text-align:center;\"| _row_count ||Easter Road || }} || Edinburgh ||  Scotland || Hibernian F.C. || Association football\n|\n|-\n| style\"text-align:center;\"| _row_count ||Meadow Lane ||  || Nottingham ||  England || Notts County F.C. || Association football\n|\n|-\n| style\"text-align:center;\"| _row_count ||The Den ||  || London ||  England || Millwall F.C. || Association football\n|\n|-\n| style\"text-align:center;\"| _row_count ||Brewster Park ||  || Enniskillen ||  Northern Ireland || Fermanagh GAA || Gaelic football, hurling, camogie\n|\n|-\n| style\"text-align:center;\"| _row_count ||Páirc Esler ||  || Newry ||  Northern Ireland || Down GAA || Gaelic football, hurling, camogie\n|\n|-\n| style\"text-align:center;\"| _row_count ||Tynecastle Park || }} || Edinburgh ||  Scotland || Heart of Midlothian F.C. || Association football\n|\n|-\n| style\"text-align:center;\"| _row_count ||Home Park ||  || Plymouth ||  England || Plymouth Argyle F.C. || Association football\n|\n|-\n| style\"text-align:center;\"| _row_count ||Vale Park ||  || Stoke-on-Trent ||  England || Port Vale F.C. || Association football\n|\n|-\n| style\"text-align:center;\"| _row_count ||Windsor Park ||  || Belfast ||  Northern Ireland || Northern Ireland national football team, Linfield F.C. || Association football\n|\n|-\n| style\"text-align:center;\"| _row_count ||Celtic Park ||  || Derry ||  Northern Ireland || Derry GAA || Gaelic football, hurling, camogie\n|\n|-\n| style\"text-align:center;\"| _row_count ||Headingley Cricket Ground ||  || Leeds ||  England || Yorkshire County Cricket Club || Cricket\n|\n|-\n| style\"text-align:center;\"| _row_count ||Loftus Road ||  || London ||  England || Queens Park Rangers F.C. || Association football\n|\n|-\n| style\"text-align:center;\"| _row_count ||Ravenhill Stadium ||  || Belfast ||  Northern Ireland || Ulster Rugby || Rugby union\n|\n|-\n| style\"text-align:center;\"| _row_count ||Athletic Grounds ||  || Armagh ||  Northern Ireland || Armagh GAA || Gaelic football, hurling, camogie\n|\n|-\n| style\"text-align:center;\"| _row_count ||Totally Wicked Stadium ||  || St. Helens ||  England || St Helens R.F.C., St Helens Town F.C. || Rugby league\n|\n|-\n| style\"text-align:center;\"| _row_count ||Rugby Park || }} || Kilmarnock ||  Scotland || Kilmarnock F.C. || Association football\n|\n|-\n| style\"text-align:center;\"| _row_count ||Trent Bridge ||  || West Bridgford ||  England || Nottinghamshire County Cricket Club || Cricket\n|\n|-\n| style\"text-align:center;\"| _row_count ||Brentford Community Stadium\n|17,250\n|London\n| England\n|Brentford FC, London Irish\n|Association football, rugby union\n|\n|-\n| style\"text-align:center;\"| _row_count ||Prenton Park ||  || Birkenhead ||  England || Tranmere Rovers F.C. || Association football\n|\n|-\n| style\"text-align:center;\"| _row_count ||Brunton Park ||  || Carlisle ||  England || Carlisle United F.C. || Association football\n|\n|-\n| style\"text-align:center;\"| _row_count ||Kingsholm Stadium ||  || Gloucester ||  England || Gloucester Rugby || Rugby union\n|\n|-\n| style\"text-align:center;\"| _row_count ||Bloomfield Road ||  || Blackpool ||  England || Blackpool F.C. || Association football\n|\n|-\n| style\"text-align:center;\"| _row_count ||County Cricket Ground ||  || Bristol ||  England || Gloucestershire County Cricket Club || Cricket\n|\n|-\n| style\"text-align:center;\"| _row_count ||County Ground ||  || Swindon ||  England || Swindon Town F.C. || Association football\n|\n|-\n| style\"text-align:center;\"| _row_count ||Sophia Gardens ||  || Cardiff ||  Wales || Glamorgan County Cricket Club || Cricket\n|\n|-\n| style\"text-align:center;\"| _row_count ||Sandy Park || 15,600 || Exeter ||  England || Exeter Chiefs || Rugby union\n|\n|-\n| style\"text-align:center;\"| _row_count ||Crystal Palace National Sports Centre ||  || London ||  England || London Grand Prix, London Olympians || Athletics, American football\n|\n|-\n| style\"text-align:center;\"| _row_count ||Racecourse Ground ||  || Wrexham ||  Wales || Wrexham A.F.C., North Wales Crusaders || Association football, rugby league\n|\n|-\n| style\"text-align:center;\"| _row_count ||London Road Stadium ||  || Peterborough ||  England || Peterborough United F.C. || Association football\n|\n|-\n| style\"text-align:center;\"| _row_count ||Franklin's Gardens ||  || Northampton ||  England || Northampton Saints || Rugby union\n|\n|-\n| style\"text-align:center;\"| _row_count ||Eco-Power Stadium ||  || Doncaster ||  England || Doncaster Rovers F.C., Doncaster || Association football, rugby league\n|\n|-\n| style\"text-align:center;\"| _row_count ||Halliwell Jones Stadium ||  || Warrington ||  England || Warrington Wolves || Rugby league\n|\n|-\n| style\"text-align:center;\"| _row_count ||Rose Bowl ||  || West End ||  England || Hampshire County Cricket Club || Cricket\n|\n|-\n| style\"text-align:center;\"| _row_count ||Centre Court ||  || London ||  England || The Championships, Wimbledon || Tennis\n|\n|-\n| style\"text-align:center;\"| _row_count ||Riverside Ground ||  || Chester-le-Street ||  England || Durham County Cricket Club || Cricket\n|\n|-\n| style\"text-align:center;\"| _row_count ||St Lawrence Ground ||  || Canterbury ||  England || Kent County Cricket Club, Kent Spitfires || Cricket\n|\n|-\n| style\"text-align:center;\"| _row_count ||The Oval ||  || Belfast ||  Northern Ireland || Glentoran F.C. || Association football\n|\n|-\n| style\"text-align:center;\"| _row_count ||Parc y Scarlets ||  || Llanelli ||  Wales || Scarlets, Llanelli RFC, Llanelli A.F.C.* || Rugby union, association football\n|\n|-\n| style\"text-align:center;\"| _row_count ||Twickenham Stoop ||  || London ||  England || Harlequin F.C., London Broncos || Rugby union\n|\n|-\n| style\"text-align:center;\"| _row_count ||Recreation Ground ||  || Bath ||  England || Bath Rugby || Rugby union\n|\n|-\n| style\"text-align:center;\"| _row_count ||Tannadice Park || }} || Dundee ||  Scotland || Dundee United F.C. || Association football\n|\n|-\n| style\"text-align:center;\"| _row_count ||The Shay ||  || Halifax ||  England || F.C. Halifax Town, Halifax || Association football, rugby league\n|\n|-\n| style\"text-align:center;\"| _row_count ||Fir Park || }} || Motherwell ||  Scotland || Motherwell F.C. || Association football\n|\n|-\n| style\"text-align:center;\"| _row_count ||Boundary Park ||  || Oldham ||  England || Oldham Athletic A.F.C. || Association football\n|\n|-\n| style\"text-align:center;\"| _row_count ||DCBL Stadium ||  || Widnes ||  England || Widnes Vikings || Rugby league\n|\n|-\n| style\"text-align:center;\"| _row_count ||Alexander Stadium ||  || Birmingham ||  England || Birchfield Harriers, British Athletics || Athletics\n|\n|-\n| style\"text-align:center;\"| _row_count ||Cardiff Arms Park ||  || Cardiff ||  Wales || Cardiff RFC || Rugby union\n|\n|-\n| style\"text-align:center;\"| _row_count ||Kassam Stadium ||  || Oxford ||  England || Oxford United F.C. || Association football, rugby union\n|\n|-\n| style\"text-align:center;\"| _row_count ||Roots Hall ||  || Southend-on-Sea ||  England || Southend United F.C. || Association football\n|\n|-\n| style\"text-align:center;\"| _row_count ||Craven Park ||  || Kingston upon Hull ||  England || Hull Kingston Rovers || Rugby league\n|\n|-\n| style\"text-align:center;\"| _row_count ||Sixways Stadium ||  || Worcester ||  England || Worcester Warriors || Rugby union\n|\n|-\n| style\"text-align:center;\"| _row_count ||New York Stadium ||  || Rotherham ||  England || Rotherham United F.C. || Association football\n|\n|-\n| style\"text-align:center;\"| _row_count ||Belle Vue ||  || Wakefield ||  England || Wakefield Trinity Wildcats || Rugby league\n|\n|-\n| style\"text-align:center;\"| _row_count ||Brewery Field ||  || Bridgend ||  Wales || Bridgend Ravens, Bridgend Town F.C. || Rugby union, association football\n|\n|-\n| style\"text-align:center;\"| _row_count ||Grace Road ||  || Leicester ||  England || Leicestershire County Cricket Club || Cricket\n|\n|-\n| style\"text-align:center;\"| _row_count ||Salford City Stadium ||  || Salford ||  England || Salford City Reds, Sale Sharks || Rugby league, rugby union\n|\n|-\n| style\"text-align:center;\"| _row_count ||Gateshead International Stadium ||  || Gateshead ||  England || Gateshead F.C., Gateshead Senators || Athletics, association football, rugby league, American football\n|\n|-\n| style\"text-align:center;\"| _row_count ||Dens Park || }} || Dundee ||  Scotland || Dundee F.C. || Association football\n|\n|-\n| style\"text-align:center;\"| _row_count ||The Jungle ||  || Castleford ||  England || Castleford Tigers || Rugby league\n|\n|-\n| style\"text-align:center;\"| _row_count ||Rodney Parade ||  || Newport ||  Wales || Newport RFC, Dragons Newport County FC || Rugby union, association football\n|\n|-\n| style\"text-align:center;\"| _row_count ||Gigg Lane ||  || Bury ||  England || Bury F.C. || Association football\n|\n|-\n| style\"text-align:center;\"| _row_count ||Cappielow || }} || Greenock ||  Scotland || Greenock Morton F.C. || Association football\n|\n|-\n| style\"text-align:center;\"| _row_count ||Priestfield Stadium ||  || Gillingham ||  England || Gillingham F.C. || Association football\n|\n|-\n| style\"text-align:center;\"| _row_count ||Kenilworth Road ||  || Luton ||  England || Luton Town F.C. || Association football\n|\n|-\n| style\"text-align:center;\"| _row_count ||North Marine Road ||  || Scarborough ||  England || Scarborough Cricket Club, Yorkshire County Cricket Club* || Cricket\n|\n|-\n| style\"text-align:center;\"| _row_count ||East End Park || }} || Dunfermline ||  Scotland || Dunfermline Athletic F.C. || Association football\n|\n|-\n| style\"text-align:center;\"| _row_count ||No. 1 Court ||  || London ||  England || The Championships, Wimbledon || Tennis\n|\n|-\n| style\"text-align:center;\"| _row_count ||Dean Court ||  || Bournemouth ||  England || A.F.C. Bournemouth || Association football\n|\n|-\n| style\"text-align:center;\"| _row_count ||Bescot Stadium ||  || Walsall ||  England || Walsall F.C. || Association football\n|\n|-\n| style\"text-align:center;\"| _row_count ||Leigh Sports Village ||  || Leigh ||  England || Leigh Centurions || Rugby league\n|\n|-\n| style\"text-align:center;\"| _row_count ||Edgeley Park ||  || Stockport ||  England || Stockport County F.C. || Association football\n|\n|-\n| style\"text-align:center;\"| _row_count ||McDiarmid Park || }} || Perth ||  Scotland || St Johnstone F.C. || Association football\n|\n|-\n| style\"text-align:center;\"| _row_count ||Cwmbran Stadium ||  || Cwmbran ||  Wales || Cwmbran Town A.F.C. || Athletics, association football\n|\n|-\n| style\"text-align:center;\"| _row_count ||SMH Group Stadium ||  || Chesterfield ||  England || Chesterfield F.C. || Association football\n|\n|-\n| style\"text-align:center;\"| _row_count ||Sincil Bank ||  || Lincoln ||  England || Lincoln City F.C. || Association football\n|\n|-\n| style\"text-align:center;\"| _row_count ||Spotland Stadium ||  || Rochdale ||  England || Rochdale A.F.C., Rochdale Hornets || Association football, rugby league\n|\n|-\n| style\"text-align:center;\"| _row_count ||Kingston Park ||  || Newcastle upon Tyne ||  England || Newcastle Falcons, Newcastle Thunder, Newcastle United W.F.C. || Rugby union, rugby league, association football\n|\n|-\n| style\"text-align:center;\"| _row_count ||Somerset Park || }} || Ayr ||  Scotland || Ayr United F.C. || Association football\n|\n|-\n| style\"text-align:center;\"| _row_count ||Alexandra Stadium ||  || Crewe ||  England || Crewe Alexandra F.C. || Association football\n|\n|-\n| style\"text-align:center;\"| _row_count ||Firhill Stadium || }} || Glasgow ||  Scotland || Partick Thistle F.C. || Association football\n|\n|-\n| style\"text-align:center;\"| _row_count ||Excelsior Stadium || }} || Airdrie ||  Scotland || Airdrieonians F.C. || Association football\n|\n|-\n| style\"text-align:center;\"| _row_count ||Adams Park ||  || High Wycombe ||  England || Wycombe Wanderers F.C.,  || Association football\n|\n|-\n| style\"text-align:center;\"| _row_count ||Barnet Copthall ||  || London ||  England || Saracens F.C., Shaftesbury Barnet Harriers || Rugby union, athletics\n|\n|-\n| style\"text-align:center;\"| _row_count ||County Cricket Ground ||  || Beckenham, Greater London ||  England || Kent County Cricket Club* || Cricket\n|\n|-\n| style\"text-align:center;\"| _row_count ||Derwent Park ||  || Workington ||  England || Workington Town, Workington Comets || Rugby league, speedway\n|\n|-\n| style\"text-align:center;\"| _row_count ||Field Mill ||  || Mansfield ||  England || Mansfield Town F.C. || Association football\n|\n|-\n| style\"text-align:center;\"| _row_count ||Colchester Community Stadium ||  || Colchester ||  England || Colchester United F.C. || Association football\n|\n|-\n| style\"text-align:center;\"| _row_count ||Penydarren Park ||  || Merthyr Tydfil ||  Wales || Merthyr Town || Association football\n|\n|-\n| style\"text-align:center;\"| _row_count ||New Meadow ||  || Shrewsbury ||  England || Shrewsbury Town F.C. || Association football\n|\n|-\n| style\"text-align:center;\"| _row_count ||Memorial Stadium ||  || Bristol ||  England || Bristol Rovers F.C. || Association football\n|\n|-\n| style\"text-align:center;\"| _row_count ||Scotstoun Stadium ||  || Glasgow ||  Scotland || Glasgow Warriors || Rugby union, athletics\n|\n|-\n| style\"text-align:center;\"| _row_count ||Huish Park ||  || Yeovil ||  England || Yeovil Town F.C. || Association football\n|\n|-\n| style\"text-align:center;\"| _row_count ||Abbey Stadium ||  || Cambridge ||  England || Cambridge United F.C. || Association football\n|\n|-\n| style\"text-align:center;\"| _row_count ||Blundell Park ||  || Cleethorpes ||  England || Grimsby Town F.C. || Association football\n|\n|-\n| style\"text-align:center;\"| _row_count ||County Cricket Ground ||  || Derby ||  England || Derbyshire County Cricket Club || Cricket\n|\n|-\n| style\"text-align:center;\"| _row_count ||New Plough Lane\n|\n|London\n| England\n|A.F.C. Wimbledon\n|Association football\n|\n|-\n| style\"text-align:center;\"| _row_count ||Brisbane Road ||  || London ||  England || Leyton Orient F.C. || Association football\n|\n|-\n| style\"text-align:center;\"| _row_count ||Glanford Park ||  || Scunthorpe ||  England || Scunthorpe United F.C. || Association football\n|\n|-\n| style\"text-align:center;\"| _row_count ||Stark's Park || }} || Kirkcaldy ||  Scotland || Raith Rovers F.C. || Association football\n|\n|-\n| style\"text-align:center;\"| _row_count ||Withdean Stadium ||  || Brighton ||  England ||AFC Varndeanians Brighton & Hove Athletics Club || Association football, athletics\n|\n|-\n| style\"text-align:center;\"| _row_count ||St James Park ||  || Exeter ||  England || Exeter City F.C. || Association football\n|\n|-\n| style\"text-align:center;\"| _row_count ||Pontypool Park ||  || Pontypool ||  Wales || Pontypool RFC || Rugby union\n|\n|-\n| style\"text-align:center;\"| _row_count ||Twerton Park ||  || Bath ||  England || Bath City F.C. || Association football\n|\n|-\n| style\"text-align:center;\"| _row_count ||Almondvale Stadium || }} || Livingston ||  Scotland || Livingston F.C. || Association football\n|\n|-\n| style\"text-align:center;\"| _row_count ||Palmerston Park || }} || Dumfries ||  Scotland || Queen of the South F.C. || Association football\n|\n|-\n| style\"text-align:center;\"| _row_count ||The Racecourse ||  || Durham ||  England || Durham University CCE || Cricket\n|\n|-\n| style\"text-align:center;\"| _row_count ||York Community Stadium ||  || York ||  England || York City F.C., York Knights || Association football, rugby league\n|\n|-\n| style\"text-align:center;\"| _row_count ||Sixfields Stadium ||  || Northampton ||  England || Northampton Town F.C. || Association football\n|\n|-\n| style\"text-align:center;\"| _row_count ||Broadwood Stadium || }} || Cumbernauld ||  Scotland || Broomhill F.C. (Scotland) || Association football\n|\n|-\n| style\"text-align:center;\"| _row_count ||Ballymena Showgrounds ||  || Ballymena ||  Northern Ireland || Ballymena United F.C. || Association football\n|\n|-\n| style\"text-align:center;\"| _row_count ||Eugene Cross Park ||  || Ebbw Vale ||  Wales || Ebbw Vale RFC, Ebbw Vale Cricket Club || Rugby union, cricket\n|\n|-\n| style\"text-align:center;\"| _row_count ||New Grosvenor Stadium ||  || Lisburn ||  Northern Ireland || Lisburn Distillery F.C. || Association football\n|\n|-\n| style\"text-align:center;\"| _row_count ||Falkirk Stadium || }} || Falkirk ||  Scotland || Falkirk F.C. || Association football\n|\n|-\n| style\"text-align:center;\"| _row_count ||St Mirren Park || }} || Paisley ||  Scotland || St Mirren F.C. || Association football\n|\n|-\n| style\"text-align:center;\"| _row_count ||Sardis Road ||  || Pontypridd ||  Wales || Pontypridd RFC || Rugby union\n|\n|-\n| style\"text-align:center;\"| _row_count ||Cougar Park ||  || Keighley ||  England ||Steeton A.F.C., Keighley Cougars|| Association football, rugby league\n|\n|-\n| style\"text-align:center;\"| _row_count ||Edinburgh Rugby Stadium ||  || Edinburgh ||  Scotland || Edinburgh Rugby || Rugby union\n|\n|-\n| style\"text-align:center;\"| _row_count ||Brandywell Stadium ||  || Derry ||  Northern Ireland || Derry City F.C. || Association football\n|\n|-\n| style\"text-align:center;\"| _row_count ||Victoria Park ||  || Hartlepool ||  England || Hartlepool United F.C. || Association football\n|\n|-\n| style\"text-align:center;\"| _row_count ||Caledonian Stadium || }} || Inverness ||  Scotland || Inverness Caledonian Thistle F.C. || Association football\n|\n|-\n| style\"text-align:center;\"| _row_count ||Craven Park ||  || Barrow-in-Furness ||  England || Barrow Raiders || Rugby league\n|\n|-\n| style\"text-align:center;\"| _row_count ||Recreation Ground ||  || Whitehaven ||  England || Whitehaven || Rugby league\n|\n|-\n| style\"text-align:center;\"| _row_count ||South Kesteven Sports Stadium ||  || Grantham ||  England || Grantham Town F.C. || Association football\n|\n|-\n| style\"text-align:center;\"| _row_count ||Mount Pleasant ||  || Batley ||  England || Batley Bulldogs || Rugby league\n|\n|-\n| style\"text-align:center;\"| _row_count ||Recreation Ground ||  || Aldershot ||  England || Aldershot Town F.C. || Association football\n|\n|-\n| style\"text-align:center;\"| _row_count ||Whaddon Road ||  || Cheltenham ||  England || Cheltenham Town F.C.|| Association football\n|\n|-\n| style\"text-align:center;\"| _row_count ||Queen's Park ||  || Chesterfield ||  England || Chesterfield CC, Derbyshire County Cricket Club* || Cricket\n|\n|-\n| style\"text-align:center;\"| _row_count ||Cherrywood Road ||  || Farnborough ||  England || Farnborough F.C. || Association football\n|\n|-\n| style\"text-align:center;\"| _row_count ||Academy Stadium ||  || Manchester ||  England || Manchester City W.F.C. || Association football\n|\n|-\n| style\"text-align:center;\"| _row_count ||Pirelli Stadium ||  || Burton upon Trent ||  England || Burton Albion F.C. || Association football\n|\n|-\n| style\"text-align:center;\"| _row_count ||Queen's Club Centre Court ||  || London ||  England || Queen's Club Championships || Tennis\n|\n|-\n| style\"text-align:center;\"| _row_count ||Post Office Road ||  || Featherstone ||  England || Featherstone Rovers || Rugby league\n|\n|-\n| style\"text-align:center;\"| _row_count ||Station Park || }} || Forfar ||  Scotland || Forfar Athletic F.C. || Association football\n|\n|-\n| style\"text-align:center;\"| _row_count ||Broadhall Way ||  || Stevenage ||  England || Stevenage F.C. || Association football\n|\n|-\n| style\"text-align:center;\"| _row_count ||National Speedway Stadium ||  || Manchester ||  England || Belle Vue Aces || Speedway, American football\n|\n|-\n| style\"text-align:center;\"| _row_count ||York Street ||  || Boston ||  England || Railway Athletic F.C. || Association football\n|\n|-\n| style\"text-align:center;\"| _row_count ||Bob Lucas Stadium ||  || Weymouth ||  England || Weymouth F.C. || Association football\n|\n|-\n| style\"text-align:center;\"| _row_count ||Gayfield Park || }} || Arbroath ||  Scotland || Arbroath F.C. || Association football\n|\n|-\n| style\"text-align:center;\"| _row_count ||Victoria Park || }} || Dingwall ||  Scotland || Ross County F.C. || Association football\n|\n|-\n| style\"text-align:center;\"| _row_count ||Hertinfordbury Park || ||Hertford|| England ||Hertford Town F.C.|| Association football\n|\n|-\n| style\"text-align:center;\"| _row_count ||Bower Fold ||  || Stalybridge ||  England || Stalybridge Celtic, Oldham R.L.F.C. || Association football, rugby league\n|\n|-\n| style\"text-align:center;\"| _row_count ||County Cricket Ground ||  || Northampton ||  England || Northamptonshire County Cricket Club || Cricket\n|\n|-\n| style\"text-align:center;\"| _row_count ||County Ground ||  || Taunton ||  England || Somerset County Cricket Club, England women's cricket team || Cricket\n|\n|-\n| style\"text-align:center;\"| _row_count ||Crabble Athletic Ground ||  || River ||  England || Dover Athletic F.C. || Association football\n|\n|-\n| style\"text-align:center;\"| _row_count ||Manchester Regional Arena ||  || Manchester ||  England || Manchester City L.F.C. || Athletics, association football\n|\n|-\n| style\"text-align:center;\"| _row_count ||Seaview ||  || Belfast ||  Northern Ireland || Crusaders F.C. || Association football\n|\n|-\n| style\"text-align:center;\"| _row_count ||The Showgrounds ||  || Coleraine ||  Northern Ireland || Coleraine F.C., Newry City F.C. || Association football\n|\n|-\n| style\"text-align:center;\"| _row_count ||Globe Arena ||  || Morecambe ||  England || Morecambe F.C. || Association football\n|\n|-\n| style\"text-align:center;\"| _row_count ||The Hive Stadium ||  || London ||  England || Barnet F.C. || Association football\n|\n|-\n| style\"text-align:center;\"| _row_count ||Moss Rose ||  || Macclesfield ||  England || Macclesfield Town F.C. || Association football\n|\n|-\n| style\"text-align:center;\"| _row_count ||New Bucks Head ||  || Telford ||  England || A.F.C. Telford United || Association football\n|\n|-\n| style\"text-align:center;\"| _row_count ||Aggborough ||  || Kidderminster ||  England || Kidderminster Harriers F.C. || Association football\n|\n|-\n| style\"text-align:center;\"| _row_count ||Broadfield Stadium ||  || Crawley ||  England || Crawley Town F.C. || Association football\n|\n|-\n| style\"text-align:center;\"| _row_count ||Plainmoor ||  || Torquay ||  England || Torquay United F.C. || Association football\n|\n|-\n| style\"text-align:center;\"| _row_count ||Moss Lane ||  || Altrincham ||  England || Altrincham F.C. || Association football\n|\n|-\n| style\"text-align:center;\"| _row_count ||Victoria Road ||  || London ||  England || Dagenham & Redbridge F.C. || Association football\n|\n|-\n| style\"text-align:center;\"| _row_count ||Kingfield Stadium ||  || Woking ||  England || Woking F.C. || Association football\n|\n|-\n| style\"text-align:center;\"| _row_count ||New Douglas Park || }} || Hamilton ||  Scotland || Hamilton Academical F.C. || Association football\n|\n|-\n| style\"text-align:center;\"| _row_count ||Haig Avenue ||  || Southport ||  England || Southport F.C. || Association football\n|\n|-\n| style\"text-align:center;\"| _row_count ||County Cricket Ground ||  || Chelmsford ||  England || Essex County Cricket Club* || Cricket\n|\n|-\n| style\"text-align:center;\"| _row_count ||Inver Park ||  || Larne ||  Northern Ireland || Larne F.C. || Association football\n|\n|-\n| style\"text-align:center;\"| _row_count ||Jenner Park Stadium ||  || Barry ||  Wales || Barry Town F.C. || Association football, athletics\n|\n|-\n| style\"text-align:center;\"| _row_count ||Solitude ||  || Belfast ||  Northern Ireland || Cliftonville F.C. || Association football\n|\n|-\n| style\"text-align:center;\"| _row_count ||Taylor's Avenue ||  || Carrickfergus ||  Northern Ireland || Carrick Rangers F.C. || Association football\n|\n|-\n| style\"text-align:center;\"| _row_count ||The Camrose ||  || Basingstoke ||  England || Basingstoke Town F.C. || Association football\n|\n|-\n| style\"text-align:center;\"| _row_count ||The Gnoll ||  || Neath ||  Wales || Neath F.C., Neath RFC, South Wales Scorpions || Association football, rugby union, rugby league\n|\n|-\n| style\"text-align:center;\"| _row_count ||Victoria Road ||  || Port Talbot ||  Wales || Port Talbot Town F.C. || Association football\n|\n|-\n| style\"text-align:center;\"| _row_count ||Footes Lane ||  || Guernsey ||  Guernsey || Guernsey F.C. || Association football\n|\n|-\n| style\"text-align:center;\"| _row_count ||Butlin Road ||  || Rugby ||  England ||  || Association football\n|\n|-\n| style\"text-align:center;\"| _row_count ||Old Deer Park ||  || London ||  England || London Welsh RFC || Rugby union\n|\n|-\n| style\"text-align:center;\"| _row_count ||The Walks Stadium ||  || King's Lynn ||  England || King's Lynn Town F.C. || Association football\n|\n|-\n| style\"text-align:center;\"| _row_count ||The Runnymede Stadium ||  || Egham ||  England || Egham Town F.C. || Association football\n|\n|-\n| style\"text-align:center;\"| _row_count ||Park Avenue ||  || Aberystwyth ||  Wales || Aberystwyth Town F.C. || Association football\n|\n|-\n| style\"text-align:center;\"| _row_count ||Poole Stadium ||  || Poole ||  England || Poole Pirates || Speedway, greyhound racing\n|\n|-\n| style\"text-align:center;\"| _row_count ||Dixon Park ||  || Ballyclare ||  Northern Ireland || Ballyclare Comrades F.C., Ards F.C. || Association football\n|\n|-\n| style\"text-align:center;\"| _row_count ||Deva Stadium ||  || Chester ||  England || Chester || Association football\n|\n|-\n| style\"text-align:center;\"| _row_count ||Edgar Street ||  || Hereford ||  England || Hereford F.C. || Association football\n|\n|-\n| style\"text-align:center;\"| _row_count ||Ten Acres ||  || Eastleigh ||  England || Eastleigh F.C. || Association football\n|\n|-\n| style\"text-align:center;\"| _row_count ||The New Lawn ||  || Nailsworth ||  England || Forest Green Rovers F.C. || Association football\n|\n|-\n| style\"text-align:center;\"| _row_count ||Crown Flatt ||  || Dewsbury ||  England || Dewsbury Rams || Rugby league\n|\n|-\n| style\"text-align:center;\"| _row_count ||Jakemans Community Stadium ||  || Boston ||  England || Boston United F.C. || Association football\n|\n|-\n| style\"text-align:center;\"| _row_count ||Crown Ground ||  || Accrington ||  England || Accrington Stanley F.C. || Association football\n|\n|-\n| style\"text-align:center;\"| _row_count ||Victoria Stadium ||  || Northwich ||  England ||  || Association football\n|\n|-\n| style\"text-align:center;\"| _row_count ||Gander Green Lane ||  || London ||  England || Sutton United F.C. || Association football\n|\n|-\n| style\"text-align:center;\"| _row_count ||Stonebridge Road ||  || Northfleet ||  England || Ebbsfleet United F.C. || Association football\n|\n|-\n| style\"text-align:center;\"| _row_count ||Avenue Stadium ||  || Dorchester ||  England || Dorchester Town F.C. || Association football\n|\n|-\n| style\"text-align:center;\"| _row_count ||Hughenden Stadium ||  || Glasgow ||  Scotland || Hillhead Jordanhill RFC || Rugby union\n|\n|-\n| style\"text-align:center;\"| _row_count ||Talbot Athletic Ground ||  || Port Talbot ||  Wales || Aberavon RFC || Rugby union\n|\n|-\n| style\"text-align:center;\"| _row_count ||The Grange ||  || Edinburgh ||  Scotland || Scotland national cricket team || Cricket\n|\n|-\n| style\"text-align:center;\"| _row_count ||The Valley ||  || Redditch ||  England || Redditch United F.C. || Association football\n|\n|-\n| style\"text-align:center;\"| _row_count ||The Meadow ||  || Chesham ||  England || Chesham United F.C., Aylesbury United F.C. || Association football\n|\n|-\n| style\"text-align:center;\"| _row_count ||Raymond McEnhill Stadium ||  || Salisbury ||  England || Salisbury City F.C. || Association football\n|\n|-\n| style\"text-align:center;\"| _row_count ||Latham Park ||  || Newtown ||  Wales || Newtown A.F.C. || Association football\n|\n|-\n| style\"text-align:center;\"| _row_count ||Mourneview Park ||  || Lurgan ||  Northern Ireland || Glenavon F.C. || Association football\n|\n|-\n| style\"text-align:center;\"| _row_count ||Skegoneill Avenue ||  || Belfast ||  Northern Ireland || Brantwood F.C. || Association football\n|\n|-\n| style\"text-align:center;\"| _row_count ||Stormont ||  || Belfast ||  Northern Ireland || Civil Service North of Ireland Cricket Club || Cricket\n|\n|-\n| style\"text-align:center;\"| _row_count ||Victoria Park ||  || Buckie ||  Scotland || Buckie Thistle F.C. || Association football\n|\n|-\n|} }}\nSee also\n*Football in the United Kingdom\n*List of indoor arenas in the United Kingdom\n*List of cricket grounds in England and Wales\n*List of English football stadiums by capacity\n*List of English rugby league stadiums by capacity\n*List of English rugby union stadiums by capacity\n*List of stadiums in England\n*List of Gaelic Athletic Association stadiums\n*List of stadiums in Ireland by capacity\n*List of association football stadiums in Northern Ireland\n*List of Scottish football stadiums by capacity\n*List of stadiums in Wales by capacity\n*List of European stadiums by capacity\n*Lists of stadiums\nReferences"
    }
  ]
}