{
  "content": [
    {
      "type": "text",
      "text": "# List of places in Warwickshire\n\n}}\nThis is a list of cities, towns and villages in the ceremonial county of Warwickshire, England.\nA\nAdmington, Alcester, Alderminster, Alveston, Ansley, Ansty, Arley, Armscote, Arrow, Ashorne, Ashow, Astley, Aston Cantlow, Atherstone, Atherstone-on-Stour, Austrey, Avon Dassett\nB\nBaddesley Clinton, Baddesley Ensor, Baginton, Barcheston, Barford, Barnacle, Barton, Barton-on-the-Heath, Bascote, Baxterley, Bearley, Beaudesert, Beausale, Bentley, Bedworth, Berkswell, Bermuda, Bidford-on-Avon, Billesley, Bilton, Binley Woods, Binton, Birdingbury, Bishop's Itchington, Bishop's Tachbrook, Blackdown, Bolehall,  Bourton-on-Dunsmore, Brailes, Bramcote, Bramcote Mains, Brandon, Bretford, Brinklow, Broadwell, Bubbenhall, Budbrooke, Bulkington, Burmington, Burton Dassett, Burton Hastings, Bushwood, Butlers Marston\nC\nCaldecote, Cawston, Chadshunt, Chapel Ascote, Chapel Green, Charlecote, Cherington, Chesterton, Church Lawford, Churchover,  Claverdon, Clifford Chambers, Clifton-upon-Dunsmore, Coleshill, Combrook, Compton Verney, Compton Wynyates, Copston Magna, Corley, Cosford, Coughton, Cubbington, Curdworth\nD\nDarlingscott, Dordon, Dorsington, Draycote, Dunchurch\nE\nEarlswood, Easenhall, Eathorpe, Ettington, Exhall, Exhall (Stratford upon Avon)\nF\nFarnborough, Fenny Compton, Fillongley, Flecknoe, Frankton, Fulbrook\nG\nGaydon, Grandborough, Great Alne, Great Packington, Great Wolford, Grendon, Griff, Galley Common\nH\nHalford, Hampton Lucy, Hampton Magna, Harborough Magna, Harbury, Hartshill, Haseley, Haseley Knob, Haselor, Hatton, Henley-in-Arden, Hill, Hill Wootton, Hodnell, Honiley, Honington, Houlton, Hunningham, Hunningham Hill, Hurley\nI\nIdlicote, Ilmington\nK\nKenilworth, Keresley End, Kineton, Kingsbury, King's Coughton, King's Newnham, Kinwarton, Kites Hardwick\nL\nLadbroke, Langley, Lapworth, Lea Marston, Leamington Hastings, Leamington Spa, Leek Wootton, Lighthorne, Lighthorne Heath, Little Alne, Little Compton, Little Lawford, Little Packington, Little Wolford, Long Compton, Long Itchington, Long Lawford, Long Marston, Lower Quinton, Lower Shuckburgh, Lower Tysoe, Lowsonford, Loxley, Luddington, Lye Green\nM\nMancetter, Marlcliff, Marton, Maxstoke, Merevale, Middleton, Milcote, Milverton, Monks Kirby, Morton Bagot, Moreton Morrell, Moxhull\nN\nNapton-on-the-Hill, Nether Whitacre, Newbold-on-Avon, Newbold Pacey, Newnham, Newton, Newton Regis, No Man's Heath, Northend, Norton Lindsey, Nuneaton\nO\nOffchurch, Oldberrow, Old Milverton, Over Whitacre, Oxhill\nP\nPailton, Pathlow, Piccadilly, Pillerton Hersey, Pillerton Priors, Pinley Green, Polesworth, Preston Bagot, Preston-on-Stour, Princethorpe, Priors Hardwick, Priors Marston\nQ\nQuinton\nR\nRadbourne, Radford Semele, Radway, Ratley, Rowington, Rugby, Ryton-on-Dunsmore\nS\nSalford Priors, Sambourne, Sawbridge, Seckington, Sherbourne, Shilton, Shipston-on-Stour, Shotteswell, Shottery, Shrewley, Shustoke, Shuttington, Snitterfield, Southam, Spernall, Stareton, Stockton, Stoneleigh, Stoneton, Stourton, Stratford-upon-Avon,  Stretton Baskerville, Stretton-on-Dunsmore, Stretton-on-Fosse, Stretton-under-Fosse, Studley, Sutton-under-Brailes\nT\nTanworth-in-Arden, Temple Grafton, Temple Herdewyke, Thurlaston, Tiddington, Tidmington, Tredington, Tysoe\nU\nUfton, Ullenhall, Upper Quinton, Upper Shuckburgh\nW\nWalcote, Wappenbury, Warmington, Warwick, Wasperton,  Watergall, Water Orton, Weethley, Welford-on-Avon, Wellesbourne, Weston-on-Avon, Weston-under-Wetherley, Whatcote, Whichford, Whitchurch, Whitnash, Wibtoft, Willey, Willoughby, Wilmcote, Winderton, Wishaw, Withybrook,  Wixford, Wolfhampcote, Wolston, Wolverton, Wolvey, Wood End (Atherstone), Wood End (Fillongley), Wood End (Stratford-on-Avon), Woolscott, Wootton Wawen, Wormleighton, Wroxall\nSee also\n* List of Warwickshire towns by population\n* List of places in England"
    }
  ]
}