{
  "content": [
    {
      "type": "text",
      "text": "# Lycée Martin Luther King\n\nLycée Martin Luther King may refer to:\n* Lycée Martin Luther King (Bussy-Saint-Georges)\n* Lycée Martin Luther King in Lyon\n* Lycée Martin Luther King in Narbonne\n* Lycée d'enseignement adapté Martin Luther King in Asnières-sur-Seine\nSee also\n* Martin Luther King (disambiguation)\n* Martin Luther King High School (disambiguation) for high schools in the United States named after King\n* Martin Luther King Middle School (disambiguation)"
    }
  ]
}