{
  "content": [
    {
      "type": "text",
      "text": "# National Famous Historical and Cultural City\n\nand Confucianism, Qufu, Shandong was elected as the first batch of National Famous Historical and Cultural City]]\nThis is a list of cities designated as National Famous Historical and Cultural Cities (国家历史文化名城) by the State Council of China. China approved 99 National Famous Historical and Cultural Cities in three batches in 1982, 1986 and 1994, and has approved a further 45 cities from August 10, 2001 to December 12, 2024, bringing the total to 144. These cities are distributed throughout every provinces, autonomous region, and municipality except for Hong Kong and Macao. Jiangsu is the province with the most National Famous Historical and Cultural Cities, having 14; Shandong and Zhejiang are second, each having 10, Guangdong, Henan, Sichuan, and Yunnan are 4th with 8 cities, and Anhui is 8th, having 7. and Hebei, Jiangxi, Shanxi, Shaanxi are 9th, each with 6 National Famous Historical and Cultural Cities.\nConcept\nAccording to the Protection Law on Cultural Relics of China, a National Famous Historical and Cultural City is a city with an unusual wealth of cultural relics of high historical value and major revolutionary significance, subject to the approval and announcement of the State Council of PR China. The local government at the county level of the place where the famous city is located must organize the formulation of plans on protection of the famous city and bring that planning into the overall city planning. Measures for the protection of famous city shall be formulated by the State Council.\nFirst batch\nThe first batch was published on February 8, 1982 by State Council, there are 24 Chinese cities.\n;24 cities\n* Beijing (北京)\n* Changsha (长沙) in Hunan\n* Chengde (承德) in Hebei\n* Chengdu (成都) in Sichuan\n* Dali (大理) in Yunnan\n* Datong (大同) in Shanxi\n* Guangzhou (广州) in Guangdong\n* Guilin (桂林) in Guangxi\n* Hangzhou (杭州) in Zhejiang\n* Jingdezhen (景德镇) in Jiangxi\n* Jingzhou (荆州) in Hubei\n* Kaifeng (开封) in Henan\n* Kunming (昆明) in Yunnan\n* Lhasa (拉萨) in Tibet\n* Luoyang (洛阳) in Henan\n* Nanjing (南京) in Jiangsu\n* Quanzhou (泉州) in Fujian\n* Qufu (曲阜) in Shandong\n* Shaoxing (绍兴) in Zhejiang\n* Suzhou (苏州) in Jiangsu\n* Xi'an (西安) in Shaanxi\n* Yan'an (延安) in Shaanxi\n* Yangzhou (扬州) in Jiangsu\n* Zunyi (遵义) in Guizhou\n}}\nSecond batch\nThe second batch was published on December 8, 1986 by State Council, there are 38 cities.\n;38 cities\n* Anyang (安阳) in Henan\n* Baoding (保定) in Hebei\n* Bozhou (亳州) in Anhui\n* Changshu (常熟) in Jiangsu\n* Chaozhou (潮州) in Guangdong\n* Chongqing (重庆)\n* Dunhuang (敦煌) in Gansu\n* Fuzhou (福州) in Fujian\n* Hancheng (韩城) in Shaanxi\n* Hohhot (呼和浩特) in Inner Mongolia\n* Huai'an (淮安) in Jiangsu\n* Jinan (济南) in Shandong\n* Kashgar (喀什) in Xinjiang\n* Langzhong (阆中) in Sichuan\n* Lijiang (丽江) in Yunnan\n* Nanchang (南昌) in Jiangxi\n* Nanyang (南阳) in Henan\n* Ningbo (宁波) in Zhejiang\n* Pingyao (平遥) in Shanxi\n* Shanghai (上海)\n* Shangqiu (商丘县) in Henan\n* She County (歙县) in Anhui\n* Shenyang (沈阳) in Liaoning\n* Shigatse (日喀则) in Tibet\n* Shou County (寿县) in Anhui\n* Tianjin (天津)\n* Wuhan (武汉)  in Hubei\n* Wuwei (武威) in Gansu\n* Xiangfan (襄樊) in Hubei\n* Xuzhou (徐州) in Jiangsu\n* Yibin (宜宾) in Sichuan\n* Yinchuan (银川) in Ningxia\n* Yulin (榆林) in Shaanxi\n* Zhangye (张掖) in Gansu\n* Zhangzhou (漳州) in Fujian\n* Zhenjiang (镇江) in Jiangsu\n*Zhenyuan (镇远) in Guizhou\n* Zigong (自贡) in Sichuan\n}}\nThird batch\nThe third batch was published on January 4, 1994 by State Council, there are 37 cities.\n;37 cities\n* Changting County (长汀) in Fujian\n* Dai County (代县) in Shanxi\n* Dujiangyan (都江堰) in Sichuan\n* Foshan (佛山) in Guangdong\n* Ganzhou (赣州) in Jiangxi\n* Gyantse County (江孜) in Tibet\n* Handan (邯郸) in Hebei\n* Hanzhong (汉中) in Shaanxi\n* Harbin (哈尔滨) in Heilongjiang\n* Ji'an (集安) in Jilin\n* Jianshui County (建水) in Yunnan\n* Jilin City (吉林) in Jilin\n* Leizhou (雷州) in Guangdong\n* Leshan (乐山) in Sichuan\n* Liaocheng (聊城) in Shandong\n* Linhai (临海) in Zhejiang\n* Liuzhou (柳州) in Guangxi\n* Luzhou (泸州) in Sichuan\n* Meizhou (梅州) in Guangdong\n* Qi County (祁县) in Shanxi\n* Qingdao (青岛) in Shandong\n* Qiongshan District (琼山) in Haikou, Hainan\n* Quzhou (衢州) in Zhejiang\n* Suizhou (随州) in Hubei\n* Tianshui (天水) in Gansu\n* Tongren (同仁) in Qinghai\n* Weishan County (巍山) in Yunnan\n* Xianyang (咸阳) in Shaanxi\n* Xinjiang County (新绛) in Shanxi\n* Xun County (浚县) in Henan\n* Yueyang (岳阳) in Hunan\n* Zhaoqing (肇庆) in Guangdong\n* Zhengding (正定) in Hebei\n* Zhengzhou (郑州) in Henan\n* Zhongxiang (钟祥) in Hubei\n* Zibo (淄博) in Shandong\n* Zoucheng (邹城) in Shandong\n}}\nSupplementary list\n;45 cities\n{|table class=\"wikitable sortable\"\n! align=center colspan=5 | Supplementary List for 2001–present\n|- align=center\n!|Number||Name||Chinese||Province||Approval date\n|- align=left\n||1||Shanhaiguan, Qinhuangdao||秦皇岛山海关||Hebei||10-Aug-01\n|- align=left\n||2||Fenghuang||凤凰||Hunan||17-Dec-01\n|- align=left\n||3||Puyang||濮阳||Henan||1-Oct-01\n|- align=left\n||4||Anqing||安庆||Anhui||14-Apr-05\n|- align=left\n||5||Tai'an||泰安||Shandong||9-Mar-07\n|- align=left\n||6||Haikou||海口||Hainan||13-Mar-07\n|- align=left\n||7||Jinhua||金华||Zhejiang||18-Mar-07\n|- align=left\n||8||Jixi||绩溪||Anhui||18-Mar-07\n|- align=left\n||9||Turpan||吐鲁番||Xinjiang||27-Apr-07\n|- align=left\n||10||Tekes||特克斯||Xinjiang||6-May-07\n|- align=left\n||11||Wuxi||无锡||Jiangsu||15-Sep-07\n|- align=left\n||12||Nantong||南通||Jiangsu||2-Jan-09\n|- align=left\n||13||Beihai||北海||Guangxi||9-Nov-10\n|- align=left\n||14||Jiaxing||嘉兴||Zhejiang||27-Jan-11\n|- align=left\n||15||Yixing||宜兴||Jiangsu||27-Jan-11\n|- align=left\n||16||Zhongshan||中山||Guangdong||17-Mar-11\n|- align=left\n||17||Taiyuan||太原||Shanxi||17-Mar-11\n|- align=left\n||18||Penglai||蓬莱||Shandong||1-May-11\n|- align=left\n||19||Huili||会理||Sichuan||8-Nov-11\n|- align=left\n||20||Kuqa||库车||Xinjiang||15-Mar-12\n|- align=left\n||21||Yining||伊宁||Xinjiang||28-Jun-12\n|- align=left\n||22||Taizhou||泰州||Jiangsu||10-Feb-13\n|- align=left\n||23||Huize||会泽||Yunnan||18-May-13\n|- align=left\n||24||Yantai||烟台||Shandong||18-Nov-13\n|- align=left\n||25||Qingzhou||青州||Shandong||18-Nov-13\n|- align=left\n||26||Huzhou||湖州||Zhejiang||14-Jul-14\n|- align=left\n||27||Qiqihar||齐齐哈尔||Heilongjiang||6-Aug-14\n|- align=left\n||28||Changzhou||常州||Jiangsu||1-Aug-15\n|- align=left\n||29||Ruijin||瑞金||Jiangxi||11-Aug-15\n|- align=left\n||30||Huizhou||惠州||Guangdong||3-Oct-15\n|- align=left\n||31||Wenzhou||温州||Zhejiang||22-Apr-16\n|- align=left\n||32||Gaoyou||高邮||Jiangsu||28-Nov-16\n|- align=left\n||33||Yongzhou||永州||Hunan||16-December-16\n|- align=left\n||34||Longquan||龙泉||Zhejiang||16-July-17\n|- align=left\n||35||Changchun||长春||Jilin||15-October-17\n|- align=left\n||36||Yu County||蔚县||Hebei||2-May-18\n|- align=left\n||37||Liaoyang||辽阳||Liaoning||29-November-20\n|- align=left\n||38||Tonghai County||通海||Yunnan||3-March-21\n|- align=left\n||39||Yi County||黟县||Anhui||2-June-21\n|- align=left\n||40||Tongcheng||桐城||Anhui||7-November-21\n|- align=left\n||41||Fuzhou||抚州||Jiangxi||11-January-22\n|- align=left\n||42||Jiujiang||九江||Jiangxi||38-March-22\n|- align=left\n||43||Jianchuan County||劍川||Yunnan||5-March-23\n|- align=left\n||44||Putian||莆田||Fujian||30-September-23\n|- align=left\n||45|| Xinghua||興化||Jiangsu||12-December-24\n|}\nSee also\n* Guilin Scenic Area\nReferences"
    }
  ]
}