{
  "content": [
    {
      "type": "text",
      "text": "# Queen City\n\nQueen City  may refer to:\nMedia\n* Queen City News, WJZY (channel 46), television station serving the Charlotte, North Carolina area\nPlaces\n* Queen City, Iowa, a formerly inhabited place\n* Queen City, Missouri\n* Queen City, Texas\nPlace nicknames\nCanada\n* Vancouver, British Columbia\n* Toronto, Ontario\n* Montreal, Quebec\n* Regina, Saskatchewan\nNew Zealand\n* Auckland, New Zealand\nPhilippines\n* Manila or Queen City of the Pacific\n* Cebu City or Queen City of the South (de facto)\n*Iloilo City or Queen City of the South (de jure)\n*Naga or Queen City of Bicol\nUnited States\n* Gadsden, Alabama\n* Selma, Alabama or Queen City of the Blackbelt\n* Tuscaloosa, Alabama\n* Anchorage, Alaska\n* Camden, Arkansas or Queen City of the Ouachita River\n* Eureka, California or Queen City of the Ultimate West\n* Denver, Colorado or Queen City of the Plains\n* Gainesville, Georgia\n* Hazard, Kentucky or Queen City of the Mountains\n* Bangor, Maine or Queen City of the East\n* Cumberland, Maryland or Queen City of the Alleghenies\n* Marquette, Michigan or Queen City of the North\n* Traverse City, Michigan or Queen City of the North\n* Crookston, Minnesota, Queen City of the Northwest\n* Virginia, Minnesota\n* Greenville, Mississippi or Queen City of the Delta\n* Meridian, Mississippi\n* Sedalia, Missouri or Queen City of the Prairies\n* Springfield, Missouri or Queen City of the Ozarks\n* Helena, Montana or Queen City of the Rockies\n* Manchester, New Hampshire or Queen City of the Northeast\n* Beach Haven, New Jersey\n* Plainfield, New Jersey\n* Buffalo, New York or Queen City of the Great Lakes\n* Elmira, New York\n* New Rochelle, New York or Queen City of the Sound\n* Poughkeepsie, New York or Queen City of the Hudson\n* The New York City borough of Queens\n* Charlotte, North Carolina or Queen City of the South\n* Dickinson, North Dakota\n* Cincinnati, Ohio or the Queen City of the West\n* Ada, Oklahoma or Queen City of the Chickasaw Nation\n* Allentown, Pennsylvania\n* Olyphant, Pennsylvania\n* Titusville, Pennsylvania\n* Sioux Falls, South Dakota\n* Spearfish, South Dakota\n* Clarksville, Tennessee\n* Del Rio, Texas or Queen City of the Rio Grande\n*Mercedes, Texas or Queen City of the Rio Grande Valley\n* Burlington, Vermont\n* Staunton, Virginia or Queen City of the Shenandoah Valley\n* Virginia Beach, Virginia\n* Seattle, Washington\nSee also\n* List of city nicknames in Canada\n* List of city nicknames in the United States\n* Mother city (disambiguation)\n* Mother of Cities (disambiguation)\n* Name of Toronto"
    }
  ]
}