{
  "content": [
    {
      "type": "text",
      "text": "# Timeline of the liberation of France\n\nTimeline of the liberation of the primary cities of France between 1943 and 1945.\n{| class=\"wikitable sortable\"\n|-\n! scope=\"col\" style=\"width:7em\" |\n! City\n! Town\n! Dép. No.\n! Region\n! class=unsortable|Liberating army/units\n! class=unsortable|Notes\n|-\n| align=center | 1943-09-09 || Ajaccio || 2A ||  Corsica ||  || (Operation Vesuvius) Liberation of Corsica\n|-\n| align=center | 1943-09-10 || Sartène || 2A  || Corsica || || Liberation of Corsica\n|-\n| align=center | 1943-09-23 || Porto-Vecchio || 2A || Corsica || || Liberation of Corsica\n|-\n| align=center | 1943-10-04 || Bastia || 2B || Corsica || French, 73rd Moroccan Goumiers of the 6th Tabor ||\nLiberation of Corsica\n|-\n|align=center | 1944-06-06 || style=\"text-align:center;\" colspan=\"5\"| D-Day landings (Allied invasion of Europe as part of Operation Overlord)\n|-\n| align=center | 1944-06-06 || Normandy coast || 14 || Normandy || 21st Army Group || Normandy Landings (start of Operation Overlord)\n|-\n| align=center | 1944-06-06 || Ranville  || 14 || Normandy\n| 6th Airlanding Brigade\n| Capture of the Caen canal and Orne river bridges\n|-\n| style=\"text-align:center;\" rowspan=\"2\"| 1944-06-07 ||Bayeux || 14 || Normandy || ||\n|-\n|Guéret ||23|| rowspan=\"2\"| Nouvelle-Aquitaine || ||\n|-\n| align=center | 1944-06-08 ||Tulle || 19 || || Initial liberation by Francs-tireurs followed by same day by recapture by 2nd SS Panzer Division Das Reich and reprisals including 99 killed in Tulle massacre\n|-\n| align=center | 1944-06-12 || Carentan || 50 || Normandy || American: 101st Airborne Division|| Battle of Carentan (1944-06-06 to 13)\n|-\n| align=center | 1944-06-14 || Marèges Dam|| 1519|| Auvergne-Rhône-AlpesLimousin || Maquis du Limousin ||\n|-\n| align=center | 1944-07-01 || Cherbourg || 50 || Normandy || American || Battle of Cherbourg\n|-\n| align=center | 1944-07-18 || Saint-Lô || 50 || Normandy  || American XIX Corps  ||  Battle of Saint-Lô  (July 7–19)\n|-\n| align=center data-sort-value=\"1944-06-06\" | 1944-06-06 –1944-08-06 || Caen || 14 || Normandy || British, Canadian Second Army || Battle for Caen\n|-\n| align=center | 1944-07-28 || Coutances || 50 || Normandy || ||\n|-\n| align=center | 1944-07-30 || Granville || 50 || Normandy || ||\n|-\n| align=center | 1944-07-31 || Avranches || 50 || Normandy || ||\n|-\n| style=\"text-align:center;\" rowspan=\"2\"| 1944-08-04 || Rennes || 35 || Brittany ||  ||\n|-\n|Châteaubriant || 44 || Pays de la Loire || American  ||\n|-\n| align=center | 1944-08-05 || Ancenis || 44 || Pays de la Loire ||  ||\n|-\n| align=center data-sort-value=\"1944-08-04\" | 1944-08-04 to 6 || Vannes || 56 || Brittany||  ||\n|-\n| align=center | 1944-08-06 || Mayenne || 53 || Pays de la Loire ||  ||\n|-\n| style=\"text-align:center;\" rowspan=\"3\"| 1944-08-08 || Le Mans || 72 || Pays de la Loire || ||\n|-\n|Quimper || 29 || Brittany|| German departure ||\n|-\n|Vire || 14 || Normandy || American, 29th Infantry Division (United States)||\n|-\n| align=center | 1944-08-10 || Angers || 49 || Pays de la Loire || American ||\n|-\n| style=\"text-align:center;\" rowspan=\"3\"| 1944-08-12 || Alençon || 61 || Normandy || French, 2nd Armored Division (France) || Falaise Pocket\n|-\n|Nantes || 44 || Pays de la Loire || American: Patton ||\n|-\n|Privas || 07 || Auvergne-Rhône-Alpes ||  ||\n|-\n| style=\"text-align:center;\" | 1944-08-15\n| style=\"text-align:center;\" colspan=\"5\"| Operation Dragoon landings in southern France\n|-\n| align=center | 1944-08-15 || Brive-la-Gaillarde || 19 || Nouvelle-Aquitaine || Maquis du Limousin\n|\n|-\n| style=\"text-align:center;\" rowspan=\"2\"| 1944-08-16 || Orléans || 45 || Centre-Val de Loire || American: Patton  ||\n|-\n|Tulle ||19|| Nouvelle-Aquitaine || Maquis du Limousin  ||\n*\n*Tulle massacre\n|-\n|align=center | 1944-08-17 || Ussel|| 19 || Nouvelle-Aquitaine ||Maquis du Limousin || retaken same day by Jesser forces  •\n|-\n| align=center | 1944-08-17 || Saint-Malo || 35 || Brittany ||   Battle of Saint-Malo ||\n|-\n| align=center | 1944-08-17 || Tarbes ||6|| Occitanie ||  ||\n|-\n| align=center | 1944-08-17 || Cahors || 46 || Nouvelle Aquitaine|| ||\n|-\n| style=\"text-align:center;\" rowspan=\"4\"| 1944-08-18 || Chartres || 28 || Centre-Val de Loire || American: 3rd US Army: Patton  ||\n|-\n|Rambouillet || 78 || Île-de-France|| American 3rd US Army: Patton   ||\n|-\n|Blois || 41 || Centre-Val de Loire ||  ||\n|-\n|Perpignan || 66 || Occitanie ||  ||\n|-\n| style=\"text-align:center;\" rowspan=\"13\"| 1944-08-19 || Carcassonne || 11 || Occitanie || German departure||\n|-\n|Périgueux || 24 ||rowspan=2 | Nouvelle-Aquitaine || German departure || Bordeaux\n|-\n|Agen || 47 || German departure || Bordeaux\n|-\n|Montauban || 82 || rowspan=\"2\"|Occitanie || German departure ||\n|-\n|Lourdes || 65 || Occitanie ||\n|-\n|Toulouse || 31 || Occitanie || German departure ||  (Toulouse liberated): documentary on the liberation of Toulouse.\n|-\n|Foix || 09 || rowspan=\"2\"|Occitanie || Spanish maquis, commanded by Marcel Bigeard ||\n|-\n|Auch || 32 || Occitanie  ||\n|-\n|Mantes-la-Jolie || 78 || le-de-France|| American: Patton ||\n|-\n|Digne || 04 || Provence-Alpes-Côte d'Azur ||  ||\n|-\n|Annecy || 74 || Auvergne-Rhône-Alpes || La Résistance ||\n|-\n|Saint-Étienne || 42 || Auvergne-Rhône-Alpes || German departure ||\n|-\n|Le Puy-en-Velay || 43 || Auvergne-Rhône-Alpes ||  ||\n|-\n| style=\"text-align:center;\" rowspan=\"2\"| 1944-08-20 || Pau || 64 || Nouvelle-Aquitaine ||  ||\n|-\n|Albi || 81 || Occitanie ||  ||\n|-\n| style=\"text-align:center;\" rowspan=\"7\"| 1944-08-21 || Sens || 89 || Bourgogne-Franche-Comté || American: General Patton ||\n|-\n| CastresMazamet || 81 || Occitanie || Résistance du Tarn ||\n|-\n|Château-Landon || 77 || Île-de-France || American: Patton ||\n|-\n|Limoges || 87 || Nouvelle-Aquitaine || Maquis of colonel Georges Guingouin ||\n|-\n|Mende || 48 || Occitanie ||  ||\n|-\n|Roanne || 42 || Auvergne-Rhône-Alpes ||  ||\n|-\n|Ussel || 19 || Nouvelle-Aquitaine || Departure of the Jesser brigade; maquis du Limousin takes over||\n|-\n| style=\"text-align:center;\" rowspan=\"7\"| 1944-08-22 || Corrèze || 19 || Nouvelle-Aquitaine || maquis du Limousin ||\n|-\n|Millau || 12 || Occitanie || German departure||\n|-\n|Grenoble || 38 || Auvergne-Rhône-Alpes ||  || see Grenoble's Saint-Bartholomew\n|-\n|Gap || 05 || Provence-Alpes-Côte d'Azur || ||\n|-\n|Toulon || 83 || Provence-Alpes-Côte d'Azur || American: 7th Army VI Corps (United States) and French Army B||\n|-\n|Chambéry || 73 || Auvergne-Rhône-Alpes ||  ||\n|-\n|data-sort-value=\"Fontainebleau\" | Nemours, Fontainebleau, Fontaine-le-Port || 77 || Île-de-France || American ||\n|-\n| align=center | 1944-08-23 || Gap || 05 || Provence-Alpes-Côte d'Azur || Limousin maquis||\n*\n|-\n| align=center | 1944-08-23 to 28 || Marseille || 13 || Provence-Alpes-Côte d'Azur || French: Joseph de Goislard de Monsabert || Battle of Marseille\n|-\n| style=\"text-align:center;\" rowspan=\"4\"| 1944-08-24 || Cosne-Cours-sur-Loire || 58 || Bourgogne-Franche-Comté || German departure||\n|-\n|Dax || 40 || style=\"background:olive;\"|Nouvelle-Aquitaine ||  ||\n|-\n|Saint-Flour || 15 || Auvergne-Rhône-Alpes ||  ||\n|-\n|data-sort-value=\"Melun\" |  || 77 || Île-de-France|| American  ||\n|-\n| align=center | 1944-08-24 to 25 || Paris || 75 || Île-de-France|| French: 2nd DB, US 4th Infantry Division ||; German departure; see also Liberation of Paris\n|-\n| rowspan=\"5\" style=\"text-align:center;\"| 1944-08-25 ||data-sort-value=\"Saint-Cyr\" |  || 78 || Centre-Val-de-Loire || French: 2nd DB  || ||\n|-\n|Vernon || 27 || Normandy||  ||\n|-\n|Guéret || 23 || Nouvelle-Aquitaine ||Final liberation of Guéret by the Maquis du Limousin || , Maquis du Limousin\n|-\n|data-sort-value=\"Montereau\" |  || 77 || Île-de-France|| American   ||\n|-\n|Avignon || 84 || Provence-Alpes-Côte d'Azur ||  ||\n|-\n| align=center | 1944-08-25 to 26 || Troyes || 10 || Grand Est || American  ||\n|-\n| align=center | 1944-08-26 ||data-sort-value=\"Chaumes\" |  || 77 || Île-de-France|| American   ||\n|-\n| align=center | 1944-08-26 || Vichy || 03 || Auvergne-Rhône-Alpes || German departure ||\n|-\n| style=\"text-align:center;\" rowspan=\"2\"| 1944-08-27 || Clermont-Ferrand || 63 || Auvergne-Rhône-Alpes ||  ||\n|-\n|data-sort-value=\"Beton-Bazoches\" |  }}|| 77 || Île-de-France|| American: Patton  ||\n|-\n| style=\"text-align:center;\" rowspan=\"5\"| 1944-08-28 || Les Sables-d'Olonne || 85 || Pays de la Loire ||German departure||\n|-\n|data-sort-value=\"Épernay\" | || 51 ||Grand Est|| American  ||\n|-\n|Nice || 06 || Provence-Alpes-Côte d'Azur ||  ||  See also\n|-\n|data-sort-value=\"Annet-sur-Marne\" |  || 77 || Île-de-France|| American   ||\n|-\n| Bordeaux || 33 ||  rowspan=\"2\"|Nouvelle-Aquitaine ||German departure ||\n|-\n| align=center | 1944-08-29 || Niort || 79 ||  ||\n|-\n| align=center | 1944-08-30 || Rouen || 76 || Normandy|| Canadian||\n|-\n| align=center | 1944-08-30 || Beauvais || 60 || Hauts-de-France || British ||\n|-\n| align=center | 1944-08-30 || Laon || 02 || Hauts-de-France ||  ||\n|-\n| align=center | 1944-08-30 || Uzès || 30 ||  Occitanie ||  ||\n|-\n| align=center | 1944-08-21 to 30 || Montélimar || 26 || Auvergne-Rhône-Alpes ||  ||\n|-\n| align=center | 1944-08-30 || Reims || 51 || Grand Est ||  ||\n|-\n| align=center | 1944-08-30 || Saint-Dizier || 52 || Grand Est || American: general Patton ||\n|-\n| align=center | 1944-08-31 || Amiens || 80 || Hauts-de-France || British 2nd Army: general Dempsey ||\n|-\n| align=center | 1944-08-31 || Charleville-Mézières || 08 || Grand Est ||  ||\n|-\n| align=center | 1944-08-31 ||Verdun || 55 || Grand Est ||  ||\n|-\n| align=center | 1944-09-01 || Cézembre ||35|| Brittany ||   || Liberation of Saint-Malo\n|-\n| align=center | 1944-09-01 || Tours ||37|| Centre-Val-de-Loire || Maillé massacre ||\n|-\n| align=center | 1944-09-01 ||Angoulême || 16 || Nouvelle-Aquitaine ||  ||\n|-\n| align=center | 1944-09-01 ||Le Pouzin || 07 || Auvergne-Rhône-Alpes || ||\n|-\n| align=center | 1944-09-01 || Dieppe || 76 || Normandy || Canadian, Fusiliers Mont-Royal, Royal Regiment of Canada ||See also: Dieppe Raid (Operation Jubilee, 19 August 1942)\n|-\n| align=center | 1944-09-02 || Loches || 37 || Centre-Val de Loire ||  ||\n|-\n| align=center | 1944-09-02 || Valenciennes || 59 || Hauts-de-France || American ||\n|-\n| align=center | 1944-09-02 || Montpellier || 34 || Occitanie || French: général de Lattre ||\n|-\n| align=center | 1944-09-03  || Arras || 62 || Hauts-de-France || British Second Army ||\n|-\n| align=center | 1944-09-03 || Lille || 59 || Hauts-de-France || British Second Army ||\n|-\n| align=center | 1944-09-03 || Lyon || 69 || Auvergne-Rhône-Alpes ||  ||  see also 1st Army (France)\n|-\n| align=center | 1944-09-04 || Montreuil || 62 || Hauts-de-France || Canadian: General Crerar||\n|-\n| align=center | 1944-09-04 || Bourg-en-Bresse || 01 || Auvergne-Rhône-Alpes ||  ||\n|-\n| align=center | 1944-09-04 || Mâcon || 71 || Bourgogne-Franche-Comté ||  ||\n|-\n| align=center | 1944-09-04 || Vierzon || 18 || Centre-Val de Loire ||  ||\n|-\n| align=center | 1944-09-05 || Saint-Omer || 62 || Hauts-de-France ||Polish ||\n|-\n| align=center | 1944-09-05 || Poitiers || 86 || Nouvelle-Aquitaine ||  ||\n*\n*see also\n|-\n| align=center | 1944-09-05 || Chalon-sur-Saône || 71 || Bourgogne-Franche-Comté ||  ||\n|-\n| align=center | 1944-09-06 || Moulins || 03 || Auvergne-Rhône-Alpes ||  ||\n|-\n| align=center | 1944-09-07 ||Besançon || 25 || Bourgogne-Franche-Comté ||  ||\n|-\n| align=center | 1944-09-07 || Briançon || 05 || Provence-Alpes-Côte d'Azur ||  ||\n|-\n| align=center | 1944-09-09 || Dole || 39 || Bourgogne-Franche-Comté ||  ||\n|-\n| align=center | 1944-09-09 || Nevers || 58 || Bourgogne-Franche-Comté ||  ||\n|-\n| align=center | 1944-09-09 || Autun || 71 || Bourgogne-Franche-Comté ||  ||\n|-\n| align=center | 1944-09-10 || Issoudun || 36 || Centre-Val de Loire ||  à la sous-préfecture  ||; See also\n|-\n| align=center | 1944-09-11 || Dijon || 21 || Bourgogne-Franche-Comté ||  ||\n|-\n| align=center | 1944-09-12 || Le Havre || 76 || Normandy|| I Corps  || Operation Astonia\n|-\n| align=center | 1944-09-12 || Andelot-Blancheville || 52 || Grand Est ||American  ||\n|-\n| align=center | 1944-09-12 || Nod-sur-Seine || 21 || Bourgogne-Franche-Comté || Junction of the armored forces of the 2nd Armored Division (France)  of General Leclerc with that of the 1st Armored Division (France) under General de Lattre de Tassigny ||\n|-\n| align=center | 1944-09-12 || Vesoul || 70 || Bourgogne-Franche-Comté ||  ||\n|-\n| align=center | 1944-09-13 || Chaumont || 52 || Grand Est ||Germans evacuated in the night of September 12 to September 13. 2nd Armored Division (France) entered the town  ||\n|-\n| align=center | 1944-09-16 || Beaugency || 45 || Centre-Val de Loire ||  ||;  see also\n|-\n| align=center | 1944-08-08 –1944-09-18 || Brest || 29 || Bretagne ||  || Battle for Brest (7 August – 19 September 1944)\n|-\n| align=center | 1944-09-19 || Boulogne-sur-Mer || 62 || Hauts-de-France ||  ||\n|-\n| align=center | 1944-09-19 || Nancy || 54 || Grand Est ||  || Battle of Nancy (1944)\n|-\n| align=center | 1944-09-24 || Épinal || 88 ||Grand Est ||  || *\n*see also\n|-\n| align=center | 1944-09-30 || Calais || 62 || Hauts-de-France || First Canadian Army || Operation Undergo\n|-\n| align=center | 1944-11-20 || Belfort || 90 || Bourgogne-Franche-Comté ||  ||\n|-\n| align=center | 1944-11-21 || Mulhouse ||68 || Grand Est||Ire DB of general Jean Touzet du Vigier. ||\n|-\n| align=center | 1944-11-22 || Metz || 57 || Grand Est || US Third Army  || Battle of Metz\n|-\n| align=center | 1944-11-23 || Strasbourg || 67 || Grand Est || French, 2e DB || History of Strasbourg\n|-\n| align=center | 1944-11-27 || Villé || 67 || Grand Est || American || Villé\n|-\n| align=center | 1944-12-04 || data-sort-value=\"Carling\" |  || 57 || Grand Est || US Third Army || Carling, Guebenhouse\n*Loupershouse\n*\nPuttelange-aux-Lacs\n|-\n| align=center | 1944-12-06 || Sarreguemines || 57 || Grand Est || American ||\n|-\n| align=center | 1945-02-02 || Colmar || 68 || Grand Est || French and American\n|| Colmar Pocket\n|-\n| align=center | 1945-02-04 || Turckheim || 68 || Grand Est ||  || Colmar Pocket\n|-\n| align=center | 1945-03-14 || Forbach || 57 || Grand Est || French and American ||\n|-\n| style=\"text-align:center;\" rowspan=\"2\"| 1945-03-16 || Bitche || 57 || Grand Est || American ||\n|-\n| Haguenau || 67 || Grand Est || américaine ||\n|-\n| style=\"text-align:center;\" rowspan=\"2\"| 1945-03-19 || Wissembourg || 67\n|| Grand Est || American: General Alexander Patch ||\n|-\n| Lauterbourg || 67 || Grand Est || French ||\n|-\n| align=center | 1945-04-18 || Royan || 17 || Nouvelle-Aquitaine ||  ||\n|-\n| align=center | 1945-04-24 || Saorge || 06 || Provence-Alpes-Côte d'Azur ||  ||\n|-\n| align=center | 1945-04-30 || Oléron || 17 || Nouvelle-Aquitaine ||  ||\n|-\n|align=center | 1945-05-08 || style=\"text-align:center;\" colspan=\"5\"| End of World War II in Europe (Germany surrenders; Victory in Europe Day)\n|-\n| align=center | 1945-05-08 || La Rochelle || 17 || Nouvelle-Aquitaine || History of La Rochelle ||\n|-\n| align=center | 1945-05-09 || Dunkirk || 59 || Hauts-de-France ||  || isolated by Siege of Dunkirk (1944–45)\n|-\n| align=center | 1945-05-09 || Île de Ré || 17 || Nouvelle-Aquitaine ||  ||\n|-\n| align=center | 1945-05-10 ||data-sort-value=\"Belle-Île-en-Mer\"  |  }} || 56 || Bretagne ||  ||\n|-\n| align=center | 1945-05-11 ||data-sort-value=\"Bouvron\" |  || 44 || Pays de la Loire ||  || Bypassed and isolated as Saint-Nazaire pocket\n|}\nReferences\n; Notes\n; Footnotes\n}}"
    }
  ]
}