{
  "content": [
    {
      "type": "text",
      "text": "# Ward School\n\nWard School may refer to:\n;Argentina\n*Ward School (Villa Sarmiento, Argentina), a school in Villa Sarmiento within Buenos Aires\n;Canada\n*Mary Ward Catholic Secondary School, Scarborough, Toronto, Ontario, known also as \"Ward School\"\n;Lithuania\n*War School of Kaunas, a military school in Kaunas during 1919-1940\n;New Zealand\n*Ward School, New Zealand, in Ward, New Zealand\n;United States\n*Ward School (Ward, Colorado), NRHP-listed in Boulder County\n*Ward School (Hartsville, Tennessee), NRHP-listed in\nTrousdale County\nSee also\n*North Ward School (disambiguation), schools in Missouri and Ontario\n*South Ward School (disambiguation), schools in Florida, Iowa, Pennsylvania\n*East Ward School, also known as the Teresa Merrill School, St. Johns, Michigan, NRHP-listed\n*West Ward School (disambiguation), schools in Indiana and Massachusetts\n*First Ward School, Elkins, Randolph County, West Virginia, NRHP-listed\n*Second Ward School (disambiguation), schools in New Mexico and Wisconsin\n*Third Ward School, Sheboygan, Wisconsin, NRHP-listed\n*Fourth Ward School (disambiguation), schools in Nevada, New York, Texas, West Virginia\n*Fifth Ward School, Louisville, Kentucky, also known as \"Monsarrat School\""
    }
  ]
}